tree
version=v4
num_class=1
num_tree_per_iteration=1
label_index=0
max_feature_idx=73
objective=binary sigmoid:1
feature_names=is_handicap class_num dist_f going_ord field age wgt_lb or_ h_n_prior h_ae h_place_ae h_win_prior days_since h_last_finpct h_finpct3 h_finpct5 h_nonfinish5 or_last or_change dist_change class_change wgt_change hg_first rp_rpr_last rp_ts_last rp_rpr_avg3 rp_rpr_max3 rp_rpr_minus_or h_course_n h_course_ae h_dist_n h_dist_ae h_going_n h_going_ae h_surface_n h_surface_ae h_type_n h_type_ae j_n j_ae j_r14_n j_r14_ae j_r30_n j_r30_ae t_n t_ae t_r14_n t_r14_ae t_r30_n t_r30_ae tj_n tj_ae tj_r14_n tj_r14_ae tj_r30_n tj_r30_ae or_rel or_rank wgt_rel age_rel h_ae_rel h_ae_rank t_ae_rel j_ae_rel finpct3_rank rp_rpr_rel rp_rpr_rank draw_pct race_prize is_first_run is_jumps is_aw is_ire is_female
feature_infos=[0:1] [1:7] [5:34.5] [1.5:6] [2:40] [1:17] [105:179] [1:179] [0:175] [0.078070303033516031:5.2221612726275364] [0.074806957321049014:3.1802408747307047] [0:20] [1:2673] [0.026315789473684209:1] [0.038461538461538464:1] [0.038461538461538464:1] [0:1] [1:180] [-91:114] [-18.5:17.5] [-5:5] [-57:57] [0:1] [1:184] [1:174] [1:184] [1:184] [-136:111] [0:81] [0.09968211044144934:5.8758278145695364] [0:156] [0.056835633176908824:5.9326331039478442] [0:142] [0.070361429221900529:6.4434916014318864] [0:133] [0.04062079021763379:6.3095717962233726] [0:175] [0.045522922400825068:5.9883344134802332] [0:13617] [0.21329636412755321:3.0293866613458253] [0:101] [0.14817810043139079:4.5411223248876924] [0:205] [0.11308522394942828:4.8290300239809314] [0:14446] [0.077199922505868296:2.7805238438603972] [0:143] [0.11105966170051425:4.2999981355458186] [0:276] [0.11749033365584688:4.5497401864390774] [0:5459] [0.16251547119765355:3.3450215830605843] [0:58] [0.21641073119995:4.4447891331024962] [0:110] [0.16387713398738363:5.2102489417396542] [-88.799999999999997:38.07692307692308] [0.025000000000000001:1] [-27.333333333333343:24.166666666666671] [-4.75:10.642857142857142] [-1.8808031952253499:2.6787911799947399] [0.02564102564102564:1] [-1.3050159507403918:1.6818725174561684] [-1.1776106745600174:2.0528926517268609] [0.02564102564102564:1] [-110.3:89.92307692307692] [0.025000000000000001:1] [0.029411764705882353:2.5] [0:1598512.5] [0:1] [0:1] [0:1] [0:1] [0:1]
tree_sizes=7048 7060 7108 7069 7084 7074 7090 7085 7074 7099 7101 7098 7087 7069 7086 7091 7046 7107 7074 7100 7088 7078 7072 7103 7021 7078 7069 7077 7063 7095 7075 7112 7089 7041 7073 7090 7102 7067 7090 7077 7075 7083 7054 7018 7079 7063 6999 7061 7007 7067 7074 7060 7000 7024 7029 7050 7009 7040 7047 7046 7086 7057 7055 7042 7044 7090

Tree=0
num_leaves=63
num_cat=0
split_feature=27 13 27 18 27 26 27 18 18 18 13 27 12 13 27 10 27 18 61 25 7 67 55 36 38 29 13 67 66 10 27 62 66 20 66 56 58 67 26 12 11 27 35 18 1 18 56 48 64 63 60 58 14 52 63 27 59 6 65 49 13 26
split_gain=172.699 66.4964 60.4478 50.5064 48.4572 48.395 41.0438 32.231 28.503 23.7508 22.9966 17.989 17.3174 16.1839 15.9588 24.6644 16.8818 21.38 19.0263 16.4208 19.0572 15.4994 15.6582 15.2991 15.1434 14.3731 14.2288 14.9616 15.0731 14.102 13.8172 13.7134 13.3719 13.6777 13.3248 17.4031 15.5465 16.1664 14.0501 12.948 12.9472 12.7399 21.08 18.061 13.3155 12.5523 12.4325 12.0919 12.5975 11.9871 12.6541 11.8443 12.7959 11.6603 11.6018 11.514 11.4663 14.1933 13.7781 11.6843 11.4389 16.3627
threshold=10.500000000000002 0.267948717948718 5.5000000000000009 7.5000000000000009 7.5000000000000009 119.50000000000001 14.500000000000002 1.5000000000000002 3.5000000000000004 46.500000000000007 0.18898809523809526 7.5000000000000009 25.500000000000004 0.56385869565217395 -16.499999999999996 0.60618934836095406 3.5000000000000004 1.5000000000000002 0.71611721611721624 134.16666666666671 132.50000000000003 0.50862068965517249 1.6136111565841194 1.0000000180025095e-35 26.500000000000004 1.0308242265620364 0.16954022988505749 0.43875000000000003 0.21583850931677021 1.0795287892952927 11.500000000000002 0.20314911439356789 0.36451048951048953 3.5000000000000004 0.22111111111111112 4.5358974358974331 -4.9833333333333334 1.1846590909090911 78.500000000000014 47.500000000000007 1.5000000000000002 18.500000000000004 0.79541222200056516 21.500000000000004 5.5000000000000009 -1.4999999999999998 -2.2426470588235357 3.5000000000000004 0.70135135135135152 -0.23375376143975327 0.77998939250622701 6.1464285714285731 0.62503132832080222 12.500000000000002 -0.30843081880675061 8.5000000000000018 -0.59629629629629599 118.50000000000001 2.559027777777779 0.57657744372755337 0.84412955465587058 109.50000000000001
decision_type=10 8 8 8 10 10 8 8 8 8 8 10 10 8 10 2 10 10 2 10 10 8 2 2 2 2 10 8 10 2 10 2 10 8 10 10 2 10 10 10 2 10 2 10 8 8 8 2 10 2 2 2 8 2 2 8 2 2 10 2 8 10
left_child=1 2 12 5 14 26 -5 11 39 41 32 40 45 -11 15 23 -16 18 -18 20 -17 29 -23 -3 46 -21 30 28 -28 -14 -2 -12 33 -7 35 -26 49 47 -39 51 -4 42 -8 44 -43 -1 -9 -38 -49 54 -51 52 -6 -50 -36 -56 57 -20 -58 -60 61 -25
right_child=3 4 7 6 8 10 9 24 -10 13 31 -13 21 -15 16 19 17 -19 56 25 -22 22 -24 60 34 -27 27 -29 -30 -31 -32 -33 -34 -35 36 -37 37 38 -40 -41 -42 43 -44 -45 -46 -47 -48 48 53 50 -52 -53 -54 -55 55 -57 58 -59 59 -61 -62 -63
leaf_value=0.0016080712582982792 0.0018879448514376072 0.020178504662765842 0.0054158579230029705 -0.0049395337562903466 0.02160254138223236 0.026345179124911029 0.038304087493562594 0.011202707251324627 -0.0045992753021410065 -0.006027141322743612 0.041754806675402004 0.0085212572921194649 -0.0081857754739845488 0.020367580372668434 -0.00078584974974115482 0.00066155121203783154 0.00099993140212209139 -0.0047407845164227644 0.039977648041851971 0.024401238435351219 -0.009302168745271568 -0.0060583817604626354 0.0022341148250764591 0.0017088136139087418 0.0026870270994365131 -0.0054893023790031281 0.012772522238295106 0.0194635851754324 -0.018564378717450467 0.0064713597105948159 0.0096171176333850559 0.015281871141258731 -0.0018086046431623878 0.0055629574857957399 0.0030008938900123812 -0.0029675195603293086 0.0054137494875148972 -0.0033555557856110273 0.024812583224577321 0.00027348711493285587 -0.0025594032196353945 0.037403690795605085 0.0045469610011563419 0.0055386433122183443 0.012569714644222121 -0.0077060412268595366 -0.018811296975584448 -0.00472265307200374 0.0057581655019788205 -0.0013931682936529361 0.024408508819464408 0.0039404057561851806 -0.0039281460724515304 -0.012189727258401289 0.005880171498206189 0.03785113920075521 -0.0062388030205440823 0.0099073351154173699 -0.0065743655459067499 0.0089784802886368892 0.0085078366633587598 0.02894548167011974
leaf_weight=245.1419094724115 549.69512834551279 96.597959559061565 569.87702220142819 694.42507408000529 385.62324531225022 159.33065857877955 27.436536603374407 23.00844452297315 159.73922668013256 234.94022969377693 122.31204528664239 790.9451580127934 134.36161111469846 39.019108088687062 24164.566475018393 15211.699597591185 2423.1284808584023 651.56781555863563 22.235076582059264 78.857204916886985 308.47720819793176 1907.7670590514317 447.27487079252023 1522.4424939542077 2195.3204616494477 34.848780790576711 62.516046648146585 322.32302368688397 33.624196212622337 424.53410169947892 1145.9027994545177 52.379193319007754 55.684150779852644 77.908058581408113 113.05098886869382 1436.4216434238479 217.68864623666741 51.535056779626757 55.195401032455266 90.522691231570207 746.72066808643285 87.327026733430102 366.50606302078813 103.00006479152944 66.92668711906299 3727.4746945474762 128.13033716753125 4575.3947157202056 330.63402567210142 615.87730761175044 26.979211373254657 98.281961818924174 32.624446610338055 65.156913842190988 36.02422943408601 36.032303580082953 165.4207385283662 501.52195331500843 87.22774635720998 509.03954101284035 698.00612591725076 31.164763049571775
leaf_count=2213 4044 2728 4345 5677 3144 996 315 252 1718 2117 958 6008 1373 814 300712 237632 22294 6407 268 853 4328 17848 3259 31758 14105 362 616 2946 324 3821 7675 328 418 630 1434 9724 2135 355 367 1051 6280 603 2638 1250 539 31062 1109 35734 3406 5560 202 729 395 580 389 391 2125 4527 961 4896 23945 393
internal_value=7.85924e-05 -0.000420931 -0.00242593 0.00793775 0.000380864 0.0114067 0.00239009 -0.000712561 0.0103215 0.00788871 0.0230072 0.00377363 -0.00541232 -0.00197015 0.000215873 0.00114894 -0.000372437 0.00191703 0.00309157 0.000574087 0.000460581 -0.0030624 -0.00448206 0.00496686 -0.0016684 0.015395 0.00879248 0.0153879 0.00143678 0.00290637 0.00712432 0.0344633 0.0157114 0.0197761 -0.00146979 0.000449544 -0.00260754 -0.00340427 0.01167 0.0142533 0.000900044 0.0120198 0.00734861 0.0188964 0.0273618 -0.00712999 -0.0140297 -0.00372527 -0.00413051 0.00247812 -0.000130309 0.0166772 0.0195882 0.00268829 0.0113021 0.0232861 0.00701526 0.0115499 0.00384215 0.00666751 0.00427099 0.00234627
internal_weight=70375.4 66174.1 18900.5 4201.26 47273.6 2581.68 1619.58 12014 766.792 925.156 467.614 2107.54 6886.55 273.959 46506.8 17982.1 28524.7 4360.14 3708.57 15633.9 15520.2 2913.94 2355.04 2348.21 9906.45 113.706 2114.06 418.463 96.1402 558.896 1695.6 174.691 292.923 237.239 9755.31 3631.74 6123.57 5295.6 106.73 607.052 1316.6 651.196 393.943 257.254 154.254 3972.62 151.139 5188.87 4971.19 827.964 642.857 516.53 418.248 395.791 185.108 72.0565 1285.45 523.757 761.688 596.267 2251.61 1553.61
internal_count=836066 803178 151952 32888 651226 18935 13953 92376 7037 8276 3330 16633 59576 2931 644189 301999 342190 41478 35071 243175 241960 26301 21107 58824 75743 1215 15605 3886 940 5194 11719 1286 2044 1626 74382 23829 50553 42577 722 5319 10625 5345 2953 2392 1142 33275 1361 41855 39720 7976 5762 4268 3539 3986 2214 780 12777 4795 7982 5857 56096 32151
is_linear=0
shrinkage=0.04


Tree=1
num_leaves=63
num_cat=0
split_feature=27 13 27 27 18 18 26 27 18 27 13 27 18 20 68 1 68 38 17 32 42 18 27 53 64 18 27 35 18 15 49 73 38 49 27 45 67 26 49 58 58 67 15 13 5 38 17 13 65 53 40 39 61 9 48 8 50 44 15 56 56 16
split_gain=160.143 67.0355 60.2347 50.7015 38.6827 35.1148 39.6376 35.2373 32.752 31.9483 27.4889 21.7757 21.2565 19.4048 18.1818 18.912 15.6518 15.3961 19.8393 14.7469 15.7976 14.3206 14.1066 13.842 13.7244 13.3746 13.3425 13.0398 13.0227 12.8485 12.6547 12.626 14.3297 12.5499 12.4033 13.8831 18.2053 16.7557 15.6156 12.222 11.9201 11.7527 11.6824 11.5105 11.4328 11.2581 12.2044 11.3863 11.2131 11.0651 12.4807 11.8527 10.954 11.0589 10.9518 10.7306 11.4953 11.3802 10.7285 11.7878 10.6598 10.6432
threshold=10.500000000000002 0.267948717948718 5.5000000000000009 5.5000000000000009 2.5000000000000004 7.5000000000000009 119.50000000000001 14.500000000000002 21.500000000000004 18.500000000000004 0.16954022988505749 -7.4999999999999991 1.5000000000000002 1.0000000180025095e-35 6984.2650000000012 5.5000000000000009 42307.500000000007 37.500000000000007 79.500000000000014 7.5000000000000009 34.500000000000007 3.5000000000000004 7.5000000000000009 0.58024220251323844 0.39736842105263165 -1.4999999999999998 15.500000000000002 0.86665242417610677 -2.4999999999999996 0.50621961371961388 0.3651860071436363 1.0000000180025095e-35 449.50000000000006 1.1687071782947185 8.5000000000000018 0.89818342961042308 0.39009661835748799 76.500000000000014 1.3744308042450715 9.2158385093167769 0.85960591133004993 1.2264957264957268 0.67278166278166285 0.36939571150097467 5.5000000000000009 280.50000000000006 120.50000000000001 0.67261904761904778 22.878676470588236 0.69943208537796264 20.500000000000004 0.70009360356498729 0.29520697167755999 1.7041759274200861 13.500000000000002 7.5000000000000009 1210.5000000000002 2806.5000000000005 0.2332624042624043 7.1538461538461577 -1.0000000180025095e-35 1.0000000180025095e-35
decision_type=10 8 8 10 8 8 10 10 8 10 8 10 8 8 2 10 2 2 10 10 2 10 10 2 8 8 10 2 10 10 2 2 2 2 8 2 10 8 2 2 2 10 10 10 2 2 10 8 10 2 2 2 2 2 2 2 2 2 10 10 8 10
left_child=1 2 16 11 19 6 14 -7 9 27 26 42 22 -11 15 -2 25 18 -6 -4 61 29 24 -14 44 -1 -8 -9 -24 40 -19 49 -33 -29 -32 36 -36 -37 -38 45 58 48 -3 -26 -5 -30 47 -47 -39 50 55 -52 53 -44 -45 57 -57 -13 59 -18 -25 -21
right_child=5 3 4 12 17 7 10 8 -10 13 -12 31 23 -15 -16 -17 21 30 -20 20 -22 -23 28 60 43 -27 -28 33 39 -31 34 32 -34 -35 35 37 38 41 -40 -41 -42 -43 52 54 -46 46 -48 -49 -50 -51 51 -53 -54 -55 -56 56 -58 -59 -60 -61 -62 -63
leaf_value=0.00043043420292449925 0.021621055125985639 0.00062332981424922679 0.0051720265266831577 0.0070906097068506799 -0.021098051741609228 -0.0037198430150130737 0.0080481491663500753 0.031573746837748377 -0.00065888389678239745 0.042088834945787482 0.033027661581962291 0.021852371506811151 -0.02521579811369172 0.012952447082882788 0.0059815149074269333 0.0068576528739612329 0.015918811698852398 0.012501709330888238 0.007923887031399502 -0.0068866903893601882 0.0044119912822744691 -0.01163362491835467 -0.011740057242266635 0.0087165221447799736 0.0053685967549987898 -0.0065271910463449946 0.028172407506132573 -0.0034317547665048114 0.032805277939120844 -0.018955523529638328 -0.0042231276755240474 0.0050357606954009627 -0.00015319112631198448 0.011744845525655363 -0.00085015531399119124 -0.0059765063265550637 0.015666635520126447 -0.001621946335983514 -0.0039848979053221994 -0.0069442553720550169 0.011196801041751643 0.018412091439852708 0.009397384024559436 0.0029179791604087429 -0.0039184975665634229 0.014440833396829663 0.033655504923720179 -0.0082713420154838044 0.0042309062326523483 -0.0016964750801195764 -0.019572386333510237 -0.00042016376239681455 0.0020255102722031241 -0.0061780799587194245 0.021264977334251287 0.0015212066473679774 0.022791779441762895 -0.00115983946133811 -0.0054577382865158416 -0.0099577561988034718 -0.0022459908248236111 0.012869945701203039
leaf_weight=479.28061463870108 282.78277085791342 20889.68014407088 2074.3125625416869 326.70969563070685 133.16828016890213 690.27940524264704 225.83109982381575 29.748763452516869 391.51236857537879 84.428443907760084 183.87479516724125 104.87203120684717 27.647957774112001 72.521134098758921 1554.3290694181342 281.36073409137316 93.367829790222459 94.229467147146352 48.779875135980546 513.04943659924902 517.07487584801856 131.58219119056594 24.653370939078741 210.34238141926471 318.18454286339693 5596.946293437155 66.820534025318921 142.01367323240265 68.536439232062548 36.336551979533397 2524.0960438385373 1084.1897009848617 3901.2144572866382 213.47618433460593 539.52809301775414 1128.3725083082682 258.66138670453802 3382.5499248806154 83.411176935303956 30.88226273143664 227.57249406061601 47.055701641133055 605.3188252953114 71.751463103690185 272.53271872806363 247.8779154329095 43.281403397209942 37.718292207689956 614.61730066966265 13587.352400796604 51.516709590214305 609.64966878585983 3399.7103825716185 79.349240343435667 203.30457550438587 585.84904529235791 38.770531196147203 49.339094251394272 234.57366864464711 35.541108679026365 412.05520382907707 43.058538506738842
leaf_count=4453 1709 291726 16194 2474 1215 5694 1608 274 4373 539 1366 1014 254 594 12037 1813 876 894 418 4442 4255 1607 392 2454 3122 46649 401 1101 669 557 20397 14060 45265 1423 4954 7896 2362 24824 694 244 2246 288 13550 842 2503 1954 361 470 3214 150749 713 6121 97892 1499 1857 6606 428 489 2797 176 3554 374
internal_value=0.000193177 -0.000289192 -0.00230671 0.000514743 -0.000599083 0.0077442 0.0106278 0.00311793 0.00816594 0.0144861 0.0210149 0.000218533 0.00630679 0.0294414 0.00824738 0.0143829 -0.00530252 -0.0019529 -0.0133135 0.00320651 -0.00059892 0.000112878 0.00871987 0.000178751 0.006391 -0.00597848 0.0130391 0.00809403 0.0147144 0.00264896 -0.00170703 -0.000764454 0.000979179 0.00571848 -0.00187029 -0.000886684 0.0037395 -0.00167801 0.0108864 0.016355 0.00412502 -0.000472789 0.00100624 0.010679 0.00209272 0.0182294 0.014746 0.0113506 -0.000717831 -0.00134305 0.00198612 -0.00204817 0.00296147 0.00756057 0.0166165 0.00540213 0.003012 0.0146845 -0.000394401 0.00867904 0.00149879 -0.00525591
internal_weight=70338.4 66119.5 18837.2 47282.3 12002 4218.98 2595 1623.98 933.701 542.188 476.526 44986.8 2295.48 156.95 2118.47 564.144 6835.2 8854.47 181.948 3147.5 1073.18 758.974 1645.43 650.046 1192.48 6076.23 292.652 385.239 452.95 627.392 8672.52 20012.8 4985.4 355.49 8578.29 6054.2 881.601 5172.6 342.073 428.296 591.055 4044.22 24974.1 593.241 599.242 397.414 328.878 285.596 3997.17 15027.3 1440 661.166 4084.38 684.668 275.056 778.831 624.62 154.211 363.483 128.909 622.398 556.108
internal_count=835976 803044 151782 651262 92421 32932 18934 13998 8304 3931 3375 630112 21150 1133 15559 3522 59361 67156 1633 25265 9071 8259 14888 6262 10798 51102 2009 2798 4090 6652 65523 225445 59325 2524 64629 44232 8010 36222 3056 3698 6095 28326 404667 5821 4977 3454 2785 2424 28038 166120 15371 6834 112941 15049 2699 8537 7034 1503 3849 1052 6008 4816
is_linear=0
shrinkage=0.04


Tree=2
num_leaves=63
num_cat=0
split_feature=66 13 57 57 66 57 65 64 57 65 23 31 15 33 62 53 39 17 41 52 67 2 24 55 13 31 63 14 17 35 33 11 14 9 9 59 14 14 2 23 41 35 7 53 68 14 10 68 14 14 14 16 62 51 67 63 68 12 65 40 15 55
split_gain=35.6289 52.4051 32.3569 25.9351 22.7225 23.4727 16.9275 16.8283 17.2374 16.1949 15.2433 14.7913 13.2835 12.1762 11.7719 12.1953 11.973 11.5714 11.5693 11.6207 16.7534 11.1952 11.2921 17.6513 11.1517 11.8291 15.3511 11.1453 15.2783 13.044 12.0741 11.1085 10.7952 10.7312 21.0445 13.3264 22.1409 10.7132 10.6569 15.5276 16.3412 12.7014 17.1245 16.2822 11.7402 10.5306 11.1886 10.2688 10.2188 10.1665 11.5401 11.7202 10.1321 10.1196 10.0705 11.3668 10.8886 10.0238 9.88437 10.1234 9.87913 9.8303
threshold=0.20185185185185187 0.28801843317972359 0.19337606837606841 0.4777667984189724 0.39379699248120309 0.7193750000000001 -21.289915966386555 0.267948717948718 0.50625000000000009 32.105555555555561 126.50000000000001 3.4893134664878613 0.60600413475413484 2.4412337063979339 -0.48694022008422749 0.79647954144962341 1.2074686052120061 121.50000000000001 2.2888782510795997 9.5000000000000018 1.0678160919540232 26.750000000000004 24.500000000000004 1.6692843527672467 0.267948717948718 1.5575277353206649 -0.048132425644461289 0.59417937135328447 55.500000000000007 0.54591513082078802 0.54312145687882907 3.5000000000000004 0.2891965877259996 0.69632797907076416 0.82092941735101965 0.11111111111111095 0.40279304029304047 0.48811366651923943 21.750000000000004 75.500000000000014 0.58804591886122493 1.2912565349885201 112.50000000000001 0.84968908308435032 44388.250000000007 0.25489298283415934 1.2575381273001214 9550.4100000000017 0.5412522662522663 0.50366973712561969 0.58184476342371094 1.0000000180025095e-35 -0.033789016070175086 2.2840806545017354 0.39009661835748799 -0.1039095029230379 78003.705000000016 56.500000000000007 6.6754385964912339 22.500000000000004 0.59524189261031379 0.54747569597927626
decision_type=8 8 8 8 10 10 10 10 10 10 10 2 10 10 2 2 2 10 2 2 10 2 10 2 8 2 2 10 8 2 10 2 8 2 2 2 10 10 2 10 2 2 10 2 2 10 2 2 10 10 8 10 2 2 10 2 2 10 10 2 10 2
left_child=2 3 9 54 5 -5 -6 37 38 61 48 12 21 -7 15 -3 -17 -12 19 20 -16 22 23 31 25 -14 -27 28 -21 57 47 -8 58 -24 35 -35 -37 -4 39 -9 -41 42 44 -43 49 -40 -47 -30 -10 -42 51 -51 -15 -34 -2 56 -56 -29 59 -32 -45 -1
right_child=1 14 7 4 6 13 11 8 10 -11 17 -13 24 52 18 16 -18 -19 -20 27 -22 -23 33 -25 -26 26 -28 29 30 -31 32 -33 53 34 -36 36 -38 -39 45 40 41 43 -44 60 -46 46 -48 -49 -50 50 -52 -53 -54 -55 55 -57 -58 -59 -60 -61 -62 -63
leaf_value=0.0076529310624800827 -0.0067260584889994148 0.010585888794294765 0.0017874412128600272 -0.00085671057509515542 0.018957906272804831 0.0045683704640055271 0.0077119073857552598 0.00020270315331506118 0.010663704532900968 0.0080411397807928289 0.045693100789521539 0.012616879133006331 -0.003698630887894583 0.0025683029420920044 0.00068357417018980577 -0.0098329687442457962 0.0046908424700021385 0.014366821048920403 -0.0046227558332704024 0.01560890310920608 0.0052417529047929035 -0.020351204069015524 -0.0080861806317075076 -0.013671931815715761 0.017538987947305143 -0.0057103523184673759 0.029940693793268414 0.00031934690402658924 -0.016256334848896138 -0.0058451969434182164 -0.013236887276849256 -0.013421064913534494 0.00052878724342952411 0.00072617588118592991 -0.0040027040151643352 0.027183379419592965 -0.006884823352216839 -0.008272225510482914 -0.020264467508057146 0.014312874106385865 0.011442829093539898 -0.0084497223961877976 -0.0052470940229101407 0.0050433630929355771 0.028313327978607923 -0.006553072950066241 0.0062946954014697241 -0.00044383804166037123 0.0014482673365342079 -0.008219026439673623 0.0095807075751079811 0.01948229732147224 0.030805035890777811 0.015201979701931856 -0.010061115820462414 -0.00090878175755427473 0.01422975519928883 0.020671469443985031 -0.01358637975440226 0.0054929241436605936 -0.01018689557697495 -0.0018316177121987377
leaf_weight=177.13322746986523 2394.3611770642456 66.934441222110763 5000.4028913336806 3190.0996877094731 52.197704556048848 1088.340430156095 390.69660232821479 1077.9426269308897 591.09760423772968 301.11082474328578 24.763793699559756 92.105508576147258 235.54116398387123 34.062218445120379 31076.918838171754 449.69037412764737 110.26337565516587 74.609621740179136 690.64256374060642 92.431972419843078 1341.2163351797499 57.904040220193565 823.6203282646602 86.868430583388545 73.804031954845414 32.237583451904356 38.6361056601163 205.69864407950081 132.52618030132726 1198.0960745918564 62.450560930534266 39.681933475425467 3337.4970584200928 380.43877606489696 4780.4754949129419 82.614433291018941 44.228052529157139 170.42766175139695 41.231729493010789 319.99989759956952 634.19272082287353 202.56536312610842 143.40608600713313 892.39679544360843 45.575544008752331 212.81471801851876 211.00756475143135 126.38827811414376 286.96419908117969 157.14210293267388 203.99162115738727 23.924465769086964 49.323776829056442 71.951689083129168 401.92632488999516 1339.5822078691563 27.517473692307249 42.745341698406264 160.86233000736684 141.38459743699059 69.125516595318913 4439.5168768445728
leaf_count=1534 19320 2119 33315 24039 820 9083 4131 8943 4999 2261 178 757 2707 295 471431 18612 2471 675 6957 1029 20396 659 8055 745 925 381 346 2997 1185 17248 580 477 32770 3482 44468 842 516 1183 278 2819 4637 1504 1076 6371 465 1908 1644 1401 3388 1326 2129 237 336 468 3721 10210 342 530 1163 1294 663 35210
internal_value=9.46541e-05 -0.000380003 0.00180172 -0.00233027 -0.00135515 0.00092316 -0.00273294 0.00306712 0.00467009 -0.000870512 0.00944916 -0.00290422 -0.00311529 0.00575202 0.000400953 -0.00501479 -0.00695681 0.0239883 0.000489361 0.000582893 0.000872936 -0.00352937 -0.0033672 0.00228987 0.00411798 0.000655661 0.0144168 -0.00110385 -4.31225e-05 -0.00411844 -0.000420728 0.00563164 0.00015746 -0.00384747 -0.00318024 0.00453389 0.0154937 0.00144821 0.00355733 0.00426161 0.00588332 0.00471855 0.00758353 0.00172521 0.00932795 -0.00213702 -0.000157767 -0.00869216 0.00767721 0.00834495 0.00316146 -0.00413366 0.0200684 0.000860252 -0.0050359 -0.00273578 -0.00835877 0.00415971 -0.00633552 -0.000425005 0.0039014 -0.00145983
internal_weight=70345.3 55044 15301.3 15736.3 11572.9 4361.83 7211.05 10383.6 5212.75 4917.76 977.435 7158.85 7066.75 1171.73 39307.7 626.888 559.954 99.3734 38680.8 37990.2 32418.1 6686.53 6628.62 517.247 380.219 306.415 70.8737 5572.03 4125.49 1446.54 4033.06 430.379 3774.15 6111.38 5287.76 507.281 126.842 5170.83 4235.32 3770.26 2692.32 2372.32 1208.23 1164.09 1064.83 465.054 423.822 258.914 878.062 1019.25 385.058 181.067 83.386 3409.45 4163.39 1769.03 429.444 248.444 364.697 203.835 961.522 4616.65
internal_count=836051 719308 116743 136657 103064 33753 69311 77738 43240 39005 9240 68491 67734 9714 582651 23202 21083 853 559449 552492 491827 63375 62716 5353 4359 3434 727 60665 39890 20775 38861 4608 36275 57363 49308 4840 1358 34498 34000 30170 21227 18408 9870 8538 8794 3830 3552 2586 8387 8329 3692 1563 631 33238 33593 14273 4063 3527 3037 1874 7034 36744
is_linear=0
shrinkage=0.04


Tree=3
num_leaves=63
num_cat=0
split_feature=27 18 27 13 18 27 18 7 18 27 27 46 27 64 27 38 15 33 27 0 7 27 68 5 66 68 1 1 15 6 27 18 42 62 60 65 7 20 47 13 56 33 39 65 45 43 35 37 51 55 42 68 68 15 29 13 9 60 51 25 27 58
split_gain=160.371 46.7158 91.3749 41.5606 28.4335 36.4656 26.9966 26.633 25.009 30.7409 18.342 18.66 17.5821 19.3711 18.9369 17.2997 17.2245 17.2127 17.0594 20.2234 16.6478 25.4186 14.4438 14.3575 14.0227 13.8064 23.099 13.3093 14.7761 13.1371 13.1272 17.3246 13.1215 12.7796 13.5832 14.1166 12.7613 12.665 12.6647 12.548 12.1659 13.7163 13.2617 15.3265 12.6893 12.1232 11.8855 17.0726 13.4868 11.8593 16.9204 13.0109 11.5484 11.5213 16.7608 11.4893 12.0535 12.308 11.408 12.4839 11.3451 11.6136
threshold=10.500000000000002 2.5000000000000004 6.5000000000000009 0.35147058823529415 6.5000000000000009 14.500000000000002 -1.0000000180025095e-35 104.50000000000001 16.500000000000004 20.500000000000004 8.5000000000000018 12.500000000000002 4.5000000000000009 0.36939571150097467 -7.4999999999999991 155.50000000000003 0.5582100453153086 0.65117338077688836 3.5000000000000004 1.0000000180025095e-35 55.500000000000007 7.5000000000000009 4723.2800000000016 2.5000000000000004 0.62284482758620696 6984.2650000000012 5.5000000000000009 5.5000000000000009 0.61779761904761921 136.50000000000003 12.500000000000002 3.5000000000000004 67.500000000000014 0.24060423357978913 0.52468596438443205 10.071428571428578 54.500000000000007 3.5000000000000004 1.2735055479262376 0.15192307692307697 4.4037037037037061 0.39350792730739964 1.2417780369535765 26.166666666666671 0.67245862898092057 0.63004503337218798 0.2983814076877464 0.27172925403895026 0.87096818049320601 1.4117693149135964 89.500000000000014 9858.1900000000023 78003.705000000016 0.7037138787138788 2.5385777790302018 0.14039408866995076 1.3637154054960001 0.31143743782198735 0.73844966516418664 100.58333333333336 16.500000000000004 7.0192307692307745
decision_type=10 10 10 8 8 8 10 10 8 10 10 2 10 10 10 2 8 10 10 2 10 10 2 2 8 2 10 8 10 2 10 10 2 2 2 10 10 8 2 8 8 10 2 10 2 2 2 2 2 2 2 2 2 10 2 10 2 2 2 10 10 2
left_child=1 2 3 6 7 -6 24 25 9 15 11 -3 14 -14 40 -7 46 -17 19 -8 22 55 -4 -20 -1 26 -2 -23 -29 52 31 -9 -18 -12 -35 -36 -15 -11 -32 -24 41 44 -42 -44 -5 -41 -16 48 -48 50 51 -38 -21 -43 -55 -22 57 -57 59 -31 61 -19
right_child=4 10 20 12 5 8 18 30 -10 37 33 -13 13 36 16 17 32 60 23 29 21 27 39 -25 -26 -27 -28 28 -30 58 38 -33 -34 34 35 -37 49 -39 -40 45 42 53 43 -45 -46 -47 47 -49 -50 -51 -52 -53 -54 54 -56 56 -58 -59 -60 -61 -62 -63
leaf_value=0.00021912581354670548 0.024839880790978264 -0.0021692095218080296 0.027285673135504895 0.0063724575347716694 -0.00087895045965123405 -0.0095804829851358561 3.7187584486902198e-05 0.026768657416749879 0.0020624769850395904 0.048035743535771579 0.001557440767649318 -0.0067039590803402906 -0.0010793058428915114 -0.0092960179529125563 -0.0073750393359961501 -0.0074578765106679927 -0.0017749687566398489 0.013791769251356554 0.021542684422184131 -0.0048050921398824272 -0.0058218916391245415 0.013728548388466657 -0.011687717603466458 -0.0019558429783222172 -0.004141989524334597 0.0064772684935994656 0.0066584241800584096 0.0042775053867240564 0.031426802294182446 -0.0056913208837216902 0.036790248227955222 0.0041754366104091055 -0.006915780059249586 -0.010437234237242427 -0.013037979135129399 0.013368587218234322 0.017826441499443926 0.014559828300247362 0.013686298950981866 0.01645373910581072 -0.00091010051493332943 0.001595998452329626 0.0015553719890373679 0.017119855154096589 -0.0082129621698364148 -0.0015364710045430352 0.035554262642159266 8.9353623070121183e-05 0.0063898903901055248 0.022640891735084687 -0.013576511367485151 0.0038381045463995469 0.019405210215024945 0.0055737142255942954 -0.023846137081689936 0.0063578029973414508 -0.0016151233373626586 0.028221875123221943 -0.010325393102140368 0.020588027247503398 0.022581456517523638 -0.0076625199669309672
leaf_weight=7369.8610885927919 196.840575089911 2969.2669552034931 23.97062564175576 123.42720618541352 1056.5461368917022 56.004336900427006 874.66529409668874 86.86469842272345 432.31058897357434 51.937704126350582 1677.0926497646142 2849.3944708573399 437.49492619012017 47.952031805180013 330.01614959840663 54.640651251655072 3474.291906904662 196.62151314679068 37.106954797171056 1768.373002900742 181.55742234189529 1022.2265592446784 139.74155475501902 3656.9681884481106 1399.3681810905691 1232.5186449890025 262.34061719931196 529.34393297485076 29.394390872213989 96.528652883134782 108.05820919410326 138.40051105571911 1027.2244960498065 318.32700520614162 44.311350738629699 90.620691046118736 213.4922367130639 35.237029784591869 70.473785902839154 71.038705137441866 7715.8616016730666 8776.7679569513421 3641.3697786974953 99.202908484265208 373.99637436040211 279.73662254679948 30.973660698859021 9408.9358947786968 96.618253212654963 117.3276134141488 45.978330802870914 214.16995500377379 27.263934076298028 1805.428173967055 26.6771548865363 714.38325972610619 314.21256718318909 39.38755323830992 1518.9041353852954 35.491852831095457 207.77504978142679 47.014198715798557
leaf_count=56235 1244 33580 173 3697 8202 398 6408 657 4733 296 13910 25679 3981 722 3865 417 51117 1387 250 16782 1738 7834 1067 31083 16276 9760 1684 4542 325 1055 791 998 12257 2091 285 537 2046 272 445 723 140323 139725 35317 576 6895 2425 412 100178 1057 962 438 2458 491 50020 490 5818 2606 281 13549 356 1355 286
internal_value=0.000126876 -0.000356854 3.65018e-05 -0.000355564 0.00766936 0.00440835 -0.00201301 0.0109782 0.00955373 0.0144881 -0.00323196 -0.00439372 0.000376557 0.00540385 0.000229316 0.010859 -0.000905549 0.0131927 -0.00369022 -0.00539535 0.00644957 0.0076507 -0.000168597 -0.001691 -0.000478772 0.00872842 0.014636 0.0110147 0.00597186 -0.00677207 0.0201818 0.0132797 -0.00295445 -5.59565e-05 -0.00597751 0.00454073 0.00981704 0.0360282 0.0282915 -0.00177202 0.000952044 0.00189508 3.73985e-05 0.00199046 -0.00456644 0.00228692 3.02646e-05 0.000290259 0.0145435 0.0114329 0.00844899 0.0109465 -0.00438463 0.00220006 0.0050816 0.00336754 0.00494959 0.00767873 -0.0093477 0.00186698 0.0157466 0.00958091
internal_weight=70319.3 66085.7 58136.7 54791.7 4233.58 2138.09 16784.5 2095.5 1081.54 649.23 7949.01 5818.66 38007.2 1076.42 36930.8 562.056 14368.1 506.051 8015.3 4321.23 3344.99 2830.51 514.488 3694.08 8769.23 1691.7 459.181 1580.96 558.738 3446.56 403.797 225.265 4501.52 2130.35 453.259 134.932 638.92 87.1747 178.532 490.517 22562.7 11106.3 11456.4 3740.57 497.424 350.775 9866.54 9536.53 127.592 590.968 473.641 427.662 1795.64 10608.9 1832.11 1249.54 1067.98 753.771 1650.92 132.021 451.411 243.636
internal_count=835560 802635 726553 699021 32925 17346 142485 15579 9144 4411 76082 59259 556536 10607 545929 3843 168886 3445 69974 38641 27532 23144 4388 31333 72511 12688 2928 12701 4867 32233 2891 1655 63374 16823 2913 822 6626 568 1236 4215 377043 200827 176216 35893 10592 3148 105512 101647 1469 5904 4942 4504 17273 190235 50510 10443 8705 6099 14960 1411 3028 1673
is_linear=0
shrinkage=0.04


Tree=4
num_leaves=63
num_cat=0
split_feature=66 57 58 14 56 32 18 12 14 48 65 5 58 31 56 48 53 56 14 65 44 4 66 33 43 14 47 18 31 32 10 48 35 52 59 53 12 55 58 18 35 50 35 47 12 63 44 44 29 21 66 63 23 18 35 47 62 18 45 0 29 39
split_gain=38.4551 35.1423 30.9599 22.7603 16.656 18.1378 15.8162 14.3101 13.487 13.225 14.765 13.1764 13.1081 13.0459 12.9398 14.0499 12.3899 12.3843 12.2404 13.9833 19.5698 12.6874 12.8758 12.173 12.0688 11.8201 11.6076 13.5215 15.5505 12.5897 12.4473 11.6037 15.7712 12.207 11.5752 11.3511 11.1275 10.9669 10.9255 10.9156 10.7483 15.513 14.1338 12.47 14.1848 21.2879 10.759 10.7309 10.7337 10.9315 11.8213 10.657 10.8941 10.4978 11.6932 11.6904 10.4977 10.3 12.5276 10.9277 10.8785 10.6821
threshold=0.20185185185185187 0.19337606837606841 1.1455026455026458 0.60848954966602042 1.6899038461538398 11.500000000000002 -1.4999999999999998 158.50000000000003 0.31982091982091992 1.5000000000000002 23.360389610389614 6.5000000000000009 -3.8666666666666667 3.6581395246774728 2.0185185185185195 68.500000000000014 1.6364484437815159 -11.97916666666667 0.87180412180412203 1.1818181818181837 60.500000000000007 10.500000000000002 0.63714733542319768 0.48724490837908646 1.500208373239911 0.25873570873570884 1.0000071824632977 1.0000000180025095e-35 1.8200455232873385 9.5000000000000018 1.2268474702885588 24.500000000000004 0.38786103577336944 12.500000000000002 -2.6666666666666661 0.54418070498649729 428.50000000000006 1.4465780385439098 -14.095454545454542 9.5000000000000018 1.0836294196260747 6.5000000000000009 1.1743014534658169 0.75562440711939594 210.50000000000003 -0.18707175899741865 670.50000000000011 2609.5000000000005 0.91701853467499295 11.500000000000002 0.62284482758620696 -0.35041549845051734 102.50000000000001 1.0000000180025095e-35 0.85715377944379278 1.3182258683053789 0.72093035016568907 -1.0000000180025095e-35 1.2696422337585427 1.0000000180025095e-35 1.0000166505711148 1.3481367189855669
decision_type=8 8 2 10 8 8 10 8 10 2 10 2 2 2 8 2 2 8 10 10 2 2 8 10 2 8 2 10 2 10 2 2 2 2 2 2 10 2 2 8 2 2 2 2 8 2 2 2 2 10 10 2 10 10 2 2 2 8 2 2 2 2
left_child=1 9 7 26 5 6 56 8 13 -1 11 -11 -8 23 15 47 40 31 19 20 21 -19 -23 -2 -20 -18 27 -4 -29 35 -31 -10 -33 38 -25 -28 51 -17 -34 -12 41 43 -42 46 45 -45 -9 48 49 -5 -51 52 -6 54 55 -40 -3 58 59 -22 61 -61
right_child=2 4 3 14 36 -7 12 16 17 10 39 -13 -14 -15 -16 37 25 18 24 -21 57 22 -24 34 -26 -27 29 28 -30 30 -32 32 33 -35 -36 -37 -38 -39 53 -41 42 -43 -44 44 -46 -47 -48 -49 -50 50 -52 -53 -54 -55 -56 -57 -58 -59 -60 60 -62 -63
leaf_value=-0.016246389951000979 0.005080863232241023 0.00029088891629638225 -0.00057661134533218146 0.0066340273327618413 0.0018342524388025466 -0.0028310328540477568 0.018102090591199885 0.0088457163059122556 0.0022946088335002346 -0.00076527608849042978 0.0021515185696795625 -0.0065501228130133825 0.0075770711713160346 0.013137038147639741 -0.0005612697944360382 -0.010822176022649716 0.011806806316746479 0.00170886368931635 0.0039595548155004221 0.0011193057046863456 0.007687363285878576 0.042438243117711369 0.011070526691969141 -0.015988135784308095 0.022695437142900739 -0.0044954954035674134 -0.017549120425991417 -0.0067748065005755163 0.0015427259806714336 0.0052837428611834025 -0.0038372390436448027 -0.0087720988291759977 0.0076644481335343675 -0.011118458868699006 -0.0020995584177028611 -0.0037525276387266699 -0.015696701372386501 0.010837652934494974 0.04395029512739048 0.017571681609697937 -0.019174435954490823 0.0026434490929109246 0.0005547943252284369 -0.009278877978460217 0.0090581599497143468 0.0356391923516855 -0.011655692154017756 0.014223198496710505 0.00062191985066909004 0.0017705642869888295 0.044741662306355491 0.0018988490533831017 0.017802292358019636 0.051647061891163026 0.0004585993133912309 -0.0049889514242921909 0.023892240229907605 -0.0026569740932857466 0.0053246000414334509 0.00043742633798282585 -0.005461914212884663 -0.0083044726138113544
leaf_weight=85.530545557150617 372.59806707291864 594.17892824695446 7135.9337365480606 327.53517958009616 137.02376443252433 343.42099534824956 216.26875711651519 82.643494615564123 539.97374926961493 2944.8156205634587 1010.6371119937394 797.04278060176875 1501.6037827820983 88.709165315143764 3735.745213899645 152.61544770048931 75.356311485404149 153.5454433405539 394.1940961695509 9555.2700320794247 223.9695409887936 24.435901766526513 94.173508198116906 92.678953296155669 59.63854348869063 627.22329688782338 92.006608809810132 1288.6895853200695 495.88865751773119 497.79030435450841 452.16271165013313 38.562470507575199 57.758075819700025 16.768222140963189 6149.1704193087062 7818.3056831441354 51.133679385297 44.636518963379785 28.944008386693895 74.437756147235632 57.329624960082583 2528.4803780952352 852.38465045078192 19.334219131735153 473.2234608308645 72.019907177775167 71.909252772806212 190.96966912818607 603.97611723211594 17.278748733457178 21.783563824836165 7397.1387671274133 134.01598748425022 24.44750414439477 29.714449717546813 8.9145823135040683 26.773505436256528 4736.7143837877666 606.17188261961564 2892.2393219367368 796.15772109176032 237.35991877352353
leaf_count=890 3749 6128 82772 6593 1389 3417 1669 2392 12180 22230 7662 7659 11085 670 61797 2370 571 2970 18445 102411 3803 632 3503 657 1735 6091 851 12212 4152 5001 4401 634 914 265 56032 67572 650 579 689 546 1011 41293 11647 611 11967 1507 1730 2903 10734 255 561 51877 1230 376 680 172 166 85955 8137 56998 12086 3246
internal_value=-8.30746e-05 0.00168922 -0.000577038 -0.0017012 0.00300559 0.00571891 0.0069777 0.000224658 -0.000132421 -0.00109827 -0.000813315 -0.00200459 0.00895079 -0.00168946 0.000655455 0.0039904 0.00222287 0.000376522 0.000185104 3.17472e-05 -0.00103251 0.00944614 0.0189881 -0.00189808 0.00664214 -0.00267589 -0.00237642 -0.00135671 -0.00446572 -0.00340172 0.000944939 0.00542149 0.0134029 0.0186433 -0.00231841 -0.00392398 0.0020597 -0.00577398 0.0222268 0.00328511 0.00305297 0.00412804 -0.000786544 0.00929363 0.0120281 0.0261445 -0.000759379 0.00566621 0.00391828 0.00926765 0.0280917 0.00218825 0.00990912 0.030501 0.0198193 0.0331889 0.00149122 -0.00133775 -2.24284e-05 -0.000808964 -0.00130285 -0.000237779
internal_weight=70271.4 15314 54957.3 22875.3 10401.6 2682.25 2338.82 32082 27222.1 4912.46 4826.93 3741.86 1717.87 6703.16 5094.54 1358.8 4859.9 20519 19773.9 19320 9764.77 272.155 118.609 6614.45 453.833 702.58 17780.8 8920.51 1784.58 8860.27 949.953 745.083 205.109 166.547 6241.85 7910.31 7719.31 197.252 149.779 1085.07 4157.32 3247.61 909.714 719.13 564.578 91.3541 154.553 1161.54 970.574 366.597 39.0623 7668.18 271.04 92.0205 67.573 37.8586 620.952 9492.61 4755.9 4149.73 3925.76 3129.6
internal_count=835110 116598 718512 262753 77611 22465 19048 455759 376939 38987 38097 29889 12754 61108 85792 23995 78820 315831 299921 279741 177330 7105 4135 60438 20180 6662 176961 99136 16364 77825 9402 15910 3730 3096 56689 68423 55146 2949 2831 8208 72158 59500 12658 18207 14085 2118 4122 21046 18143 7409 816 54496 2619 1917 1541 861 6294 170225 84270 76133 72330 60244
is_linear=0
shrinkage=0.04


Tree=5
num_leaves=63
num_cat=0
split_feature=66 13 56 56 66 67 23 12 65 26 59 24 48 50 17 13 24 56 47 55 43 17 43 33 66 64 56 37 36 60 62 14 35 60 37 45 68 25 21 44 44 48 56 51 29 56 19 49 30 32 23 41 17 26 41 18 17 35 19 44 6 45
split_gain=31.5347 39.9519 34.2161 29.3827 29.7026 21.3826 18.755 18.0366 17.9856 17.8508 17.6188 17.4231 16.0177 14.8672 14.1117 13.613 16.7587 13.4007 14.4935 13.333 13.0471 15.6753 12.4492 12.3997 13.8366 19.1577 11.9757 11.7385 16.3518 11.5621 11.5518 15.5835 11.1604 19.3195 11.0406 11.0358 12.2018 10.853 10.6346 15.476 12.8302 11.1039 10.4016 10.3815 10.2434 10.1935 10.1357 11.0023 10.125 10.0844 10.055 12.866 12.1044 15.8962 13.7503 13.1596 12.4802 12.0251 10.1251 10.5131 14.3586 11.702
threshold=0.20185185185185187 0.28801843317972359 1.6899038461538398 0.46153846153846351 0.39379699248120309 1.205263157894737 129.50000000000003 20.500000000000004 -26.857142857142854 68.500000000000014 -1.4422222222222223 25.500000000000004 1.0000000180025095e-35 2.5000000000000004 120.50000000000001 0.6132478632478634 31.500000000000004 -6.3245614035087661 0.75562440711939594 0.92309741631500852 1.1138021328100758 136.50000000000003 0.64449130820294431 0.72262580512854468 0.11180555555555556 0.11882352941176472 12.454545454545462 2.1406984988682343 4.5000000000000009 0.35115396747000122 -0.043254444801312235 0.27977994227994241 0.26796171085750137 -0.47436860360760191 1.7722443846500517 1.072255947632589 6119.2700000000013 66.416666666666671 -3.4999999999999996 30.500000000000004 79.500000000000014 113.50000000000001 12.018518518518521 1.0554574368515717 0.54311103342657174 -9.5954545454545421 2.2500000000000004 1.2427067722860619 10.500000000000002 22.500000000000004 75.500000000000014 0.96689447614439938 79.500000000000014 102.50000000000001 1.8133523869038142 -1.4999999999999998 99.500000000000014 1.3002745495447925 -3.2499999999999996 1457.5000000000002 130.50000000000003 1.4057218048954419
decision_type=10 8 8 8 10 10 10 10 10 8 2 10 2 2 10 8 10 10 2 2 2 10 2 10 10 10 10 2 2 2 2 8 2 2 2 2 2 10 10 2 2 2 8 2 2 10 10 2 2 10 10 2 10 8 2 8 10 2 10 2 2 2
left_child=2 3 6 4 11 -5 7 22 -6 15 23 43 -12 32 -8 -4 -17 19 -19 -13 21 -16 30 -11 42 -26 46 48 45 34 31 -1 33 -3 35 44 -37 -9 40 -40 -34 -41 -25 -2 -24 -29 50 -48 -10 -42 51 -14 54 55 58 57 -55 -54 -52 60 -60 -62
right_child=1 13 9 5 8 -7 14 37 27 10 12 17 26 -15 20 16 -18 18 -20 -21 -22 -23 29 24 25 -27 -28 28 -30 -31 -32 -33 38 -35 -36 36 -38 -39 39 41 49 -43 -44 -45 -46 -47 47 -49 -50 -51 52 -53 53 56 -56 -57 -58 -59 59 -61 61 -63
leaf_value=-0.0062197257968827878 -0.018502959524457522 -0.0075201977939251307 -0.003955088073419372 -0.0040488682650749444 0.028646938564362148 0.012916510895583764 0.040818118114153833 -0.0052227866738312461 -0.0022063243185279891 -0.0011496275298526388 -0.012196542965527404 0.030995161545824136 0.0026278602668097346 3.464783604252435e-06 0.036315566340437665 -0.0079040502142491125 0.018523710324489968 -0.0023666001094705116 0.0052475371673386395 0.0065887216793562228 0.00090056372144946381 -0.0047051355278273964 0.025147325664136261 0.0099819852585649703 -0.016746258450415857 0.0062925384401598221 -0.0040733180846824323 0.016752489952061474 0.0073457066993253507 -0.0018838275655511717 0.0081801720705413899 0.033695500538734387 0.014079972822695734 0.022659805171146505 0.027939913994788106 0.026365118502863813 0.008335906680715181 0.0033111050648016323 -0.0092314819329118863 0.0011569922083306788 0.0025780135733364301 0.01972436456123695 0.025988243102614252 0.0015745939180411071 0.0021070484060743888 -0.0070581579346847582 0.001153916863094183 -0.008635254746547541 -0.0077221978450325059 0.019967812307557588 -0.0090406282293038175 -0.0015328173730352434 0.014260553183824026 0.009852884910771742 -0.003457346725209017 -0.0035249690807663539 0.0019454368661373899 -0.0060190933019334952 0.019019123026124959 0.0035938498695076877 0.0089556230891152597 -0.0034868754956247244
leaf_weight=17.515077599789947 84.369909855537117 47.119095156085677 1696.7890690229833 7886.8239568048157 25.444313530926593 115.94021108234301 30.871517519815825 311.98571438260842 3909.5490788253956 326.4075271661859 144.98990577482618 51.762754006776959 2006.3558530891896 30750.991370009491 45.718527914024889 59.250893360935152 93.428513210848905 530.22933608829044 1593.2664908650331 107.28873623663094 80.536762587726116 19.622001062612981 27.903466807212681 327.53686020663008 59.749263480771333 541.43695272970945 712.09718559193425 27.302319320617244 439.44208023359533 233.22658190596849 135.90079118416179 78.835910205496475 200.85500424692873 100.14056280418299 38.107282910495996 75.640567884314805 272.03721333388239 958.85724747658242 227.54046667995863 2773.2714511655504 1273.3594718979439 47.542183823650703 81.176831187447533 75.111599142896011 526.90756543469615 274.54530122852884 402.29851002292708 331.49741831340361 613.21585297654383 50.87732296762988 67.531036209315062 2904.0164594225353 131.60687750577927 371.57441495778039 289.41222570138052 1305.4661201210693 2131.1144763317425 67.661230350029655 188.91371813649312 1165.5016345923068 706.20563969796058 142.91230484377593
leaf_count=139 845 1076 12487 61829 376 770 207 3298 38685 2496 2768 469 30469 435365 453 676 940 4836 13320 879 657 223 253 2487 431 3644 4990 311 4394 1522 1183 993 4988 1960 285 498 2009 8585 4967 48850 25347 664 823 614 5013 2434 3765 2370 7009 1031 698 31895 1524 2841 1615 10502 17324 715 1179 7094 5098 765
internal_value=9.77765e-05 -0.000419707 0.00148424 -0.00209696 -0.000337848 -0.00379517 0.00552001 0.00466555 -0.00202206 0.000774255 0.00124941 0.00330688 0.000801008 0.000324466 0.0179768 -0.00292014 0.00834236 0.00420516 0.00334522 0.0152343 0.0119505 0.0245381 0.00777899 0.00561552 0.00779696 0.00388357 0.000951481 -0.00219735 0.0024559 0.00605628 0.0161746 0.0264907 0.00241328 0.0130732 0.00802463 0.0070344 0.0125765 0.00120382 0.00205614 0.000689113 0.00477737 0.00150427 0.0134367 -0.00928654 0.00348008 -0.00466659 0.00124603 -0.00329692 -0.00296189 0.00331873 0.00153777 0.00016816 0.00256082 0.00118567 0.00470657 -0.00205905 0.00313676 0.00739584 0.00575225 0.00622504 0.00914796 0.00685331
internal_weight=70314.6 51206 19108.6 15734.3 7731.53 8002.76 2853.67 2676.92 5289.5 16254.9 14405.5 2442.03 13069.2 35471.7 176.749 1849.47 152.679 2282.55 2123.5 159.051 145.877 65.3405 1406.07 1336.31 1009.9 601.186 12924.2 5264.05 741.29 1173.82 232.252 96.351 4720.71 147.26 940.596 902.489 347.678 1270.84 4573.45 3048.35 1525.09 2820.81 408.714 159.482 554.811 301.848 12212.1 733.796 4522.76 1324.24 11478.3 4910.37 6567.9 4007.42 2560.48 1504.73 2502.69 199.268 2271.06 2203.53 1038.03 849.118
internal_count=835933 661019 174914 136771 74172 62599 25318 23778 53209 149596 135493 20963 125612 524248 1540 14103 1616 19504 18156 1348 1333 676 11895 9881 7385 4075 122844 52833 7139 9580 2315 1132 88883 3036 8058 7773 2507 11883 85847 54481 31366 49514 3310 1459 5266 2745 117854 6135 45694 26378 111719 62364 49355 32906 16449 12741 20165 2239 14834 14136 7042 5863
is_linear=0
shrinkage=0.04


Tree=6
num_leaves=63
num_cat=0
split_feature=27 13 18 27 26 27 18 27 14 27 18 18 43 27 10 65 18 1 63 6 68 20 29 40 26 17 12 33 6 18 49 43 35 1 15 9 7 26 61 12 40 33 56 45 17 50 56 68 8 33 18 12 65 28 14 64 56 35 58 32 61 33
split_gain=126.493 77.7079 47.2317 51.7406 36.1507 30.2683 25.6971 36.0263 24.6075 24.0935 20.1644 19.5173 18.5319 18.0233 19.5224 20.1614 18.0213 17.2844 19.887 17.0288 17.5002 16.5 15.8698 15.8229 14.9783 16.8473 14.6989 14.5841 14.1744 14.1122 18.0714 15.2777 14.0656 13.6941 13.5463 13.3967 12.6989 12.9401 12.6321 16.7226 15.0582 12.5899 12.4191 12.4325 16.4596 14.7966 13.6847 12.2829 12.2482 12.2177 12.7053 11.7478 11.6085 11.1177 11.0696 22.1242 11.2 10.9714 10.9489 10.881 12.8527 11.1559
threshold=8.5000000000000018 0.267948717948718 3.5000000000000004 13.500000000000002 117.50000000000001 5.5000000000000009 19.500000000000004 17.500000000000004 0.44446015585721488 5.5000000000000009 6.5000000000000009 2.5000000000000004 0.54960062711529223 -11.499999999999998 0.74165170436567851 14.222222222222227 -1.4999999999999998 1.0000000180025095e-35 0.067288287817061823 158.50000000000003 5410.5750000000016 1.0000000180025095e-35 0.81634668822927581 17.500000000000004 126.50000000000001 126.50000000000001 25.500000000000004 0.94440564470033361 149.50000000000003 7.5000000000000009 1.3515877085712982 0.96182459168814327 1.0000060307160239 4.5000000000000009 0.28658424908424912 1.9273405125200311 103.50000000000001 100.50000000000001 0.87750000000000006 27.500000000000004 17.500000000000004 2.0192357353475665 11.357142857142859 0.69166363286653343 52.500000000000007 62.500000000000007 8.5092592592592613 5522.4400000000014 30.500000000000004 0.24593914861601457 -1.4999999999999998 14.500000000000002 -31.685855263157894 1.0000000180025095e-35 0.46970806970806978 0.18834459459459463 -5.6363636363636287 0.32260389252155253 10.019999999999998 7.5000000000000009 0.11324786324786326 0.8667035923260602
decision_type=10 8 8 10 10 8 8 10 10 10 10 8 2 10 2 10 10 10 2 2 2 8 2 2 10 8 10 10 2 8 2 2 2 8 10 2 10 10 2 10 2 10 10 2 10 2 10 2 2 10 8 10 10 2 10 8 8 2 2 10 2 10
left_child=1 5 4 29 17 16 7 10 -6 13 36 59 -12 14 15 -3 27 18 -2 20 53 -9 -14 -17 -16 -26 -18 -1 -28 30 47 -32 33 -24 58 -33 37 -5 -22 -40 -41 -29 43 46 54 57 49 -4 -49 -15 -51 -44 -27 -11 55 -45 -57 -46 -13 60 61 -7
right_child=2 9 3 6 8 11 -8 21 -10 19 12 34 22 42 24 23 26 -19 -20 -21 38 -23 32 -25 25 52 28 41 -30 -31 31 35 -34 -35 -36 -37 -38 -39 39 40 -42 -43 51 44 45 -47 -48 48 -50 50 -52 -53 -54 -55 -56 56 -58 -59 -60 -61 -62 -63
leaf_value=0.0071863596348716394 0.0082562660037246889 0.0024434661156899329 0.016104348846020498 0.016098778254180168 0.015896826754422094 0.010509099274686661 0.00025659441001750445 0.030797458618081315 0.041978858807162726 0.042922594478739792 0.02867688075159407 -0.00040867210189198368 -0.016267388860910618 -0.022289328491227819 1.9140787478806786e-05 0.0037796693464798 -0.0072898949319174997 0.010219734270402743 -0.0082371776297711623 -0.0032074091048153747 0.003598881455434042 0.011831008444773592 0.038874204703557173 0.019729898012363172 0.018208555484725952 -0.013032942300818404 -0.00039494321509181548 -0.0095196680353308288 -0.0064497765066910354 -0.0040545150423569928 -0.010261435076092489 -0.0022060315190383976 0.0015000402573927454 0.0023881662525758497 -0.0043855102939916657 0.0097011356520934188 0.03208272674625471 -0.0070217968997429037 0.019138661124858587 -0.016797133235477251 0.014739834393714537 0.0055406336854569339 0.0048312967614813672 -0.0010767275431678859 -0.0056447254342794542 -0.0015519709214862937 0.012419164245331673 0.0047154010631055782 -0.006571691181615308 -0.0071965319132019827 -0.0012060457148723477 -0.0084013657978575206 0.0042810540960275647 0.01159265369832984 0.0016037839393069305 0.0031237112815762492 0.022850775628087756 0.00096228281807226776 -0.013382973905461386 -0.0020813414292280867 0.0044622176359872265 -0.015404801896532306
leaf_weight=329.10471865034197 265.92689643846825 4213.0177119334694 128.53377980936784 187.15641830163077 287.99792703357525 32.378114960156381 414.70984244294232 187.58691116771661 72.475510911317542 27.384292792296037 38.690962826716714 3380.0251730408054 64.946204751031473 49.489112664246932 15634.249640798895 201.85343578446191 3588.409886395908 1205.3154754861025 200.90638553607278 354.26892979920376 1204.3514752414776 134.06539828586392 29.180383412400261 197.07024829497095 129.78828289231751 62.150745033635758 1302.1733049158938 246.7342766020447 1174.6588898486225 875.75436671136413 273.61078832531348 651.23132818890736 459.99538387358189 33.094830425688997 3299.5672884838423 191.45509972469881 60.203617006074637 45.434072154108435 200.0612782004755 45.315022985567339 41.766619331669062 133.1625092162285 128.99656598595902 175.61532656347845 415.47890089766588 9429.4368372248719 84.258542548632249 1316.8509489524877 169.66576755978167 828.52454354381189 1776.3879057539161 560.69337820913643 822.00278257019818 53.935581678058952 790.65538324229419 64.881979954428971 169.97881544963457 9239.74739919079 102.39065951388329 859.10960425413214 1538.7092091820668 93.701243902556598
leaf_count=3228 2910 104442 827 1076 2182 259 4632 1079 604 234 341 23447 531 970 231457 2621 30333 9139 1740 3055 11016 1018 213 1711 1683 1087 12531 2161 9978 7445 2011 4331 3087 261 27081 1272 395 324 1917 553 400 1015 1000 1636 4993 97186 1068 10141 1611 15183 27691 4675 9151 435 12764 951 1824 107693 632 7368 12174 686
internal_value=6.10056e-05 -0.000516682 0.00504556 0.00303989 0.0102178 -0.00291579 0.00888383 0.0117557 0.0216434 0.000306076 0.00764701 -0.00143387 0.00353824 0.000118163 0.000963745 0.0032652 -0.00494897 0.0076975 0.00114608 0.00467993 0.00646105 0.0231943 0.00165376 0.0118059 0.000325398 0.0050244 -0.00565387 0.00107854 -0.00327371 0.0003499 0.00176692 -0.00214107 0.00401544 0.021103 -0.00255088 0.000540495 0.0162235 0.0115297 0.00542675 0.0129005 -0.00169215 -0.00423729 -0.000639959 -0.000480865 -0.000139034 -0.00042533 -0.003008 0.00446633 0.00340942 -0.00352013 -0.00312153 -0.00590943 0.00299754 0.0240181 0.00439279 0.00968099 0.0175797 0.000675199 -0.000808786 0.00156677 0.00344996 -0.0086029
internal_weight=70276.3 62981.5 7294.79 5262.17 2032.62 16080.1 1655.06 1240.35 360.473 46901.4 918.702 9305.88 625.908 44974.3 21260.1 4611.94 6774.24 1672.15 466.833 1927.08 1572.81 321.652 587.217 398.924 16648.2 1013.94 6065.24 709.002 2476.83 3607.1 2731.35 1116.3 522.271 62.2752 6781.98 842.686 292.794 232.59 1491.49 287.143 87.0816 379.897 23714.1 23024.5 20285.8 19084.7 2738.66 1615.05 1486.52 2654.4 2604.91 689.69 884.154 81.3199 1201.13 410.476 234.861 9655.23 3482.42 2523.9 1664.79 126.079
internal_count=835459 778289 57170 40595 16575 130893 12957 8325 2786 647396 6228 71647 4433 629786 352152 108774 59246 13789 4650 17610 14555 2097 4092 4332 243378 11921 52842 6404 22509 27638 20193 7614 3561 474 51160 5603 1795 1400 13886 2870 953 3176 277634 271959 227047 209872 44912 12579 11752 43844 42874 5675 10238 669 17175 4411 2775 112686 24079 20487 13119 945
is_linear=0
shrinkage=0.04


Tree=7
num_leaves=63
num_cat=0
split_feature=27 13 18 1 27 18 27 27 70 18 18 27 18 13 14 27 26 18 67 12 67 50 34 14 28 44 50 18 15 66 27 35 18 58 65 27 50 62 65 43 8 15 62 41 31 35 36 41 36 15 66 13 58 18 56 28 24 21 44 66 45 12
split_gain=121.3 61.2629 40.8205 43.9314 36.8808 37.1495 37.4056 34.6963 27.1098 23.6613 20.5775 20.4529 17.0651 16.6546 15.9846 15.7996 14.9586 14.7576 14.2676 14.081 16.3899 14.0044 13.9214 13.7767 13.7126 13.1969 12.9797 14.4104 12.9739 18.4065 13.1172 12.6636 12.4267 12.3278 12.4953 12.3066 14.4105 11.3759 11.371 11.3593 11.2094 11.7726 11.1939 12.2701 10.9395 10.8342 12.0889 14.5039 10.6521 10.6098 10.6083 10.5494 15.809 10.477 10.4436 10.4727 12.7313 10.6841 11.2879 10.3934 11.7366 10.3921
threshold=8.5000000000000018 0.267948717948718 3.5000000000000004 5.5000000000000009 13.500000000000002 21.500000000000004 20.500000000000004 5.5000000000000009 1.0000000180025095e-35 -1.4999999999999998 2.5000000000000004 6.5000000000000009 6.5000000000000009 0.54006410256410264 0.30770618270618288 16.500000000000004 75.500000000000014 7.5000000000000009 0.88348416289592768 25.500000000000004 1.1846590909090911 126.50000000000001 13.500000000000002 0.16984126984126988 3.5000000000000004 5010.5000000000009 67.500000000000014 -1.0000000180025095e-35 0.44762605042016818 0.36899313501144165 10.500000000000002 1.0186720415143686 2.5000000000000004 -1.6594202898550703 -17.440972222222218 11.500000000000002 104.50000000000001 0.04922305055970367 -9.4000000000000004 0.59856200274280036 25.500000000000004 0.37726884226884233 0.12281725139016332 1.2554020261163665 1.1940463635184517 1.2457982141907038 13.500000000000002 0.73894033483154209 23.500000000000004 0.69686646686646692 0.21583850931677021 0.15192307692307697 9.8208556149732562 -2.4999999999999996 -14.118055555555555 7.5000000000000009 29.500000000000004 24.500000000000004 971.50000000000011 0.1079192546583851 0.69166363286653343 4.5000000000000009
decision_type=10 8 8 8 10 8 10 8 2 8 8 10 10 10 10 10 10 10 8 10 8 2 2 10 2 2 2 10 8 10 10 2 8 2 8 10 2 2 10 2 2 10 2 2 2 2 2 2 2 10 10 10 2 10 8 2 10 10 2 10 2 10
left_child=1 7 3 8 17 6 12 9 14 -1 18 13 -6 26 -2 39 -12 35 61 -11 -21 24 51 -20 37 31 33 49 30 -30 -10 50 53 34 -3 48 42 45 -19 -14 41 -25 -37 44 -44 46 -5 -48 -4 -28 -23 52 -18 -13 -15 57 -57 -56 -59 -53 -61 -9
right_child=2 11 4 21 5 -7 -8 10 28 19 16 32 15 54 -16 -17 22 38 23 20 -22 25 -24 40 -26 -27 27 -29 29 -31 -32 -33 -34 -35 -36 36 -38 -39 -40 -41 -42 -43 43 -45 -46 -47 47 -49 -50 -51 -52 59 -54 -55 55 56 -58 58 -60 60 -62 -63
leaf_value=0.0032738450335702404 0.0023196756653274223 0.011090385882354678 0.0017068296995352032 -0.0029840335297981711 0.016597132246088324 -0.0024349604359951323 0.032232990060467287 0.014768309727986784 0.0096458045597968972 -0.0071071380609076529 -0.0055586196781913016 -0.012872499715414818 0.02002249205801724 0.011649182887065925 0.015103268997165718 0.013312057718826792 -0.0015146067486107239 0.02025736687956774 -0.0096938339964702594 0.00057912500018208622 -0.0058879339669313923 0.014868929905825961 -0.0072405019988098732 0.015584765532886274 -0.0095374343432256918 -0.0087032492171980214 -0.0008277336649023312 -0.0035228924597204194 0.040766196069554499 0.0082934909942284293 0.026815208790980753 0.026778455442702673 -0.003277903280417323 -0.00057153483402854464 0.0015056555508925109 0.0064825843446475271 0.013356183588571028 -0.0024743540796067225 -0.0049739499143212742 -0.00018982580356159814 -0.0016866612647371715 0.0049198166642392118 0.01900579015056926 -0.019458119043612634 -0.0079659165049712575 0.019514967548451442 0.039796601152636106 0.0033296457707633533 -0.0064671924469730845 0.0076744552732916499 -0.013582117266875351 0.012481070388640311 -0.016906947847191461 0.0088069697741293834 0.00097205724954399204 0.0024271404114606771 -0.0066094315836070982 0.017310241363067688 0.0013692329772591295 0.016912589213971312 0.0003183730848608525 -0.00095387687340197833
leaf_weight=529.57216012955178 271.03895761002786 224.72378390538506 1797.0068609173177 148.67260893469211 333.90809850534424 413.23880553926574 119.5792872637976 65.349343046080321 170.8683549631387 3652.4042385832872 1612.8359789983369 33.029606380150653 44.01172797405161 140.06604899792001 372.25329892127775 286.36667847563513 2399.1114974947413 24.826534648542292 77.91102928807959 1060.5746028857538 1525.9148786973674 54.372022218303755 533.22276724933181 301.37221323768608 156.68440021725837 36.0112494234927 8110.0098824885208 3913.6806822866201 108.75407414522488 41.009711359860376 129.54658466705587 91.291787738446146 194.05288432340603 9020.1474702215055 4206.7483372204006 299.06743960361928 293.06197124300525 265.76994803966954 759.52568912331481 480.97311988286674 170.07741437805817 375.66437019477598 34.933072647545487 63.197681096382439 55.871154860593379 96.367434719693847 22.486347587080672 50.638687751255929 292.17766107583884 236.8602773679886 27.771133618196473 127.24853113293648 106.83475522231311 804.54923471226357 18736.343909444811 409.76738142350223 624.4020205748966 127.62844976992346 155.1602502228925 65.681216676253825 1945.2225926721003 1530.7591059617698
leaf_count=5082 1940 6221 13337 1637 2017 4572 809 378 1178 30901 12662 472 384 4729 3073 1902 17933 333 571 9965 13386 436 4901 2275 1337 257 83892 36759 765 339 832 686 1950 106145 61972 2316 1903 2116 6237 3359 1615 3086 228 358 353 873 264 537 2638 3773 251 824 672 6861 313123 8011 9266 2597 1943 728 13524 12531
internal_value=5.68576e-05 -0.000510155 0.00492108 0.00971781 0.00306338 0.00795557 0.0113465 -0.00264057 0.0151677 -0.00481886 -0.00105542 0.000219888 0.00903507 9.4409e-05 0.00977658 0.00584035 -0.00220085 0.000787517 0.00202782 -0.00550786 -0.00324015 0.00339873 -0.00115048 0.00596599 0.000786867 0.0124008 -0.000580742 -0.00152182 0.0226794 0.0324294 0.0173675 0.0169039 0.00577608 0.00027726 0.00200366 0.0021311 0.0065224 0.00361459 -0.00405206 0.00167757 0.00745469 0.0097466 0.00200452 -0.00662214 0.00286068 0.0086604 0.00361801 0.0163727 0.000550961 -0.000582016 0.00502274 -0.000444207 -0.00220318 0.00788073 0.000954008 0.00087642 -0.00303443 0.00108982 0.00873949 0.00161767 0.000900986 -0.000266056
internal_weight=70358.2 63016.9 7341.28 2043.54 5297.75 1678.08 1264.84 16079.8 1093.47 6768.47 9311.29 46937.2 1145.26 45905.5 643.292 811.352 6790.16 3619.67 2521.13 6238.89 2586.49 950.066 5177.32 925.025 740.619 209.446 25712.2 12260.6 450.179 149.764 300.415 173.435 1031.63 13451.6 4431.47 2835.32 746.131 583.935 784.352 524.985 847.114 677.037 453.069 154.002 90.8042 318.165 221.798 73.125 2089.18 8346.87 82.1432 4644.1 2505.95 837.579 20193.4 20053.3 1034.17 19019.1 282.789 2138.15 2010.9 1596.11
internal_count=836015 778748 57267 16521 40746 13043 8471 131034 8127 59334 71700 647714 7662 638431 5013 5645 51244 27703 20456 54252 23351 8394 38582 7547 6764 1630 298762 124424 3114 1104 2010 1373 9283 174338 68193 21133 5158 5427 6570 3743 6976 5361 3255 939 581 3311 2438 801 15975 87665 687 33681 18605 7333 339669 334940 17277 317663 4540 15076 14252 12909
is_linear=0
shrinkage=0.04


Tree=8
num_leaves=63
num_cat=0
split_feature=27 18 27 13 13 18 13 27 20 14 27 27 66 64 55 1 12 6 8 66 18 57 18 14 33 25 67 33 26 50 49 35 14 14 17 51 47 24 7 67 42 18 48 55 49 51 49 52 66 29 13 7 64 52 47 27 42 41 30 66 64 50
split_gain=118.364 42.4505 52.9924 27.1496 26.861 25.1118 32.7365 29.8061 24.2379 25.0327 18.0852 18.0819 17.7539 23.028 16.4969 16.3701 16.1367 18.2934 15.9877 15.8893 15.7745 15.4696 15.4211 15.365 17.0396 14.59 13.9997 13.9809 13.8677 14.0047 13.608 12.9007 12.7687 12.6399 14.9818 19.4555 12.9761 13.5112 13.212 12.6264 12.3824 12.0872 11.8878 12.3497 11.7406 11.641 11.6271 14.2262 14.2573 11.5661 11.3761 11.3697 11.3535 11.2399 11.2315 11.1736 11.1164 11.1044 11.01 11.0045 12.153 12.1772
threshold=10.500000000000002 3.5000000000000004 7.5000000000000009 0.30217391304347835 0.45643939393939398 7.5000000000000009 0.16954022988505749 14.500000000000002 1.0000000180025095e-35 0.37794067530909636 4.5000000000000009 13.500000000000002 0.5270467836257311 0.61651583710407254 1.6220657549287996 4.5000000000000009 158.50000000000003 141.50000000000003 14.500000000000002 0.68857758620689669 -2.4999999999999996 0.47140522875816998 1.5000000000000002 0.56353021978022 0.71223443892004523 63.416666666666679 0.18350168350168353 0.73865051355903988 129.50000000000003 494.50000000000006 1.0872217466579108 1.0277557168410072 0.66671694318753161 0.41669904169904182 56.500000000000007 0.95046924355149331 0.64417525509166984 14.500000000000002 94.500000000000014 0.42640692640692646 41.500000000000007 -3.4999999999999996 118.50000000000001 2.1962177591284484 0.47466159816491515 1.467856014557261 1.4443412689560233 6.5000000000000009 0.22821969696969699 0.5753567962920757 0.22474747474747478 98.500000000000014 0.11324786324786326 7.5000000000000009 1.7347556905270867 18.500000000000004 89.500000000000014 0.67470447982276915 1.5000000000000002 0.20942982456140355 0.26393188854489169 15.500000000000002
decision_type=10 10 10 10 8 8 8 10 8 10 8 10 8 10 2 8 10 2 2 10 10 10 8 10 10 10 10 10 10 2 2 2 10 10 10 2 2 10 10 8 2 10 2 2 2 2 2 2 10 2 10 8 8 2 2 10 2 2 2 10 10 2
left_child=1 2 4 22 10 6 11 -7 9 14 16 -2 13 18 26 45 17 33 59 52 -5 -20 41 24 -22 -24 -8 31 29 30 -9 53 -15 34 35 -1 -36 -38 44 -10 -35 -4 43 -18 -39 -13 51 48 -48 -42 58 -32 -3 -14 -40 -30 -37 -53 -46 -12 -61 -62
right_child=5 19 3 20 -6 7 8 28 39 -11 12 15 27 32 -16 -17 42 -19 21 -21 23 -23 25 -25 -26 -27 -28 -29 55 -31 46 -33 -34 40 36 56 37 38 54 -41 49 -43 -44 -45 50 -47 47 -49 -50 -51 -52 57 -54 -55 -56 -57 -58 -59 -60 60 61 -63
leaf_value=-0.0027803493572364658 0.0037004711933461419 -0.00013186416230792839 -0.010442799364326216 -0.013564161789235323 0.00048913791603295603 -0.003794975125815731 0.028156491195140857 0.00032985641549211647 -0.01132988146161149 0.035784904290501358 0.0026388747452976685 0.026463829575776594 0.010201167910558494 0.0073520620070097933 -0.0050549031555015382 0.0071161601525374972 0.00087349036560521373 -0.0044280115001111443 -0.0066240283919336554 0.00050100232924965159 0.035363029646793456 0.00062637762614029284 -0.0069869653941300692 -0.0014937796803646344 0.014123332005096223 0.0032339275996018462 0.0040814450725103393 -0.0045940277703494939 0.0074773613398743024 -0.0078339990375946821 0.033913871740803903 -0.0094921000820897949 -0.0059991497458330061 -0.00059463006367647649 -0.0060869253716534094 0.013440904468443954 0.016754894929966721 0.016365893668787428 0.0094041904870619357 0.011174986847438218 0.0073095817404304946 0.0085927300003099238 0.02767158509935097 0.021061057235547267 0.0017036855014514723 0.005037289774717897 0.012171053408065322 0.028197320622139387 -0.0093052668891426167 -0.0056407007586882617 -0.00024719199551972954 -0.011169767079166533 -0.0055465012077602028 -0.010261043476006369 -0.0052033741941982792 0.028258652904775451 -0.0076599274445043634 0.018002940592568979 -0.010262288596000353 -0.0027280538744081212 0.0069422156707251645 -0.00014975298448861255
leaf_weight=262.68290711729787 1355.7955763423815 735.80399533023592 52.454207227565348 24.256072824820876 30421.731051461305 680.9228485742351 112.73226708581205 280.69540820282418 43.754573648329824 149.74172472150531 2979.3799234110629 154.31061349529773 278.22153373202309 1035.2411113195121 52.144273474812508 408.90836423425935 915.04659050039481 5183.528077019495 1034.9645654939814 1179.6127455555834 91.803494148422033 858.91783706902061 286.97071759589016 55.258415099233389 196.70156943006441 947.90987619350199 60.386916388757527 2000.9934033001773 94.452872475492768 114.99481450417079 55.925327386590652 91.475486242794432 125.02834474470001 1902.8019885984831 628.11695633328054 356.50889439601451 72.052770952694118 53.12290919397492 350.77837540325709 231.73572281177621 112.16442777658813 937.17892493575346 24.686571637634188 46.233860016800463 173.97889945469797 58.103260908275843 91.470608124509454 32.527203428791836 96.551802292582579 2134.5293607881758 1781.423160085571 23.629823765717447 3926.6178344544023 46.469790213741362 106.76022026664577 76.425498792901635 41.664907656610012 82.928186657372862 404.83748816675507 2052.0277844327502 510.24164854036644 1560.1556194218574
leaf_count=2679 9459 5907 561 365 477341 5629 779 3352 543 1173 18149 916 3350 9354 287 2531 10552 47502 8365 18832 718 7929 2336 591 1485 7557 406 22967 701 780 441 979 1392 22826 5961 3277 691 509 3272 2474 1320 7175 275 319 1359 313 558 221 843 21976 15953 226 32624 459 862 526 335 681 3342 14044 4727 11925
internal_value=2.63667e-05 -0.000390977 -7.46193e-05 0.00551395 -0.000326851 0.00648603 0.00890308 0.00257563 0.0166645 0.0232375 -0.00124197 0.00631388 -0.000130687 0.000602945 0.0143008 0.0119416 -0.00220183 -0.00256108 -8.23673e-05 -0.00364474 0.0155089 -0.00334282 0.00382934 0.0177253 0.0213692 0.000840123 0.020109 -0.003208 0.00713969 0.00481157 0.00704468 0.00343166 0.00589379 -0.00140452 0.000133954 0.00564281 -0.000891971 0.000225236 -0.000218028 0.00746242 -0.00297183 0.00753635 0.00272881 0.00194839 -0.00140231 0.0208535 0.0118978 0.00570761 0.00118734 -0.00497937 -0.00183598 0.0198789 -0.00469304 0.00716142 0.00597632 0.0173109 0.0111653 0.0113231 -0.0066818 0.000788857 -0.000549774 0.00161055
internal_weight=70238.5 65980.3 60138.3 2592.53 57545.8 4258.14 2627.61 1630.52 650.495 375.005 27124 1977.12 12573.1 10156 225.263 621.322 14550.9 13565 8995.69 5842.03 368.02 1893.88 2224.51 343.763 288.505 1234.88 173.119 2417.16 949.602 778.723 663.728 416.167 1160.27 8381.42 4231.93 660.857 3571.07 2942.95 2870.9 275.49 4149.5 989.633 985.967 961.28 2413.36 212.414 383.033 220.55 188.022 2246.69 2360.24 162.483 4662.42 324.691 457.539 170.878 398.174 106.558 578.816 7101.8 4122.43 2070.4
internal_count=834981 802142 744779 20788 723991 32839 18881 13958 5662 2645 246650 13219 103640 75885 1472 3760 143010 131864 65139 57363 3159 16294 17629 2794 2203 9893 1185 27755 8329 7102 6322 4788 10746 84362 38240 6291 31949 25988 25297 3017 46122 7736 11146 10871 21163 1229 2970 1622 1401 23296 20654 1348 38531 3809 4134 1227 3612 907 4701 48845 30696 16652
is_linear=0
shrinkage=0.04


Tree=9
num_leaves=63
num_cat=0
split_feature=27 13 18 1 27 27 18 64 18 20 65 67 61 67 12 18 27 27 23 17 27 61 18 18 25 17 44 56 66 64 68 18 44 26 43 38 65 7 61 66 55 31 67 38 44 45 56 68 13 45 57 19 28 18 45 27 46 33 2 51 54 9
split_gain=113.449 52.2781 35.4377 44.7768 43.1047 25.1599 22.9396 19.5214 16.5039 16.281 16.265 16.1639 15.1335 14.5973 14.533 14.4654 14.415 16.6517 14.1805 14.0738 20.037 14.0337 13.6277 13.4566 13.4054 12.8155 12.7756 12.6555 15.8426 14.4978 12.5775 12.2574 14.2783 12.7255 12.1715 12.5572 12.1366 12.0626 12.0363 12.4446 11.81 11.5025 11.3377 11.331 11.2147 12.5691 12.0576 11.7463 11.4109 10.7847 10.6878 10.6292 13.0573 10.6263 15.1046 13.5515 12.0471 14.0001 12.8744 11.9708 11.7735 12.9427
threshold=8.5000000000000018 0.267948717948718 3.5000000000000004 5.5000000000000009 13.500000000000002 5.5000000000000009 7.5000000000000009 0.35805860805860812 7.5000000000000009 3.5000000000000004 -8.6899038461538449 0.86811594202898557 0.27386363636363642 1.2330316742081451 21.500000000000004 3.5000000000000004 5.5000000000000009 -5.4999999999999991 117.50000000000001 87.500000000000014 18.500000000000004 0.26393188854489169 1.0000000180025095e-35 3.5000000000000004 82.166666666666671 56.500000000000007 7364.5000000000009 -2.9827586206896579 0.20185185185185187 0.82650501672240806 23788.750000000004 -1.0000000180025095e-35 199.50000000000003 147.50000000000003 0.61922451068742423 353.50000000000006 -0.98333333333333417 127.50000000000001 0.085144927536231887 0.15450928381962867 0.65352460057804684 0.74227645049121738 0.85504201680672276 3722.5000000000005 814.50000000000011 0.98235768225184095 -0.37268518518519039 9741.8900000000012 0.18350168350168353 1.2843430464040186 0.13762626262626265 -1.0000000180025095e-35 11.500000000000002 -1.0000000180025095e-35 1.9293306673664528 2.5000000000000004 42.500000000000007 1.6389746124274847 19.750000000000004 0.80534466828573892 4.5000000000000009 1.1418457214500213
decision_type=10 8 8 8 10 8 8 10 10 8 10 10 2 10 10 10 10 10 10 10 10 2 8 10 10 10 2 8 10 10 2 8 2 10 2 2 10 10 2 10 2 2 10 2 2 2 10 2 8 2 8 10 2 10 2 10 2 10 2 2 2 2
left_child=1 5 3 7 8 11 9 -2 -4 12 -10 14 -6 23 31 -16 17 50 44 -8 -21 -13 -18 27 -24 51 30 36 29 40 34 32 -1 41 35 -5 -7 -12 39 -25 -29 -33 -30 -14 47 -46 -47 48 -9 -40 -3 52 -19 54 55 -27 57 58 -57 -60 -55 -62
right_child=2 16 4 26 6 13 19 18 10 -11 37 21 43 -15 15 -17 22 25 -20 20 -22 -23 24 38 -26 53 -28 28 42 -31 -32 33 -34 -35 -36 -37 -38 -39 49 -41 -42 -43 -44 -45 45 46 -48 -49 -50 -51 -52 -53 -54 60 -56 56 -58 -59 59 -61 61 -63
leaf_value=0.017935394873245494 0.010090978214175183 -0.0026584135109937487 0.0020125960584505128 -0.0081338364467107415 0.010822304747199649 -0.0039073502204819716 0.00098833402100280041 -0.0051503838720620707 0.022787507023366946 0.0030214931509227739 -0.0032680104360376617 0.0094726494105917148 0.030343098785064724 0.013073284712937108 -0.0018614839534086026 -0.0088113037456650171 0.0062873690618697976 0.00817671654609059 0.032963812906808741 0.0045343226710216579 0.022157597996658899 -0.0021592920947229271 0.0054881044950964653 0.024187970941819292 -0.0052455139451731215 -0.001193060018233934 -0.023039070539989354 0.0096367540456433094 -0.0037487685253223364 0.021606548864351684 0.022782428032515952 -0.0039507045080586674 -0.0036526313493141865 0.017450055544089762 0.00042084780670934436 0.019127957143532503 0.0068797453064072846 -0.016249735013088268 -0.0069386610657278516 -0.0027308632352564532 8.4874729019624457e-06 -0.010276019084617765 0.0021463597230441307 0.004723533049705058 0.034085272157205845 -0.00012497834862810277 0.02292245576144273 -0.010635090477925123 0.026057630967588161 0.00056829018163528314 0.00087991592770825537 0.0002304820265333257 -0.013179396627659228 -0.00090977688331388216 0.013425315296451577 0.0017113070938553829 0.015823251537905866 -0.0067162200227720596 0.035101391841563932 0.008584764192811286 -0.0066827645258480195 -0.001769682598535344
leaf_weight=52.427173429634422 638.63615718437359 1436.9595542327734 2843.7039891190361 32.070888075162657 210.67807688610628 222.32696773938369 621.45335446600802 27.118069631978869 28.449676373624243 141.21583274577279 600.53040729265194 218.90705971466377 176.83155656151939 110.31110658403486 2568.2879985772306 585.39560529740993 1174.7256512703607 561.09012174396776 118.95890487357974 334.19963937019929 146.74804088915698 636.57835094205802 322.99905306601431 41.697650365531445 425.62651053944137 6578.0974240399664 24.583993247710168 216.85207031201571 3155.351416398189 49.621175483800471 47.184455064940266 643.09690794127528 329.95984323206358 26.030929030152038 733.71338662458584 111.6215704503702 632.73069777991623 137.7377640621271 1294.2026813258417 64.61012779828161 2509.5848963488825 1693.4580609215191 621.84675094671547 34.987042914144695 79.903975863358937 59.990217175334692 86.835944722872227 40.369124855962582 46.862780513940379 399.67099656653591 25950.625913818541 1507.252908598166 45.381266085198149 4139.0391461442923 122.07013972499408 673.94322429946624 108.50166583643295 223.59166003915016 28.8813293997664 172.13561429816764 1613.5785565495025 1836.0565738423029
leaf_count=504 4476 20266 21201 337 1099 2716 6137 195 361 1088 4893 1866 1020 731 23005 5358 10691 7207 837 2380 995 6171 3050 317 3816 76223 174 1472 24825 406 533 5507 2958 177 6167 1100 5980 1229 10898 608 16039 14043 4897 205 719 489 628 377 425 2884 415501 20243 574 44352 974 7142 1027 2264 387 1911 14922 16961
internal_value=9.54898e-05 -0.000452498 0.00480556 0.00926659 0.00306708 -0.00242094 0.00837866 0.0147467 0.000607728 0.0149146 -0.00458211 -0.00427902 0.018808 -0.00107265 -0.00502369 -0.00316343 0.00022199 7.68493e-05 0.0210318 0.00498424 0.0100842 0.000854911 0.00360858 -0.00124911 -0.000608743 -0.000882622 0.00287934 -0.000494159 -0.00109214 0.00120078 0.0036887 -0.00715129 -0.000499515 -0.00822455 0.00253862 0.0129745 0.00406854 -0.00578301 -0.00434601 0.00843989 0.000790528 -0.00854724 -0.00277669 0.0263179 0.0164542 0.0215378 0.0138117 0.0058944 0.0150163 -0.00517093 0.000693817 0.00203581 0.00648397 -0.00128124 -0.000254739 -0.00047772 0.00340952 0.00211731 0.00440001 0.013154 -0.00234996 -0.00407414
internal_weight=70317.9 62993.5 7324.38 2047.85 5276.54 16072.9 1666.11 1098.68 3610.42 563.713 766.718 6754.14 422.497 9318.81 5898.66 3153.68 46920.6 44997.2 460.039 1102.4 480.948 855.485 1923.35 9208.5 748.626 17609.6 949.174 7408.31 6553.26 2776.06 924.59 2744.97 382.387 2362.59 877.406 143.692 855.058 738.268 1800.18 106.308 2726.44 2336.55 3777.2 211.819 341.08 226.73 146.826 114.35 73.9809 1693.87 27387.6 2113.72 606.471 15495.9 7907.22 7785.15 1207.05 1098.55 874.96 201.017 7588.67 3449.64
internal_count=835938 778873 57065 16457 40608 131362 12924 8146 27684 3412 6483 59589 2324 71773 51552 28363 647511 629954 3670 9512 3375 8037 17557 71042 6866 194187 8311 56335 47639 17917 8137 23189 3462 19727 7604 1437 8696 6122 14707 925 17511 19550 29722 1225 2833 1836 1117 997 620 13782 435767 28024 7781 166163 89928 88954 12731 11704 9440 2298 76235 31883
is_linear=0
shrinkage=0.04


Tree=10
num_leaves=63
num_cat=0
split_feature=27 13 27 27 1 66 57 13 56 27 60 31 41 13 8 7 55 58 12 5 23 13 67 58 68 14 27 27 24 12 10 44 27 51 64 26 50 29 6 45 15 66 56 42 44 58 50 45 12 10 60 41 27 57 58 60 66 56 58 10 54 2
split_gain=90.8815 37.5876 34.6093 33.2409 24.3642 23.0676 24.7643 24.0447 23.6766 20.0129 15.6954 15.5226 15.1564 14.504 13.0502 13.0484 12.5006 12.4366 13.9358 12.463 11.7312 11.5991 11.4586 11.4508 11.3016 11.231 14.6796 16.3999 15.189 13.3525 12.8735 14.1907 13.9846 12.4557 16.3638 11.7094 14.3694 16.1012 15.3391 11.5985 11.4059 11.1133 11.6451 11.4927 20.4339 12.6664 14.1956 11.4316 11.4224 10.8096 10.668 12.3361 12.6376 13.1756 11.2024 11.056 10.6555 13.9704 11.7081 11.5829 10.5515 10.5494
threshold=10.500000000000002 0.267948717948718 7.5000000000000009 5.5000000000000009 5.5000000000000009 0.27003205128205132 0.11237373737373739 0.12701612903225809 -0.27272727272726976 16.500000000000004 -0.12725333252371432 1.8998423125742308 0.90909588231324789 0.072751322751322761 4.5000000000000009 50.500000000000007 0.41221228691265338 3.5847701149425295 25.500000000000004 8.5000000000000018 135.50000000000003 0.072751322751322761 1.134848484848485 9.2158385093167769 4232.0900000000011 0.24048663324979117 3.5000000000000004 -7.4999999999999991 33.500000000000007 28.500000000000004 0.74165170436567851 5876.5000000000009 -11.499999999999998 0.74892294010654881 0.22474747474747478 72.500000000000014 27.500000000000004 0.45791283477680894 125.50000000000001 0.60179380213601708 0.5238314463314464 0.36899313501144165 -0.68585526315789724 34.500000000000007 1076.5000000000002 4.5086206896551753 106.50000000000001 1.1517001410332932 23.500000000000004 1.0795287892952927 -0.23841068849311184 1.3841009086550742 -35.499999999999993 0.9417420814479639 1.0166666666666659 -0.38477415123259034 0.22111111111111112 2.7875939849624065 4.127717391304345 0.63912288543958107 8.5000000000000018 16.250000000000004
decision_type=10 8 10 8 8 10 10 10 8 10 2 2 2 10 2 10 2 2 10 2 10 10 10 2 2 8 10 10 10 10 2 2 10 2 8 8 2 2 2 2 8 8 8 2 2 2 2 2 10 2 2 2 10 8 2 2 8 8 2 2 2 2
left_child=1 3 25 17 5 6 -2 9 11 12 16 13 60 -7 -4 -16 -5 18 -1 24 -15 -10 41 -17 -20 -3 27 30 29 -28 31 32 56 34 -30 -32 37 -37 -39 -36 -29 43 -43 44 45 46 -12 -48 49 -47 55 52 53 -52 -55 -40 59 58 -58 -27 -8 -9
right_child=4 2 14 10 -6 8 7 61 21 -11 22 -13 -14 20 15 23 -18 -19 19 -21 -22 -23 -24 -25 -26 26 28 40 33 -31 35 -33 -34 -35 39 36 -38 38 50 -41 -42 42 -44 -45 -46 48 47 -49 -50 -51 51 -53 -54 54 -56 -57 57 -59 -60 -61 -62 -63
leaf_value=-0.0047510432651192286 -0.0015448139334774647 -0.0030626725403449808 -0.0090875425642060349 0.026065277677506118 0.0017866303577983703 0.035388030046994999 0.019908802791841249 0.013637295759103064 0.018520366031536232 0.022454197239325426 0.0018056130213267249 0.00036944360679009263 0.00044515654019081649 0.0082387655537412494 -0.010692783911275159 0.012895700101585068 0.0019909497768427296 -0.0065884815523632448 0.020362552379800874 -0.0099829452816505987 0.033916309290475066 -0.0052540687037210387 0.0067359597070613736 -0.0061978492513867821 0.0002307647440799596 0.0058024910463636394 0.01200864619395366 -4.8122695058063335e-05 -0.0093498650172665031 -0.0017425832331729417 -0.0014762465354335374 -0.0059527962370530046 -0.0022247959981933959 0.00088021747290622555 -0.004154840006266639 0.029129311481094045 -8.5140244508900446e-05 0.0097992397944350173 0.0022459708220923819 0.019357135373964857 -0.002215176162489528 -0.00061364208310861089 -0.0056754802725284357 0.00092594913652050217 -0.0059515233011690006 0.0021660159827960185 0.0067523440956793615 0.032400030388839138 0.0026081788513168968 -0.015323397293548729 -0.0047104374156807568 -0.0015690991910053814 0.0066585957470025941 0.0068579554384928885 -0.0012550608948457313 -0.0074129173931408885 0.0048250740801904311 0.00072085956949958466 0.020149299355412102 0.024042919445876301 3.5444451967531626e-06 0.024489804781040247
leaf_weight=2657.1887861975702 209.14045357541181 1629.9989976757206 57.707626729970798 30.059032723074779 1572.4991477524163 37.02403523423709 136.20979418349452 328.59394344990142 30.728070771205239 123.82042045518756 710.66329405060969 253.17342604673468 397.34735829359852 382.39393107010983 41.668395180604421 634.33234713296406 2408.1832622688962 2098.7836871322943 40.807646134868264 186.77560843783431 26.65405536047183 416.6570720942691 274.00816649547778 51.642080165445805 1721.2095861622365 185.19567933655344 440.17552698508371 9925.1087978400756 52.694570990162902 149.85008279944304 4721.0181349135819 298.22845792514272 712.8874812804861 3102.8040259449044 39.676486218115315 31.281822291319259 9637.1755633804714 402.77264711807948 371.19352353550494 168.47728217358235 6381.9217857103795 1273.3954034704948 1694.4918908767868 3623.5222259922884 1360.241187395528 81.081520098261535 79.523100268095732 40.969288537278771 214.10008347639814 173.64421190414578 414.65470948838629 882.4273169983644 1341.6631434146548 670.56743796158116 453.94607968605123 378.82301700639073 2192.01663766196 1858.3549061508384 78.44378961250186 77.76064606802538 61.023522573523223 296.69907137565315
leaf_count=23988 1339 15211 455 280 13461 349 935 2158 265 707 5486 1895 2483 3241 575 5559 21445 16655 394 2259 261 3544 1889 411 15932 2053 4489 103369 498 1880 80600 4769 12930 28478 546 613 116669 8704 7075 1896 86532 12107 13551 23892 9446 555 615 251 1663 1137 6833 11355 19909 14280 7069 6236 55579 44858 1655 702 415 1789
internal_value=0.000101626 -0.000264242 0.00033471 -0.00178418 0.00575238 0.00805495 0.0112273 0.0132136 0.00372867 0.00813272 -0.000520081 0.00830359 0.00498792 0.0127527 0.00863504 0.010093 0.00234048 -0.00403774 -0.00286957 -0.000298587 0.0103013 -0.0034345 -0.00125313 0.0114238 0.000753308 0.00019391 0.000312279 8.7758e-05 0.00263841 0.00853092 0.00073749 0.00246243 0.00295941 0.00159367 0.009904 0.000254233 0.000814704 0.00256588 0.00236742 0.0148832 -0.00089664 -0.00149326 -0.00350834 -0.000539475 -0.00253354 0.00105198 0.00400924 0.0164164 -0.00417776 -0.00982183 0.00169409 0.0025621 0.00382806 0.00134716 0.00359182 -0.00264938 0.0038025 0.00329606 0.00539763 0.0115445 0.0139025 0.0189402
internal_weight=70325.1 66053.1 47384.5 18668.6 4271.96 2699.47 1552.83 1343.69 1146.63 718.401 11963.9 699.245 594.581 446.072 785.35 727.643 2438.24 6704.77 4605.98 1948.79 409.048 447.385 9525.64 685.974 1762.02 46599.1 44969.1 41015.4 3953.68 590.026 24708.4 5402.89 5104.66 3363.65 260.848 19305.5 14584.5 4947.33 4916.05 208.154 16307 9251.63 2967.89 6283.74 2660.22 1299.98 831.156 120.492 468.826 254.726 4513.28 3763.26 2880.83 1539.17 1124.51 750.017 4391.77 4128.82 2270.46 262.956 197.233 625.293
internal_count=836175 803333 651788 151545 32842 19381 9826 8487 9555 4540 92317 5746 3833 3851 7000 6545 21725 59228 42573 18585 3502 3809 70592 5970 16326 644788 629577 591790 37787 6369 401889 122546 117777 31418 2940 279343 198743 82074 81461 2442 189901 68703 25658 43045 19153 9707 6352 866 3355 1692 72757 59446 48091 28182 21349 13311 104847 102092 57234 2755 1350 3947
is_linear=0
shrinkage=0.04


Tree=11
num_leaves=63
num_cat=0
split_feature=66 57 13 31 56 1 64 23 67 57 66 57 65 65 50 10 46 67 53 63 67 15 58 38 35 66 3 53 62 42 37 46 53 30 46 10 53 64 29 53 59 12 3 65 12 7 15 41 50 61 13 59 57 68 48 55 63 29 39 35 61 26
split_gain=27.4326 33.7862 25.138 16.6409 15.3116 16.0981 16.2392 16.9714 15.662 15.2066 22.5022 15.3011 14.8471 14.5557 14.4459 14.3118 11.9632 11.6069 12.2198 11.4702 13.8571 16.2128 13.4568 12.167 13.4559 11.6749 11.4448 11.4253 11.9452 11.2413 11.166 11.1638 10.9203 10.7643 10.7514 10.6988 10.6424 10.5561 10.3346 13.2081 10.307 10.0249 12.6781 10.0726 11.4157 10.2151 10.9546 9.99993 9.91075 9.9048 11.3857 10.2143 10.1557 9.59933 12.9746 10.9776 10.2014 9.56067 10.1381 9.35694 12.0772 16.0555
threshold=0.20185185185185187 0.14400921658986179 0.30217391304347835 3.6581395246774728 1.6899038461538398 4.5000000000000009 0.22474747474747478 118.50000000000001 0.78019323671497598 0.47140522875816998 0.39379699248120309 0.7193750000000001 32.105555555555561 -26.087121212121211 2764.5000000000005 1.5657144748803606 92.500000000000014 1.0166666666666668 0.75472409412481045 -0.23022544640743423 0.53452380952380962 0.95000000000000018 1.1026315789473673 236.50000000000003 0.50850315825430681 0.85857142857142865 2.5000000000000004 0.94738772386680892 -0.045697936968868307 25.500000000000004 2.4000441927304532 23.500000000000004 0.81632653061224503 7.5000000000000009 5.5000000000000009 1.1735089355115897 2.3857269639056136 0.53452380952380962 0.99519379301032995 1.6364484437815159 -1.6339712918660287 138.50000000000003 2.5000000000000004 27.027777777777782 29.500000000000004 108.50000000000001 0.12854853479853481 2.2216491106873346 149.50000000000003 0.43875000000000003 0.79057017543859665 -0.59629629629629599 0.78192934782608703 9461.5400000000027 1.5000000000000002 2.2340933384279795 -0.35629950217002593 1.9082499971633531 1.1282319791954298 0.65219468754457866 0.87750000000000006 123.50000000000001
decision_type=8 8 8 2 8 8 10 10 10 10 10 10 10 10 2 2 2 10 2 2 8 10 2 2 2 8 10 2 2 2 2 2 2 2 2 2 2 10 2 2 2 10 10 8 10 10 10 2 2 2 10 2 8 2 2 2 2 2 2 2 2 10
left_child=1 12 3 9 5 6 27 29 -7 17 11 26 -1 -12 16 19 33 41 -19 22 21 35 23 24 -4 -23 -11 31 -29 -8 37 -3 -31 36 -28 -21 53 -20 59 -40 -14 43 -43 45 48 -2 -47 -36 -45 50 51 52 -37 54 -6 -56 -55 58 -34 -22 -61 -62
right_child=2 4 15 -5 14 8 7 -9 -10 10 13 -13 40 -15 -16 -17 -18 18 30 20 38 25 -24 -25 -26 -27 34 28 -30 32 -32 -33 57 -35 47 49 -38 -39 39 -41 -42 42 -44 44 -46 46 -48 -49 -50 -51 -52 -53 -54 56 55 -57 -58 -59 -60 60 61 -63
leaf_value=-0.0027060007421110788 -0.0036284272447293653 0.0022036074372370281 -0.0050848483994681481 0.011201860657560347 -0.011840195066906024 0.00079399306255947908 -0.0014645871143403625 0.024787574241967539 0.0097087835266584325 -0.0079760071897978964 0.021971073209651994 0.0054204756195110225 0.026810461069726173 -0.0023442391493453119 -0.015423974150548683 -0.0021962835332695056 0.015424358705143573 -0.015859052633888034 -1.829023844900972e-05 -0.0015580787499748553 0.0043828529460223347 0.039885036020530541 -0.0044361240646990296 -0.0012725115593177768 0.0072868033598052729 0.00097992146569589279 -0.0037591574400272065 0.0210147120139604 0.0024294238963743111 -0.0023245767755383051 0.029609897368334415 -0.020425780233737548 0.029480491952531513 -0.0012166950850167799 0.0034023858619094231 -0.0024260190027113803 0.011945794699026359 0.02125724927426384 0.0011548210587832876 -0.0025452455262691054 0.003931156553512569 0.017592014157753064 -0.00076405831820295549 0.021060704976195038 -0.0083609336109740952 0.015271128661953111 -0.0088812867644406449 -0.016461868503734871 -0.0035994679640992872 0.0036922059582895801 -0.0087398232092649169 0.00415737071192875 -0.026485257950180342 0.011034697009538888 0.0041950607649684848 -0.0089782463267775309 0.00014414056096563051 -0.0026580458563632615 0.010889314405023923 0.002114431010189289 -0.0089383368618260132 0.011193135282275817
leaf_weight=3110.9830920624081 4575.0120711227646 99.857825932325795 179.14288961037528 154.6675806674175 81.514996127923951 1337.2042292542756 113.10130862472579 156.16064685932361 408.03813803161029 258.67272599367425 34.683275332092308 1223.0094057067763 33.433906805701554 6202.445584344212 72.434738589450717 3566.5373362646205 99.033884995616972 35.717937994748354 177.54159180261195 6422.6802536061732 2785.7295225262642 22.119932662695646 1535.035842714773 2478.0115329472465 602.33739892399171 23.121130916639231 556.54041319293901 75.826980372425169 180.45177663862705 56.466010344680399 27.902884273324162 47.927543471101671 95.782908170484006 1584.813926048344 1333.9330850748811 175.23087735148147 177.8636545301415 42.238844092586078 13140.064635962539 1744.2491671352182 189.21426156826783 62.337798447348177 565.01179190387484 71.979344964027405 58.867307869717479 26.630345745943487 946.25966911856085 36.920562253799289 37.475546143949032 1421.5588018753333 253.63016277039424 497.37606179853901 28.73147768387571 138.70866519713309 3769.5566412437474 99.451779983006418 3251.1340565603459 32.737503422424197 105.52384701394476 3290.7989728518296 330.27561202074867 73.659825454698876
leaf_count=25199 37120 724 4742 1154 736 11340 998 1238 3723 2110 475 10046 202 61012 435 37422 632 295 1371 93622 44266 647 30147 61775 15798 1383 4878 607 1124 473 208 336 908 12995 10702 1683 978 405 186519 16910 1461 517 5316 422 351 195 7583 268 206 16227 3629 5487 310 1380 25738 532 23713 245 791 48462 5105 901
internal_value=7.46345e-05 0.00157145 -0.00034234 -0.00165244 0.00256211 0.00520551 0.00934353 0.0137282 0.00290005 -0.00177801 -0.000763838 0.00184761 -0.00198822 -0.00219154 0.00178758 0.000215797 0.00193137 -0.00325255 0.00460932 0.000461843 0.000750334 -0.000580928 -0.00135477 0.000100949 0.00443649 0.0220783 -0.000159054 0.00317573 0.0082253 0.00919822 0.00781642 -0.0055635 0.013304 0.00177619 0.000907971 -0.000709903 0.00240747 0.00445247 0.00130145 0.000720512 0.00788022 -0.00360714 0.00118461 -0.0041336 0.00539088 -0.00442717 -0.00814548 0.00280951 0.0128291 0.00158079 -0.0015651 0.00107305 -0.0063678 0.00216837 0.00350708 0.00384529 0.000605366 0.0170443 0.0202352 0.00263416 0.00131155 -0.00517528
internal_weight=70315.4 15317.2 54998.1 16427.8 11983.6 2709.08 963.836 559.772 1745.24 16273.2 9646.21 3409.08 3333.63 6237.13 9274.51 38570.3 9202.08 6626.98 283.401 35003.8 30209.2 8844.45 4794.53 3259.49 781.48 45.2411 2186.07 404.064 256.279 403.612 247.683 147.785 290.51 9103.04 1927.39 8799.21 7518.23 219.78 21364.8 14884.3 222.648 6343.57 627.35 5716.22 168.322 5547.9 972.89 1370.85 109.455 2376.53 954.969 701.338 203.962 7340.37 3950.52 3869.01 3389.84 234.044 201.307 6480.46 3694.73 403.935
internal_count=836177 116508 719669 144634 89646 22507 7444 4653 15063 143480 89491 28004 26862 61487 67139 575035 66704 53989 2279 537613 425151 122988 112462 82315 20540 2030 17958 2791 1731 3415 1984 1060 2417 66072 15848 120958 53077 1776 302163 203429 1663 51710 5833 45877 979 44898 7778 10970 628 27336 11109 7480 1993 52099 27006 26270 25093 1944 1699 98734 54468 6006
is_linear=0
shrinkage=0.04


Tree=12
num_leaves=63
num_cat=0
split_feature=27 13 27 27 18 18 25 18 72 28 27 35 12 27 27 45 18 27 66 25 42 41 45 67 31 63 41 28 60 66 23 21 44 56 45 25 55 14 15 46 56 10 9 56 24 27 47 61 67 9 48 9 63 67 51 41 40 9 23 60 9 40
split_gain=97.7362 27.0438 44.0449 32.6811 26.6872 23.38 19.7854 19.1875 16.8208 14.679 14.3005 14.4342 14.0091 13.9263 13.6733 13.2396 13.195 19.8758 12.9808 12.8431 12.2283 12.0305 16.1147 13.0022 24.1646 15.6731 15.5971 13.5214 11.8275 11.6352 11.5748 11.3833 26.0851 14.5357 16.015 14.0865 11.3587 13.3602 12.1191 11.3061 11.2835 11.2219 11.1802 11.1548 11.0745 10.9359 15.2364 12.2655 10.8726 10.7127 10.7583 11.7479 10.6892 10.6892 10.606 10.4918 10.3865 10.1942 10.1677 9.94232 14.6047 11.6228
threshold=12.500000000000002 0.267948717948718 5.5000000000000009 7.5000000000000009 7.5000000000000009 3.5000000000000004 114.83333333333336 8.5000000000000018 1.0000000180025095e-35 4.5000000000000009 9.5000000000000018 1.9775919130743573 25.500000000000004 14.500000000000002 7.5000000000000009 0.63497836673815033 14.500000000000002 20.500000000000004 0.22111111111111112 79.416666666666671 22.500000000000004 2.1635079746396557 1.7801062548658437 0.45643939393939398 1.7364672780257799 -0.22376866971757123 0.73469513121354335 12.500000000000002 0.18711606989107096 0.1079192546583851 78.500000000000014 -2.4999999999999996 60.500000000000007 4.5999999999999988 0.90084822121911878 112.83333333333336 1.4202344241038192 0.57411837674995592 0.48040923945335717 44.500000000000007 6.3100961538461542 0.53477070782629232 2.4311994222004265 2.6282894736842093 15.500000000000002 10.500000000000002 0.40627725187788849 0.11324786324786326 0.88348416289592768 0.51599009431748144 32.500000000000007 0.45039327902745269 0.41765772980065763 1.4198717948717952 1.177568354910276 0.50801509739803685 82.500000000000014 1.6775031013759565 101.50000000000001 -0.62115563949773001 0.94737892434129434 34.500000000000007
decision_type=10 8 8 10 8 8 10 8 2 2 10 2 10 10 10 2 8 10 10 10 2 2 2 10 2 2 2 2 2 8 10 8 2 8 2 10 2 10 10 2 10 2 2 10 10 8 2 2 8 2 2 2 2 10 2 2 2 2 10 2 2 2
left_child=1 2 12 21 6 9 -2 8 10 14 36 -12 -1 -6 48 -14 17 -15 45 -11 -10 22 23 31 25 -25 27 -27 -23 54 -17 32 33 35 -35 -3 37 38 57 -24 -21 49 52 -20 -16 47 -47 58 -4 50 51 -31 -26 56 -28 -33 59 -5 -7 60 -43 -62
right_child=4 3 5 7 13 18 -8 -9 20 19 11 -13 15 16 44 30 -18 -19 43 40 -22 28 39 24 42 26 29 -29 -30 41 -32 55 -34 34 -36 -37 -38 -39 -40 -41 -42 53 -44 -45 -46 46 -48 -49 -50 -51 -52 -53 -54 -55 -56 -57 -58 -59 -60 -61 61 -63
leaf_value=-0.0055933920919970757 0.0098705553231225856 0.010607904773737157 -0.0014763158418483846 0.0056979737929374573 -0.0031977834706002385 0.00070384854432399666 0.024076587253033039 -0.010804569897087087 0.011169580012487541 -0.0057037979865971131 0.025551938697548061 -0.0047742242191825346 -0.012840278740524232 0.0077293102164809127 -0.013746338704349055 0.0034738483803187833 0.0015750048347106219 0.032220342046968387 -0.0015483124959531881 0.011350768203791052 -0.0094907574934941716 -0.0057594359840683462 0.0024594038336189939 -0.0017959288891209078 -0.0040744211813990962 0.0050922458999396606 0.0027648864324398771 -0.01010992038228121 0.0030309841060410371 0.0061623389053287597 -0.0026695623286758226 0.001990031516497153 0.00047758842179009469 0.046879778547501305 0.008757502609149613 -0.020683696320253443 -0.0034387165031222219 -0.0080894356531879073 0.027085169518075668 0.010374258222343903 -0.013320943856744981 -0.012174335477252789 0.010897519448950701 -0.006099917990766493 0.0061410116479880192 0.026694883168549125 0.0020899053726993141 -0.0039690912900865512 0.0046267596620122604 0.0036122443426136763 -0.0008085106763112761 0.036851169798329315 0.0064159343538458336 -0.015410899776978728 0.019547951083026587 -0.0011839929054116608 0.028586572430174009 0.026414870484118697 0.017838666984996667 0.00096990853632273005 0.037932091782511938 -0.0094973285415433147
leaf_weight=3828.1799801079906 1046.3448305713246 197.85495303943753 1191.3270035784226 213.15091057203244 331.24012259964366 200.20468534436077 184.37195708137006 77.654929959680885 70.991856799111702 577.0735139362514 170.32640747434925 27.643819321412593 161.48166679276619 417.25842323875986 41.330104425782338 638.68418579886202 480.36974103178363 56.934811238665134 4588.5740046384744 142.85717933066189 110.63697553076781 969.95458537247032 1525.0698845296865 1803.0971702099196 2053.5040143233491 3040.9208591624629 145.39206366601866 92.073247753200121 323.51543024380226 37.060872057918459 2063.0144883772591 1839.7181752966717 7449.0804365968797 31.774723220965825 39.402380570885725 21.291751786600798 99.531229039188474 45.573933560634032 84.456744312541559 352.8500030656578 32.635400556027889 173.79361423826776 87.809133519884199 1057.4679886051454 1860.519701130921 36.160351047292352 1977.5285167044494 1075.9939373428933 761.435741947731 679.82081635179929 39.850097479997203 45.234345628181472 163.67734494199976 60.437099361792207 100.31980994786136 17262.091152779409 16.503886925056577 42.570095580071211 71.847263835370541 7997.5396463531652 13.699277840554716 11.912667216849512
leaf_count=33021 7507 4362 9685 1601 2699 1384 1213 1074 914 4777 1340 214 2042 2852 332 6230 5098 370 38759 1264 1191 9955 12015 41534 25968 46494 1585 1434 2802 973 17980 27932 111560 900 591 302 680 498 709 3124 239 2635 935 7539 14134 225 11572 7518 6175 12309 612 1051 1505 516 865 230190 138 341 544 101727 236 202
internal_value=0.000153574 -0.000133897 -0.00135555 0.000388255 0.00788626 -4.92128e-05 0.0120875 0.0077425 0.00946031 0.00226708 0.0123182 0.021304 -0.00401155 0.00383371 0.00326439 -0.0018905 0.00627764 0.0109754 -0.00123452 -0.0028289 -0.00133251 0.000238613 0.000347433 0.000190252 0.00107141 0.00168583 0.00219042 0.00463008 -0.00355762 0.0013684 -0.00121352 -0.000353576 0.000940148 0.0125994 0.027736 0.00717412 0.00847258 0.0115506 0.0142608 0.00397016 0.00652079 0.00113292 -0.00272451 -0.00240544 0.00567392 0.000732695 0.00259677 -0.00205113 0.000909179 0.00563576 0.016313 0.0241753 -0.00328731 0.000693329 0.00987031 -0.000877858 0.000821133 0.00958717 0.00546932 0.000747837 -0.00796464 0.0179236
internal_weight=70340.6 67824.1 20306.3 47517.8 2516.52 13615 1230.72 942.537 864.882 4607.18 683.253 197.97 6691.36 1285.8 3854.61 2863.18 954.563 474.193 9007.78 752.566 181.629 46575.2 45281.8 43403.9 16562.6 14257.7 12454.6 3132.99 1293.47 9321.56 2701.7 26841.2 7739.4 290.324 71.1771 219.147 485.283 385.752 340.178 1877.92 175.493 9075.85 2304.99 5646.04 1901.85 3361.73 2013.69 1348.05 1952.76 801.966 122.145 82.2952 2217.18 8273.89 245.712 19101.8 8213.45 255.721 272.052 8196.95 199.406 25.6119
internal_count=836173 816434 163420 653014 19739 104147 8720 8562 7488 36606 5383 1554 59273 11019 30326 26252 8320 3222 67541 6280 2105 644452 631695 616556 240719 212311 170777 47928 12757 122849 24210 375837 117715 6155 1491 4664 3829 3149 2651 15139 1503 120399 28408 46298 14466 21243 11797 9446 15860 14945 2636 2024 27473 105454 2450 258122 104938 1942 1928 104800 3073 438
is_linear=0
shrinkage=0.04


Tree=13
num_leaves=63
num_cat=0
split_feature=27 18 27 18 18 7 2 27 18 27 58 7 14 62 13 25 24 50 12 30 43 18 56 44 13 13 56 66 66 24 47 38 2 34 38 15 51 62 67 62 57 51 58 33 40 9 15 57 62 27 18 44 44 56 66 62 48 4 13 58 34 2
split_gain=88.8818 37.8225 49.7375 29.1619 23.2073 29.575 17.7706 17.7074 19.4759 26.4883 17.447 16.7238 17.9095 15.5891 15.578 14.2427 14.1165 14.4775 13.2622 12.9352 12.6914 13.19 13.4345 12.3826 12.0825 11.7034 13.311 11.5135 11.5124 11.4661 11.4454 11.389 11.312 11.3006 11.26 11.8515 11.2092 13.1078 11.1723 21.2492 12.3202 11.0592 11.0455 11.0253 10.9072 10.8329 10.8079 12.3625 11.0115 10.6671 12.4096 10.8442 11.7857 12.0897 11.5058 13.4434 16.2932 12.8552 10.396 13.3999 10.3607 10.9277
threshold=10.500000000000002 3.5000000000000004 7.5000000000000009 -1.0000000180025095e-35 4.5000000000000009 112.50000000000001 19.250000000000004 13.500000000000002 21.500000000000004 17.500000000000004 -5.8333333333333348 55.500000000000007 0.29167637917637929 0.26181825444204215 0.22902097902097904 118.16666666666667 107.50000000000001 40.500000000000007 16.500000000000004 6.5000000000000009 0.45349550254965026 6.5000000000000009 1.1143790849673219 117.50000000000001 0.69397993311036799 0.49137931034482768 7.8786764705882328 0.09232954545454547 0.39379699248120309 111.50000000000001 0.82569003206440594 4976.5000000000009 23.250000000000004 7.5000000000000009 324.50000000000006 0.6129933954933956 1.3604289073399884 -0.37656702122033264 0.81365740740740755 0.22047902556714336 0.18257575757575759 0.7435763707157822 2.8774999999999982 0.60869873670731367 4.5000000000000009 1.8274021732261614 0.7000126262626265 0.85857142857142865 0.05927537684419399 4.5000000000000009 -2.4999999999999996 3263.5000000000005 3313.5000000000005 8.5092592592592613 0.40990259740259744 0.012117292390464664 174.50000000000003 6.5000000000000009 0.3585714285714286 6.6666666666666652 22.500000000000004 20.250000000000004
decision_type=10 10 10 10 8 10 2 10 8 10 2 10 10 2 8 10 8 2 8 2 2 10 10 2 8 10 10 8 8 8 2 2 2 2 2 10 2 2 10 2 10 2 2 10 2 2 10 10 2 10 8 2 2 10 8 2 2 2 8 2 2 2
left_child=1 2 3 18 5 32 14 -6 9 20 19 -4 30 -7 15 -5 17 31 23 28 -9 33 -23 -1 -10 27 36 -12 -3 49 45 38 44 -22 -8 -36 37 -27 41 42 -41 -16 46 -11 -2 -13 47 -40 -49 51 -51 -25 -53 54 55 56 -54 -57 -14 -60 61 -32
right_child=4 10 11 6 7 13 34 8 24 43 25 12 58 -15 16 -17 -18 -19 -20 -21 21 22 -24 29 -26 26 -28 -29 -30 -31 60 -33 -34 -35 35 -37 -38 -39 39 40 -42 -43 -44 -45 -46 -47 -48 48 -50 50 -52 52 53 -55 -56 57 -58 -59 59 -61 -62 -63
leaf_value=0.0054743889026718142 -0.0038677007332648715 0.021523979853170221 -0.0025731804824364025 -0.0035166885176117521 0.00089925063308317788 0.034527468851407166 -0.0075420112454173726 0.028383651276738548 -0.0030466842197086411 -0.0036692591530044952 0.0029314256213357672 -0.0079174810326550476 0.0079095009019225712 0.0038991383244447145 0.0087942189316743084 0.008897588763750278 -0.0093499526016696984 -0.0013415564232675029 0.00075724640651551032 -0.0076475440446239582 0.0028925386251601403 0.008430155542844946 -0.0035195167079812547 -0.0024874658169156713 0.019343587344371103 -0.017056383666444457 -0.010824242325300437 -0.0054095407996695042 0.0031775229073627955 -0.013803586545172393 0.0057791208764625306 -0.004909586949899734 0.021113379418041464 0.020311757946193502 -0.0032973439868038252 0.0064248931771293321 -0.0063492375134557204 0.009895364548080739 0.0072028931484502514 -0.0033231352180626739 0.020558779456076832 0.00037087250315642273 -0.0032970408663722545 0.021013823767530585 0.008431397440228354 0.01336657991748085 0.022291416528802236 0.00010345154239992178 -0.024184835314892614 -0.01140297705757147 0.012011667027296375 0.024863783291230141 -0.0095213328309205897 -0.015006838252279648 -0.0013344775178156826 0.023775435333249838 0.020791772568051151 0.0061125866013365029 0.022037104960210559 -0.0052151201440691743 0.019640157628505878 -0.0097380856649565712
leaf_weight=424.08558331674431 134.53214142646175 56.585272546857595 364.5871647001477 3817.6053685742663 1592.1120605579345 108.69211552175693 984.70513465860859 32.776060028234497 368.81234659824986 30.397367026889697 279.27038438431919 235.99333973811008 1212.7205349768046 36.510682713706046 263.03571795718744 149.14064445742406 254.83649067755323 5664.0951430712594 30417.19439321768 156.79421718686353 111.17965605668724 252.16822065168526 358.4518845109269 5127.3085044440231 38.004385140840895 27.096478591673076 115.0660391994752 4259.3330318389926 519.5801898627542 114.6887583451462 430.62505986052565 402.51286664011423 90.405858746380545 128.37573789921589 3051.4854354015552 210.13456560892519 119.19928793841973 326.94131982966792 519.02891313820146 40.704001150093973 184.771376414923 3592.6293204041431 322.31186112749856 308.57492046477273 709.67496150825173 40.806408325210214 52.063109457725659 143.82917460706085 32.678519962821156 41.194470974383876 173.55003064649645 28.256255871616304 139.09051281760912 68.855394528247416 880.89262635144405 78.03077481361106 30.434595059137791 352.31498952850234 171.88198457809631 32.476571572013199 65.36720667174086 82.445874358993024
leaf_count=8157 1212 446 3027 32363 11702 801 11151 265 3634 239 2228 1842 9659 219 3810 1120 2441 58286 412376 2561 594 1967 2260 72429 827 862 1340 35659 7642 3529 2994 4301 697 810 29536 3357 1322 5667 6247 347 1799 44103 3412 1931 5687 323 1739 2584 471 379 1624 327 1279 641 12977 421 246 2840 1587 271 579 648
internal_value=4.79952e-05 -0.000314933 -1.61924e-05 -0.000262481 0.00561646 0.0106818 -0.00151113 0.00390435 0.00683013 0.00934507 -0.00338126 0.00535041 0.00662459 0.0272123 -0.00088023 -0.00303933 -0.000132699 8.07662e-05 0.000386601 0.00237831 0.00563788 0.00460016 0.00144374 -0.00112442 -0.000745548 -0.00420618 0.00109394 -0.00489364 0.00514901 -0.00152583 0.00203689 0.0015313 0.00798241 0.0124518 -0.00380127 -0.0026621 0.00407467 0.00762379 0.00203887 0.00524545 0.0162689 0.000956163 0.00285747 0.0187792 0.00646019 -0.00459825 0.00551514 0.00410924 -0.00493562 -0.00131253 0.00736277 -0.00159565 0.00130103 0.00079279 0.0015755 0.00582443 -0.00363951 0.00955152 0.00937647 0.0176851 0.0052242 0.00321573
internal_weight=70358.9 66058.2 60198.4 57561.5 4300.67 1079.82 19685.6 3220.85 1628.74 1221.92 5859.87 2636.9 2272.32 145.203 15439.2 3966.75 11472.5 11217.7 37875.9 732.96 882.952 850.175 610.62 7458.7 406.817 5126.91 588.303 4538.6 576.165 7034.62 855.238 5553.56 934.613 239.555 4246.33 3261.62 473.237 354.038 5151.05 1295.39 225.475 3855.67 1069.91 338.972 844.207 276.8 747.6 695.537 176.508 6919.93 214.745 6705.18 1577.88 1549.62 1480.76 599.871 169.525 430.346 1417.08 204.359 578.438 513.071
internal_count=835794 802949 745222 724292 32845 8616 207067 24229 12527 8066 57727 20930 17903 1020 163023 33483 129540 127099 517225 10649 5896 5631 4227 104849 4461 47078 9191 37887 8088 96692 6386 68813 7596 1404 44044 32893 7851 6529 64512 16599 2146 47913 14453 2170 6899 2165 11041 9302 3055 93163 2003 91160 18731 18404 17763 4786 1525 3261 11517 1858 4221 3642
is_linear=0
shrinkage=0.04


Tree=14
num_leaves=63
num_cat=0
split_feature=27 13 18 27 7 20 18 27 68 26 32 13 18 5 27 50 65 47 12 45 27 64 27 33 59 66 64 27 35 19 53 62 50 44 42 62 68 41 7 43 18 51 39 42 49 12 24 27 59 66 68 7 53 1 38 51 28 48 59 64 39 67
split_gain=76.4444 44.9436 32.02 24.6615 23.8804 19.4196 18.0873 21.801 18.3864 17.9682 17.7974 17.7848 17.158 16.2792 15.8062 15.3059 15.073 15.9029 14.7373 14.477 14.4617 16.7849 15.0594 14.1214 13.8655 13.8366 13.7847 13.6764 19.0369 13.6294 13.3048 12.8844 12.4992 18.1718 12.5303 12.196 12.1649 12.6032 12.0229 12.0118 11.8015 16.7908 11.4812 12.5743 12.8266 11.4616 11.6998 13.1915 11.4324 11.4302 11.3407 15.8438 11.1444 11.4781 11.1276 11.9841 13.5251 11.0181 12.5932 11.8762 11.0002 12.8777
threshold=8.5000000000000018 0.30217391304347835 3.5000000000000004 13.500000000000002 91.500000000000014 1.0000000180025095e-35 3.5000000000000004 6.5000000000000009 4232.0900000000011 73.500000000000014 5.5000000000000009 0.13484848484848486 6.5000000000000009 4.5000000000000009 14.500000000000002 844.50000000000011 -6.7445652173913038 2.2846474917990984 356.50000000000006 1.051004126596111 4.5000000000000009 0.29520697167755999 -5.4999999999999991 0.67587018251623132 -2.1801948051948048 0.38548951048951058 0.61651583710407254 16.500000000000004 1.0000060307160239 -2.7499999999999996 1.6364484437815159 0.37789551096244511 63.500000000000007 1516.5000000000002 65.500000000000014 -0.10261374433734559 9400.0200000000023 1.3390050137506171 50.500000000000007 0.63974360486608972 21.500000000000004 1.4520830455017506 1.2692069860590807 88.500000000000014 1.4045745987018392 22.500000000000004 64.500000000000014 3.5000000000000004 0.090909090909091286 0.12310606060606062 39414.000000000007 140.50000000000003 0.78874016298563598 4.5000000000000009 6073.5000000000009 1.1110821756044078 5.5000000000000009 27.500000000000004 -0.58114035087719274 0.29520697167755999 1.1465678206739354 0.18350168350168353
decision_type=10 8 8 10 10 8 10 10 2 8 10 10 8 2 10 2 10 2 10 2 10 8 10 10 2 8 8 10 2 10 2 2 2 2 2 2 2 2 8 2 8 2 2 2 2 10 8 8 2 10 2 10 2 10 2 2 2 2 2 10 2 8
left_child=1 6 4 29 30 12 7 9 -9 38 18 52 13 -5 26 19 -8 35 25 -7 22 -22 -3 -14 -13 50 -6 28 -25 -4 36 -20 54 34 -34 -18 39 -38 48 -2 41 -29 -27 -44 -45 46 47 -40 -1 -32 51 -11 -10 57 55 -24 60 58 -54 -59 61 -57
right_child=2 20 3 5 14 15 16 8 11 10 -12 24 23 -15 -16 -17 17 -19 31 -21 21 -23 32 27 -26 42 -28 40 -30 -31 49 -33 33 -35 -36 -37 37 -39 45 -41 -42 -43 43 44 -46 -47 -48 -49 -50 -51 -52 -53 53 -55 -56 56 -58 59 -60 -61 -62 -63
leaf_value=0.0058813184286798225 0.018051298267732864 0.00079255749005511817 0.01384958328374282 0.0090252940851248374 0.0090891826007678828 -0.0037396878717824364 0.0062252719333155283 0.02446493294235658 -0.019148389908704839 0.00026977490208718454 -0.0046244577635179661 0.022046401670259782 -0.0056480611904213083 0.030175553314232256 0.032755544843163897 -0.021267844829812553 -0.0093569874009302965 -0.021823865840582886 0.0042251208994163519 0.008659449555529419 -0.0012309525830085063 0.0058597898980459352 -0.00059076918102772178 0.027122682659306098 0.0028344407523338356 -0.00080987988283636088 0.024049925311365343 0.027861823848022351 -0.00049827554348747937 1.0626071836451038e-05 -0.00043630124570022736 0.032853982855129825 -0.0033563227045214986 -0.00046765070475088808 -0.010434163807306485 -0.0032895358868189691 0.0025460063306524928 -0.011599584540298531 -0.010267788020082406 0.0045234254009788649 0.0047890377662476169 0.004261630560522733 -0.0077418307436272725 -0.0068004496651455143 0.013799224041134719 -0.0019960201282820406 -0.020652487288848224 -0.0036969781628821297 -0.0069774196134602517 0.022176863622558021 0.0057045604866941303 -0.02213668375702714 -0.0046968123597997784 -0.0088286081639051064 -0.0073953596414393832 -0.0062866186547585181 -0.0054379337366589472 0.0054080501091438868 0.019667761156978995 -0.018015886478637552 0.0006393808012961457 0.0073986491689276854
leaf_weight=321.02606204128824 126.29378460545558 26496.30839417578 112.68320230126847 133.11578761041164 521.08056453685276 296.249961175723 182.08240551315248 52.458175145555288 68.291774697601795 4531.2196723979432 1898.1526066124206 57.420309729641303 121.12017944816034 107.98879089625552 62.90610907273367 41.783008759841323 729.09262145508546 88.109252419322729 78.877614327357151 297.21576912584715 809.37941153638531 1557.1581377957482 5100.300183942134 41.050047174794599 1745.6225350112654 1965.2566915362258 121.18290820578113 143.8390923156403 298.87093023466878 3509.9690094976686 50.430648400913924 33.225004042033106 1959.3089581140084 4087.2236968886573 501.25000749528408 1945.9371880709659 413.27116435475182 127.79665122576989 804.43483529298101 556.21652300702408 132.36492363538127 74.402232562191784 939.37215791537892 91.877980797784403 92.170959173468873 1164.1421780466335 91.01054661674425 1258.7401798809879 162.60352441458963 116.4040362611413 635.14374227379449 46.06161624006927 50.97289182851091 233.10171028994955 288.44147714681458 117.3440520381555 284.59962394356262 74.587838978506625 87.715170074137859 57.01128445379436 1033.6904647027841 1194.7258080954198
leaf_count=3201 1083 427843 954 677 3890 3230 2281 358 589 29860 17935 390 1113 617 440 273 7446 621 1028 2333 6852 15712 67099 320 13963 20135 1040 843 1949 26742 300 248 21234 41532 4858 14956 3892 1040 7417 4131 1241 401 7590 795 674 11034 665 10090 1901 747 5086 264 408 1788 3195 1349 3157 586 856 546 9556 13544
internal_value=0.000136536 -0.000316066 0.00397897 0.00232279 0.00816059 0.00630828 -0.00191187 -0.00139674 0.0021019 -0.00199896 -0.00113125 0.00155753 0.00962839 0.0189189 0.0141384 0.000773867 -0.00479759 -0.00553389 -0.000340853 0.00249044 0.000400066 0.0034372 0.000224633 0.00676964 0.00350555 -0.000539315 0.012076 0.00897269 0.00318215 0.000459585 0.00508907 0.0137506 -0.000808305 -0.00210428 -0.00481641 -0.00495762 0.00360838 -0.000870707 -0.00434772 0.00713974 0.0144631 0.0200918 -0.00265857 -0.00587467 0.0036079 -0.00520551 -0.00693131 -0.00627758 0.00153086 0.0155276 0.000717818 2.0388e-05 -0.00456352 -0.00241601 0.00025054 0.000540414 0.00273075 0.00317426 0.0108611 -0.00502765 0.00373128 0.0061555
internal_weight=70321.7 62915.4 7406.24 5310.65 2095.58 1688 19485.7 16540.5 2427.18 14113.3 10311.4 2374.72 1052.75 241.105 705.17 635.249 2945.22 2763.14 8413.21 593.466 43429.7 2366.54 41063.2 811.647 1803.04 8301.1 642.263 690.527 339.921 3622.65 1390.41 112.103 14566.9 6547.78 2460.56 2675.03 1223.58 541.068 3801.96 682.51 350.606 218.241 3088.68 1123.42 184.049 3318.33 2154.19 2063.18 483.63 166.835 5212.43 4577.28 571.681 503.389 8019.1 7730.66 2630.36 270.287 138.688 131.599 2345.76 1312.07
internal_count=835898 778642 57256 40693 16563 12997 162711 137407 19484 117923 83615 19126 7161 1294 5370 5836 25304 23023 65680 5563 615931 22564 593367 5867 14353 64404 4930 4754 2269 27696 11193 1276 165524 67624 26092 22402 10146 4932 34308 5214 2485 1244 29194 9059 1469 29206 18172 17507 5102 1047 35210 30124 4773 4184 97900 94705 27606 2396 1264 1132 24449 14893
is_linear=0
shrinkage=0.04


Tree=15
num_leaves=63
num_cat=0
split_feature=27 18 27 66 13 13 1 48 33 18 64 27 48 20 45 25 64 57 17 38 58 55 49 68 63 41 47 47 38 16 33 19 63 15 34 14 32 14 37 59 46 27 61 68 64 27 31 17 35 64 57 14 1 15 63 64 55 33 68 36 24 18
split_gain=92.6747 33.1621 50.2602 24.3627 18.6742 18.5505 17.9498 22.2173 16.7341 15.0791 15.0738 18.2597 14.0083 13.8788 13.7067 13.4827 13.1654 16.556 12.6326 12.4093 12.2318 13.1217 12.228 11.9961 11.9118 11.8691 11.8218 12.9337 12.0132 11.7923 11.5798 11.1326 15.4713 11.1683 12.1749 11.6542 11.1075 11.5137 11.5762 11.0627 10.9565 10.5821 15.2886 17.7676 16.8141 13.8308 11.2699 10.7705 10.6042 10.2785 10.2041 10.0747 9.96404 9.95803 9.93471 9.86258 11.855 12.9905 9.72949 9.67992 10.4459 9.6084
threshold=10.500000000000002 1.5000000000000002 6.5000000000000009 0.22821969696969699 0.267948717948718 0.13484848484848486 5.5000000000000009 21.500000000000004 2.6306270684267932 3.5000000000000004 0.70710784313725505 8.5000000000000018 70.500000000000014 -2.4999999999999996 1.5673579827876982 81.416666666666671 0.39736842105263165 0.11237373737373739 49.500000000000007 1206.5000000000002 -11.121323529411766 0.73172951142577969 0.62561359566516306 8361.7650000000012 0.09353996347946493 0.96102028708042819 0.845075551837002 0.92856935253384265 187.50000000000003 1.0000000180025095e-35 0.24593914861601457 -1.0000000180025095e-35 0.47435341800655845 0.46207080754494556 7.5000000000000009 0.57411837674995592 6.5000000000000009 0.16495078995078999 2.115403308211016 -1.3956521739130439 36.500000000000007 3.5000000000000004 0.72821969696969713 10625.040000000003 0.078461538461538485 -5.4999999999999991 0.66251238319235262 51.500000000000007 0.62500358257077948 0.23669467787114848 0.5270467836257311 0.28321678321678334 3.5000000000000004 0.73965978465978477 -0.26642876358953127 0.39736842105263165 1.2876628014764744 0.64291757312061892 5459.1400000000003 5.5000000000000009 78.500000000000014 48.500000000000007
decision_type=10 10 10 10 8 10 8 2 10 8 10 10 2 10 2 8 10 10 10 2 2 2 2 2 2 2 2 2 2 10 8 10 2 10 2 8 10 10 2 2 2 10 2 2 8 10 2 10 2 8 10 10 10 10 2 10 2 10 2 2 10 10
left_child=1 2 4 6 12 8 7 15 22 -5 11 -3 51 24 31 -2 39 -18 25 -16 -11 -22 -4 -24 -7 -8 -12 -28 -29 -19 53 32 -13 34 52 -35 37 40 -39 -9 -14 45 44 46 -43 -32 49 -47 -48 -44 -41 -1 59 -6 -53 -45 57 -57 -51 -33 -61 -23
right_child=3 10 5 9 30 13 18 16 -10 20 26 14 36 -15 19 -17 17 29 -20 -21 21 61 23 -25 -26 -27 27 28 -30 -31 41 33 -34 35 -36 -37 -38 38 -40 50 -42 42 43 55 -46 47 48 -49 -50 58 -52 54 -54 -55 -56 56 -58 -59 -60 60 -62 -63
leaf_value=-0.0010761402028242528 0.0079041001067484701 -0.0040208927845517047 0.015207012226009675 0.011493455470138882 -0.01141710141214569 0.0062217016786371591 0.036481024190794936 0.014496776725798995 0.026701042252935809 0.015126304666605264 0.0070638109882575264 0.008745992976219202 0.0079363224117636674 0.0088661980369782508 -0.024188931778366209 0.022817671666631494 -0.0082742921717184961 0.022249132453306029 0.0030071004236349821 -0.0026492217985548717 -0.011454040822960912 0.0017684525660255396 -0.01581593843087744 -0.0005604590308670791 -0.0072615652182982859 0.0047904092493217245 -0.014036353278399983 0.015438766836376473 -0.00092279882024203831 -0.0026047386766441527 0.00054001541250424227 -0.013721844412937405 -0.019634602755030674 0.0074484067500307409 -0.0056416588494799195 -0.015340956545937832 -0.0084620847430572754 0.001950279144792996 0.011115313759066941 -0.0012999931273379615 -0.0073029898589904389 -0.022134255795706128 -0.0092669605409127342 -0.0087161017084622944 0.00096478573200231739 0.0034113510881471913 0.020312786604563225 -0.0013025858231043078 0.007142776310402916 0.027658991540182729 0.013249093048456005 0.0019288094463843456 0.0075865836177689099 0.019785779449036547 -0.0047292267777602924 0.013583112615264637 0.017785591855083351 -0.0075895390150544926 0.0042866617489374908 -0.0039975874474438853 0.020605834655029475 -0.021018766193182489
leaf_weight=3467.2619450119091 147.00984792853706 6823.064601517457 40.100770640419796 247.46278775820974 199.57812268135604 252.17209408385679 31.50536755786743 128.54640796221793 24.75643787253648 87.898852388956584 422.58782792254351 411.15638282918371 93.362737342249602 1621.6267850378063 60.634300673380494 329.12242426583543 39.917283093556762 204.72409874107689 934.83241782977711 127.16776638571173 136.17258706688881 1450.4777481865603 138.19155172759201 195.39493444468826 172.02167223847937 42.913958269869909 102.66899630945409 75.023934719385579 694.74837771221064 34.600838422775269 26591.39471861237 87.42618951771874 28.505466772243381 366.28385140607134 722.24923802958801 35.074016443453729 173.68400277174078 1213.5857205629582 265.38440206111409 399.59757344331592 325.46825180505402 46.66337826079689 67.711774362600408 141.58542164834216 2093.3101290474879 820.09771706000902 217.77808887639549 12964.737409636262 188.96784189809114 29.604513254016638 90.376227456144989 397.02763253578451 269.24891326343641 13.275476647308095 3477.596887378837 63.062800754443742 69.293237329577096 140.52466350840405 177.85740706324577 90.394128556130454 34.025664503220469 25.238460520748049
leaf_count=25747 960 62230 494 2078 3055 2771 288 689 182 802 7630 3283 609 12003 415 2132 279 1332 6897 823 1385 12239 1041 1897 1460 309 1985 1324 8580 227 419785 693 186 2967 5885 297 1589 8851 1993 2409 2090 503 536 1380 19341 12159 2047 142433 1648 278 561 4943 1723 452 30378 793 658 1677 1711 779 283 365
internal_value=3.34584e-05 -0.000338466 4.80766e-05 0.0056987 -0.000209652 0.00565065 0.00840731 0.011379 -0.00222248 0.00237073 -0.00241703 -0.00299417 -0.00182558 0.0071857 0.000146185 0.018343 0.00760448 0.0147458 0.0043258 -0.0100505 0.00101279 0.000198759 -0.00446589 -0.00702043 0.000732987 0.0196587 0.00161447 -0.00105025 0.000761183 0.0186761 0.000137607 0.00110513 0.00670585 -0.000445442 -0.00237327 0.00529262 0.00107739 0.00197037 0.00362675 0.00428802 -0.0038524 0.000183537 0.00238249 0.00621182 0.000410676 7.00734e-06 0.0101582 -0.00102101 0.0143552 0.00380891 0.00149033 -0.00264482 0.00254099 -0.00906157 -0.00404538 -0.000324853 0.00410748 -0.000862758 0.00819429 -0.00389884 0.00326697 0.00130907
internal_weight=70363.7 66033.3 55683.1 4330.4 53238.8 2444.26 2383.15 1373.89 398.444 1947.25 10350.3 9055.23 9413.37 2045.82 2232.17 476.132 897.762 279.242 1009.25 187.802 1699.79 1611.89 373.687 333.586 424.194 74.4193 1295.03 872.441 769.772 239.325 43825.4 2044.36 439.662 1604.7 1203.34 401.358 2071.49 1897.8 1478.97 618.52 418.831 43612.6 3236.36 1096.39 2139.97 40376.2 681.92 13784.8 406.746 275.174 489.974 7341.89 481.095 212.854 3874.62 414.466 272.881 203.587 207.462 211.846 124.42 1475.72
internal_count=836539 803587 704504 32952 684656 19848 16083 8589 3614 16869 99083 79564 76200 16234 17334 3092 5497 1838 7494 1238 14791 13989 3432 2938 4231 597 19519 11889 9904 1559 608456 16096 3469 12627 9363 3264 15132 13543 10844 3659 2699 604949 30572 10728 19844 574377 6220 154592 3695 2525 2970 61068 3478 3507 35321 4508 3128 2470 1989 1755 1062 12604
is_linear=0
shrinkage=0.04


Tree=16
num_leaves=63
num_cat=0
split_feature=27 13 27 27 20 18 67 53 18 56 12 27 65 35 18 44 49 46 67 18 58 1 65 48 27 18 62 65 38 44 47 17 56 2 50 29 27 57 33 55 64 31 41 33 45 9 12 12 65 58 65 18 61 53 48 5 48 64 57 64 58 7
split_gain=80.2156 24.2373 32.0808 31.646 21.7079 17.6708 22.2519 20.4791 17.2297 16.0638 15.1215 16.3822 14.836 14.5545 13.4412 13.1618 12.5863 12.4769 13.503 12.4363 12.3036 12.0304 11.7826 12.1281 11.637 12.6494 11.6356 12.9799 11.5138 11.4652 11.0706 10.8382 11.1056 11.3854 10.8286 10.7596 11.2426 15.9959 12.8072 12.2765 10.9447 10.3936 10.3644 10.2311 10.2283 10.1564 10.1321 12.2407 9.92569 9.68263 12.1155 14.56 17.2921 11.2357 12.9314 13.629 11.1128 14.9163 11.0076 12.8685 10.9303 10.9288
threshold=11.500000000000002 0.267948717948718 6.5000000000000009 4.5000000000000009 1.0000000180025095e-35 7.5000000000000009 0.15587044534412958 1.6200699181796974 6.5000000000000009 4.4037037037037061 36.500000000000007 9.5000000000000018 9.6770833333333375 0.55075911675050326 5.5000000000000009 6364.5000000000009 1.2116427801419518 3.5000000000000004 1.1464285714285716 2.5000000000000004 2.8198051948051917 1.5000000000000002 0.80000000000000437 54.500000000000007 16.500000000000004 31.500000000000004 0.38749884459118195 20.62019230769231 32.500000000000007 837.50000000000011 0.62302931507572423 124.50000000000001 -3.9852941176470575 16.250000000000004 314.50000000000006 0.86671113705216951 7.5000000000000009 0.93875000000000008 0.65117338077688836 0.73172951142577969 0.58114035087719318 0.72008417552155068 0.76722918497422621 0.74999393998157771 0.72109897956373381 0.94737892434129434 310.50000000000006 489.50000000000006 12.513157894736844 -7.3944444444444448 7.9183333333333303 5.5000000000000009 0.11324786324786326 0.91667686840133267 63.500000000000007 6.5000000000000009 74.500000000000014 0.24621212121212124 0.58477011494252884 0.067816091954023008 -9.885620915032673 88.500000000000014
decision_type=10 8 10 8 8 8 10 2 8 10 10 10 10 2 10 2 2 2 10 10 2 10 10 2 10 8 2 10 2 2 2 10 10 2 2 2 10 8 10 2 10 2 2 10 2 2 10 10 10 2 8 10 2 2 2 2 2 10 10 10 2 10
left_child=1 3 9 19 5 6 7 14 10 17 11 31 -7 26 -2 28 -13 18 -3 21 -16 29 23 -21 -14 34 35 -28 30 -1 -15 32 48 41 -26 -5 38 39 -37 -38 -40 -34 -20 -44 -19 -8 49 -48 -4 53 -51 56 -53 54 55 61 58 -58 59 -52 -55 -30
right_child=4 2 8 13 -6 12 45 -9 -10 -11 -12 16 24 15 20 -17 -18 44 42 22 -22 -23 -24 -25 25 -27 27 -29 46 -31 -32 -33 33 -35 -36 36 37 -39 40 -41 -42 -43 43 -45 -46 -47 47 -49 -50 50 51 52 -54 60 -56 -57 57 -59 -60 -61 -62 -63
leaf_value=-0.0046435830194277786 0.030144865494601238 0.0018079104849830056 0.010561680740476573 0.0010376572292301071 0.0018303442011620129 -0.0020960216632604643 -0.0074358332057761576 0.004059186209329939 -0.0082155182115564249 -0.0014424195457818296 -0.0006595413546670011 0.01085681742954649 0.0025174981754872718 0.013767791697098703 0.023305827862886163 -0.0056294421280282036 0.034367215009095953 -0.002308943373677558 0.036149776550557067 0.0047241137829551038 0.0042002098756051499 -0.0047621241147827688 -0.010385965705903992 -0.01567637465958634 0.027807770379626166 0.0039481577281785165 -0.016291047352002545 0.010395894476945658 0.015742193446464374 0.0025304451832332936 -0.012145589924822038 0.021603087024955427 0.016049832319068126 -0.004831335819205888 0.0024991691838911127 -0.0053904082090021127 -0.0047446897914617423 -0.01262690683700411 0.0060241911306519371 0.024554824729569855 0.029899967533059756 0.0031713439001259053 -0.014262259081659037 0.019017207349688911 0.00027409321119403843 0.0083881107567820093 0.015981853694662061 -0.0084718316880135671 0.038285017121981402 -0.0026396264484558041 0.015299938484950355 0.0056929664728974641 -0.0064350095319826743 -0.0056971022738480153 -0.010884324460773712 0.0005803792564566258 -0.00040659297163958693 0.0099913113896167652 0.0042277228331361423 -0.00088842375307663789 0.0068753976692214362 0.046873951086477628
leaf_weight=581.44600537256338 185.33822226920165 5959.9910001379321 149.10260827071033 562.60967661172617 1226.4213494034484 354.63872582640033 68.981365357758477 135.6293194743339 123.38353438314516 9901.8005959674483 309.32569030195009 93.154602242866531 268.81828042771667 25.765186094678938 119.51302639185451 879.07020202686545 63.550038570538163 2689.730434010562 26.652491618879139 184.44032078504097 99.798777286894619 2712.5951791456318 800.49635240714997 56.850854903226718 111.83609798224643 111.69217790616676 84.728845924139023 39.105315156280994 65.417173936031759 903.80429661180824 214.857870646636 73.086825866019353 133.79173967381939 183.41750274924561 36.56900355219841 129.46061711804941 25.060099266003817 23.5058050500229 179.79827429819852 152.42344293603674 33.171175556606613 374.17400396079756 19.717340287170373 32.828201291617006 27314.868558425631 588.64692136924714 116.37202205020003 41.246564249508083 20.76751274173148 3785.7839616540587 75.00821590796113 231.94524645525962 920.24769955966622 204.69337580446154 26.815840899944305 48.956610406283289 419.38140381686389 460.17248110473156 905.35890044283587 4378.7781171011738 229.34416608302854 25.952443633694202
leaf_count=6293 1217 120915 1587 4848 11197 3379 472 691 1614 105896 3179 820 1746 244 729 6724 426 57201 594 2153 536 23322 6651 614 631 827 591 227 627 8105 1885 583 1008 1443 200 1133 206 231 1505 1279 373 2812 366 598 353336 3668 1145 551 196 34086 650 1647 6382 1975 230 487 2456 2955 6843 29733 2123 210
internal_value=-1.3721e-05 -0.00031415 0.000173819 -0.00150027 0.00606212 0.00854517 0.011705 0.0176985 0.00587423 -1.58494e-05 0.00714046 0.00934478 0.00421931 -0.000524432 0.0221647 -0.000916726 0.0211591 0.000376198 0.00203423 -0.00415769 0.0148992 -0.00318 -0.00806326 -0.000303135 0.00843372 0.0143855 0.00362667 -0.00778724 -0.000574314 -0.000284201 -0.00914708 0.00726124 0.00592651 0.00361836 0.0218561 0.0049339 0.00892149 0.0163258 0.00440313 0.0204012 0.0103435 0.00668675 0.0179469 0.00637515 4.21935e-05 0.00668469 -0.000397726 0.00951894 0.0149488 -0.00053442 -0.000801129 0.000141739 -0.00397951 0.00438974 0.0130381 0.0178268 0.000905448 0.0050592 0.000219646 -0.000598937 0.000948813 0.026558
internal_weight=70301.9 66994 47469.3 19524.7 3307.88 2081.46 1197.91 540.279 1523.75 45945.6 1400.37 1091.04 883.554 14285 404.65 13055.2 156.705 36043.8 6039.19 5239.63 219.312 4197.85 1041.79 241.291 528.916 260.097 1229.86 123.834 12176.1 1485.25 240.623 934.34 861.253 691.383 148.405 1106.03 543.419 200.989 342.43 177.484 212.969 507.966 79.198 52.5455 30004.6 657.628 11935.5 157.619 169.87 11777.9 11176.7 7390.89 1152.19 601.18 167.142 140.326 6238.7 879.554 5359.15 4453.79 434.038 91.3696
internal_count=836351 811058 652574 158484 25293 14096 7313 3173 13668 638906 12054 8875 6783 111346 2482 100953 1246 533010 122473 47138 1265 37720 9418 2767 3404 1658 10393 818 94229 14398 2129 7629 7046 5263 831 9575 4727 1716 3011 1485 1878 3820 1558 964 410537 4140 92100 1696 1783 90404 84752 50666 8029 5652 1554 1324 42637 5411 37226 30383 4098 837
is_linear=0
shrinkage=0.04


Tree=17
num_leaves=63
num_cat=0
split_feature=27 18 18 27 27 72 6 15 13 72 18 27 27 13 34 27 39 56 18 66 39 18 58 59 13 18 65 13 27 39 68 36 4 17 14 68 53 25 23 44 36 24 56 20 61 44 67 37 59 34 34 50 31 67 57 6 5 38 15 50 45 50
split_gain=66.7893 31.7844 29.3193 38.6925 24.0934 22.1322 20.3667 23.3858 20.2535 17.1534 15.805 19.1798 15.144 14.7846 17.4933 16.2906 14.0986 14.0288 13.4438 16.3137 13.2555 12.9816 12.9049 12.8234 12.5278 12.4497 17.6247 13.0172 11.9066 11.8836 13.3576 11.7729 11.7209 11.6958 14.2862 13.1169 13.8297 11.9261 11.6739 11.5034 11.3605 13.7016 11.7667 11.7548 11.0829 10.9507 10.9101 10.8874 10.7222 10.641 11.0782 10.569 13.5151 11.2121 10.5514 10.4786 12.1437 11.0702 12.308 10.4313 16.6736 10.3493
threshold=8.5000000000000018 1.5000000000000002 3.5000000000000004 13.500000000000002 6.5000000000000009 1.0000000180025095e-35 153.50000000000003 0.44762605042016818 0.11324786324786326 1.0000000180025095e-35 21.500000000000004 20.500000000000004 10.500000000000002 0.33908045977011497 15.500000000000002 4.5000000000000009 0.83475317165849194 5.7573529411764719 -1.0000000180025095e-35 0.19292803970223329 1.3942238865962175 29.500000000000004 -0.68990384615383948 -2.5669642857142851 0.54006410256410264 7.5000000000000009 -8.6899038461538449 0.093073593073593086 -6.4999999999999991 1.0328464380403248 15980.950000000003 9.5000000000000018 8.5000000000000018 56.500000000000007 0.27977994227994241 6689.7800000000016 0.61661987441195976 57.833333333333336 119.50000000000001 275.50000000000006 5.5000000000000009 107.50000000000001 2.3333333333333326 1.5000000000000002 0.072751322751322761 725.50000000000011 0.23205128205128209 1.7871557479432927 0.74456521739130477 11.500000000000002 1.5000000000000002 920.50000000000011 0.86668775626311978 1.1464285714285716 0.18257575757575759 127.50000000000001 6.5000000000000009 297.50000000000006 0.41053841991341994 844.50000000000011 1.0592610633733066 6.5000000000000009
decision_type=10 10 8 10 10 2 2 8 8 2 8 10 10 8 2 10 2 10 8 8 2 10 2 2 8 10 10 8 10 2 2 2 2 10 10 2 2 8 10 2 2 10 10 8 2 2 8 2 2 2 2 2 2 8 8 2 2 2 8 2 2 2
left_child=1 4 5 25 13 6 -2 12 -6 10 11 16 -8 14 18 28 -5 21 23 20 22 -3 -20 -1 -12 27 -27 49 45 39 -31 -22 -26 34 -30 46 -37 -38 -28 -7 41 -17 43 48 -29 47 -35 54 -42 50 -4 53 -53 61 -15 -48 57 58 -57 60 -11 -36
right_child=2 17 3 9 8 29 7 -9 -10 59 24 -13 -14 15 -16 40 -18 -19 19 -21 31 -23 -24 -25 32 26 38 44 33 30 -32 -33 -34 35 51 36 37 -39 -40 -41 42 -43 -44 -45 -46 -47 55 -49 -50 -51 -52 52 -54 -55 -56 56 -58 -59 -60 -61 -62 -63
leaf_value=0.022643812808708069 0.0077184825521172482 -0.0022171464720575356 -0.020832811413113314 0.020403119851883075 -0.012508081426814628 -0.0029253940412507424 0.001955901848021011 0.034592154053531561 0.0055489648526064238 -0.005161448554348168 -0.0037429974725939519 0.031061249036908555 0.02296872157032848 -0.0026890432436231476 -0.0042718152826515636 0.016597558122940084 0.0075782396638712692 -0.0058536089587178054 0.0078101088595301299 -0.0021087861106514247 0.0042937746888288917 0.0071753824014646906 -0.0012632839549219408 0.0018682437054038646 0.034237466882607537 0.023137550621851962 -0.0029669312611165632 0.024031760324946007 0.022785473832866474 -0.010443217481338838 0.010782674064455901 0.020248883786194331 -0.0041768698993058379 -0.010630320087157816 0.0051277304191926507 0.0058622030100334791 -0.0075578417907093244 -0.00062924283416479086 -0.014266665916258903 0.011570168524439008 0.0056281613587506338 -0.0086975501861820837 -0.0029767531060859538 -0.0074066123093379892 0.0023145336092331536 6.4027251367669784e-06 0.0032512080285158344 -0.0036554991779001356 0.020833229768811315 -0.008907148120656105 0.0015506106557316712 0.037320331278505287 -0.0041673694563088394 0.018598481733334057 0.0026849905318775732 0.02332797767669027 -0.0085916093850649366 -0.0033194212259216246 0.00074619883861438833 -0.019480556409607074 0.0097828922344249149 -0.0020529594716703591
leaf_weight=43.798685417044908 1180.4830353705911 5839.2565092014265 32.752264903858304 170.25709876639303 100.90744669409469 142.96661284123547 124.98731665383093 101.67951811174862 1694.9831716851331 231.97649190027732 202.31474866508506 73.613512972835451 94.290772091480903 635.51240942568984 2545.4195359807927 206.66498854011297 698.13731366209686 1806.1718065583846 283.91214371775277 8090.0031359541463 557.67412132024765 240.53311153699178 1896.4257907145657 1934.6491286852397 25.328942006570287 29.678396290284581 534.82513396523427 33.427098431158811 47.897688854951411 193.53782860073261 57.886867504334077 81.281229740008712 20.189027774613351 323.35225271061063 476.20495938137174 496.8176486028824 413.30833966913633 8022.2818426673766 198.39447215723339 214.51020378619432 297.67831250198651 37.624518420081586 329.10039543989114 74.122738968697377 1926.7400924839312 15678.464777021029 376.37103561684489 536.03814919374418 96.76809064054396 315.56189264031127 557.61552637675777 24.16652959655039 20.470952339470387 50.892737353104167 6800.6275964601664 48.684065003879368 622.0105537136551 1124.7714216228342 138.85426880326122 32.622541406191885 236.38842562236823 960.58089378825389
leaf_count=358 8657 61192 236 1083 777 1527 837 688 13908 2502 1781 433 582 9921 25996 1884 4172 14588 1919 68672 3002 4027 12750 18743 391 369 4416 300 444 1580 488 539 480 3348 7445 5656 6348 91686 1726 2181 2855 280 2921 1041 14081 226605 4255 8081 1217 2738 3899 297 239 920 144874 400 6889 10816 1476 211 1847 12976
internal_value=3.5282e-05 -0.000388129 0.00362061 0.00203442 -4.79115e-05 0.00760485 0.0102063 0.0190979 0.00450247 0.00702241 0.00962753 0.0119811 0.0113021 -0.000201719 -0.00124492 0.000223871 0.0101951 -0.00276236 -0.000645667 -0.00119597 0.00142248 -0.00183996 -6.66283e-05 0.00238409 0.00062174 -0.00029605 -0.00481967 0.000914343 8.38734e-05 0.00115918 -0.00544131 0.00646488 0.0184721 -0.000880999 0.00234187 -0.00132213 -0.000589753 -0.000972991 -0.00610033 0.00581254 0.00514395 0.0126054 0.00279457 0.0068367 0.00274508 0.000620289 -0.0037999 0.00182683 0.00957245 -0.00304017 0.0001443 0.00163081 0.0197906 0.00102146 0.00222421 -0.00282318 -0.00401044 -0.00181469 0.00706189 0.000801259 0.00240477 0.000336521
internal_weight=70384.4 62954.3 7430.17 5319.82 55068.3 2110.34 1501.44 320.958 1795.89 1690.83 1189.84 942.008 219.278 53272.4 15433.2 37839.3 868.394 7885.96 12887.7 10909.3 2819.29 6079.79 2180.34 1978.45 247.833 3628.99 762.898 2866.1 36797.3 608.902 251.425 638.955 45.518 13146.7 1580.21 11566.5 8932.41 8435.59 733.22 357.477 1041.96 244.29 797.67 468.569 1960.17 23650.6 2634.04 7972.18 394.446 905.93 590.368 1532.32 44.6375 1487.68 7436.14 2310.69 1934.32 1312.31 187.538 500.987 468.365 1436.79
internal_count=836550 779345 57205 40665 699538 16540 10764 2107 14685 12900 8340 5688 1419 684853 131979 552874 5255 79807 105983 86882 18210 65219 14669 19101 2652 27765 6511 21254 542676 5776 2068 3541 871 153195 22321 130874 103690 98034 6142 3708 10198 2164 8034 5113 14381 389481 27184 162876 4072 6873 4135 21877 536 21341 154795 23836 19581 12692 1876 4560 4349 20421
is_linear=0
shrinkage=0.04


Tree=18
num_leaves=63
num_cat=0
split_feature=27 13 66 27 13 56 5 43 18 12 19 51 27 13 6 12 19 64 67 3 64 56 53 43 67 7 47 40 9 11 46 67 13 55 47 45 16 10 50 27 31 46 15 36 2 38 35 58 4 67 66 27 66 64 27 10 64 0 18 12 45 4
split_gain=43.1258 28.5836 27.635 27.5922 23.6704 19.6481 17.3617 16.3821 15.6199 14.2384 13.8801 12.8357 11.6175 19.0087 13.0874 12.7763 12.7694 12.0528 11.8033 12.8957 11.3365 10.8708 12.3209 10.6581 14.2422 16.4395 11.8431 11.5654 14.65 10.6471 10.6459 11.8281 16.5984 11.3187 12.7728 14.217 12.0662 13.3007 12.289 11.235 14.7827 10.6669 17.4497 10.9962 10.5931 10.7105 10.5856 10.5344 10.3806 15.6808 12.8918 11.0751 10.3775 11.6412 10.3332 11.5421 11.4888 10.3292 10.2758 11.4591 16.0655 14.3797
threshold=8.5000000000000018 0.15192307692307697 0.26726190476190481 17.500000000000004 0.22474747474747478 11.357142857142859 5.5000000000000009 1.3204861881450427 1.5000000000000002 16.500000000000004 -4.2499999999999991 1.0739552911071517 5.5000000000000009 0.36939571150097467 117.50000000000001 28.500000000000004 -4.2499999999999991 0.38675213675213682 0.65301003344481623 4.2500000000000009 0.81980519480519487 2.3333333333333326 0.45236735265932809 0.63974360486608972 0.267948717948718 119.50000000000001 0.86919251224889982 17.500000000000004 1.0327811133693581 2.5000000000000004 3.5000000000000004 0.45643939393939398 0.40370370370370373 2.2340933384279795 1.8417517551457774 1.1448501277817937 1.0000000180025095e-35 1.2575381273001214 7.5000000000000009 3.5000000000000004 0.58559384951841109 25.500000000000004 0.35417150831624522 4.5000000000000009 11.750000000000002 2059.5000000000005 0.9905206582980709 -10.454545454545459 13.500000000000002 0.27888888888888896 0.73145604395604402 1.5000000000000002 0.27003205128205132 0.085144927536231887 -16.499999999999996 0.61224749846284243 0.68301435406698574 1.0000000180025095e-35 1.5000000000000002 56.500000000000007 0.9163643820115478 9.5000000000000018
decision_type=10 8 10 10 8 10 2 2 8 10 10 2 10 10 2 8 10 10 8 10 10 10 2 2 8 8 2 2 2 2 2 10 8 2 2 2 10 2 2 10 2 2 10 2 2 2 2 2 2 8 8 10 10 10 8 2 10 2 8 10 2 2
left_child=4 3 10 23 9 12 11 -8 -4 48 -3 -5 15 14 -14 16 17 -6 19 46 -12 52 -23 24 -2 27 -25 28 -26 -30 -18 32 -32 34 36 -36 -33 38 -38 -34 -41 42 -42 -44 45 -40 -15 -10 50 51 -1 -50 53 -11 55 56 -17 -51 59 -16 -61 -62
right_child=1 2 8 6 5 -7 7 -9 47 21 20 -13 13 18 58 54 30 -19 -20 -21 -22 22 -24 26 25 -27 -28 -29 29 -31 31 33 39 -35 35 -37 37 -39 44 40 41 -43 43 -45 -46 -47 -48 -49 49 57 -52 -53 -54 -55 -56 -57 -58 -59 -60 60 61 -63
leaf_value=-0.0038753878584963891 -0.012238421901463781 -0.0070733691217581577 0.010377226073564415 0.017240531956344122 -0.015589848818450798 -0.0045203747380678349 0.009220690610638323 0.032683723411709165 0.014098919543918897 -0.0093512141104560055 0.0094109211886575991 -0.0043890500501479468 0.023137297528764051 0.0077535517512119902 0.0035846372939503371 0.015697788268477376 0.0017934116458305244 -0.002266813313566506 0.012339609503391176 0.026440929308224153 0.024437355903931129 0.020601956354404784 -0.0029510027494388455 -0.0043120872639186422 -0.00029326983786392573 -0.011993358244068782 0.0007928296437046678 0.0022989672065328961 0.032238128675762742 0.010852039310849384 -0.0036910742747168612 7.4473730722163296e-05 -0.00074042892816400421 -0.0087346735225695173 -0.0014519131551565204 0.011457462647798868 -0.0014186501593747858 -0.01088544688587993 0.057884415403883435 -0.012696231740911652 -0.016144851557791086 0.022185205020310791 0.03245453281176814 0.0058206623505496716 0.0069250070723201364 0.01076161401073048 -0.0097870903548198072 -0.0021235239160376927 -0.010030737884561275 0.012982229491672177 -0.013760108961217845 0.02085043464710223 -0.00091865667853833252 0.0035764503271087798 0.00054067916618699078 0.0019138640370011998 0.0037277169994341798 -0.0040510058691155919 -0.0042068597583617157 -0.029055118293222073 -0.012392532711309115 0.019028506300572585
leaf_weight=3110.5284784096293 56.825297222472727 74.186751766013913 243.01262131310068 59.194161765859462 160.34965427068528 1341.9155519199558 119.76255060313269 80.970399701036513 64.194018360110931 114.48240349348634 1534.6434109315742 134.49144932278432 36.337896806187928 94.366461559548043 1152.613971533021 200.31017207668629 3430.8307771279942 323.00646231963765 457.75063137384132 23.852672414155677 82.339181942166761 31.014799971133471 3093.4176219082437 988.18112459697295 57.834326206706464 51.041162874898873 2710.1559853553772 139.7415008735843 87.86719946982339 74.655080075841397 3687.3937691445462 8585.3242250764742 6976.8233314502868 206.16342364891898 222.37476542161312 344.28939369763248 29.100220341118984 25.829010323039256 21.090960556990467 48.300586011260748 43.219356288202107 80.879526327829808 26.99683089600876 125.41689481784124 24.035284669487737 14.853884394164195 118.75191618083045 858.8976188438246 20.148392420145683 60.469596749753691 222.67294268205296 85.415355351869948 3882.653694916633 1703.6565917884 18188.180971464317 3149.8273434943985 353.85121501469985 436.97754786722362 543.59965822019149 37.733252350823022 50.183792209252715 35.350992177496664
leaf_count=21935 486 993 2155 455 1842 12012 761 463 711 950 10642 822 405 935 9462 3882 60009 5869 4307 257 804 244 23281 7688 485 492 18885 1147 667 647 33269 112797 100530 1828 2777 3150 591 337 364 500 376 716 264 1256 408 232 1061 8707 225 602 2285 853 36981 11240 246699 53020 10784 4767 4670 556 418 471
internal_value=0.000194339 0.00307787 0.00621129 0.00111013 -0.000145821 0.000245533 0.0111531 0.0192494 0.0014642 -0.0016836 0.00947057 0.00248889 0.000376985 0.00300244 0.000881614 0.000231949 -0.000397933 -0.00680099 0.00862104 0.00133141 0.0102491 -0.000790383 -0.00268466 0.000147153 0.00580138 0.00841183 -0.000575164 0.0114287 0.017039 0.0230315 -0.000267003 -0.000612821 -0.00150544 0.00042289 0.000631221 0.00642307 0.000250514 0.0128516 0.0199469 -0.000399903 0.00681476 0.0103879 0.00507922 0.0114193 0.0296243 0.0421035 -0.00202059 -0.000925497 -0.00368269 0.00113885 -0.00455535 0.0147692 0.000249256 0.00273902 0.000933235 0.00285752 0.00815616 -0.00187186 0.000374943 0.00233586 -0.00902538 0.000927292
internal_weight=70340.3 7417.99 2857.27 4560.72 62922.3 50160.9 394.419 200.733 1166.1 12761.4 1691.17 193.686 48819 2550.54 1855.82 46268.4 24376.3 483.356 694.722 236.971 1616.98 8825.23 3124.43 4166.3 467.965 411.139 3698.34 360.098 220.357 162.522 23892.9 20462.1 10989 9473.06 9266.9 566.664 8700.23 114.909 89.0803 7301.64 324.813 276.513 195.633 152.414 59.9801 35.9448 213.118 923.092 3936.21 603.011 3333.2 105.564 5700.79 1818.14 21892.2 3703.99 554.161 497.447 1819.48 1275.88 123.268 85.5348
internal_count=836427 57010 24012 32998 779417 676054 2501 1224 11573 103363 12439 1277 664042 22542 15982 641500 327115 7711 6560 2253 11446 72696 23525 30497 3924 3438 26573 2946 1799 1314 319404 259395 136911 122484 120656 5927 114729 1932 1595 103642 3112 2612 1896 1520 1004 596 1996 9418 30667 6447 24220 1078 49171 12190 314385 67686 14666 5369 15577 10907 1445 889
is_linear=0
shrinkage=0.04


Tree=19
num_leaves=63
num_cat=0
split_feature=27 18 18 27 7 2 56 50 53 18 12 1 67 67 12 30 53 67 66 52 28 57 48 38 65 13 27 55 15 38 27 18 37 58 33 13 59 63 27 14 26 67 11 49 58 38 8 3 40 11 67 13 17 17 14 7 66 14 7 63 47 65
split_gain=61.8221 24.292 20.6315 33.7174 21.7928 18.0528 14.9262 17.5464 15.7542 15.5222 15.4762 14.1865 14.159 12.433 13.9376 13.1138 15.2955 14.9563 22.3804 14.4324 12.9657 11.985 11.9242 11.9127 12.5787 11.8616 11.8679 11.6534 11.5588 13.9854 11.4993 18.4161 15.3918 14.693 11.9301 11.4145 11.3821 11.3371 11.2188 13.1621 12.0835 20.3319 18.8808 14.0401 13.4632 12.9469 12.3014 12.2745 13.1814 12.2967 11.9308 11.3804 10.9743 10.8119 10.7275 13.9335 10.6264 10.5251 10.4866 11.9544 10.4899 12.9287
threshold=11.500000000000002 6.5000000000000009 2.5000000000000004 7.5000000000000009 55.500000000000007 16.250000000000004 7.2565789473684186 704.50000000000011 1.846246070843933 29.500000000000004 78.500000000000014 5.5000000000000009 0.7537878787878789 0.45643939393939398 55.500000000000007 9.5000000000000018 1.4173234478342398 1.0678160919540232 0.99074074074074081 1.5000000000000002 7.5000000000000009 0.6984848484848486 3.5000000000000004 3865.5000000000005 23.360389610389614 0.32071428571428579 6.5000000000000009 1.7443487834692744 0.30648984185748901 117.50000000000001 15.500000000000002 16.500000000000004 1.9800101021438994 5.2857142857142856 0.57694663147708669 0.15894736842105264 1.2330316742081446 -0.14014687762106584 3.5000000000000004 0.24444444444444446 74.500000000000014 0.267948717948718 3.5000000000000004 1.5362879347768346 -6.7752525252525251 1175.5000000000002 15.500000000000002 3.7500000000000004 23.500000000000004 3.5000000000000004 0.078461538461538485 0.86515151515151534 116.50000000000001 53.500000000000007 0.55550527903469094 126.50000000000001 0.38548951048951058 0.28572263993316632 124.50000000000001 -0.060877744303900798 0.73000862981763037 14.404545454545458
decision_type=10 8 10 10 10 2 10 2 2 10 10 8 10 10 8 2 2 10 10 2 2 10 2 2 10 8 10 2 8 2 10 8 2 2 10 10 2 2 10 8 10 8 2 2 2 2 2 10 2 2 10 10 10 8 8 8 10 8 10 2 2 10
left_child=2 5 3 13 -5 -2 7 9 -8 12 -9 56 21 14 20 16 23 25 -19 -20 38 28 -6 24 -15 26 -17 36 29 -4 -3 32 34 -33 -32 -28 -13 -36 39 -1 42 43 44 47 -41 51 -43 48 -42 50 -49 -44 -34 -18 -40 -56 -7 -26 60 -60 61 -24
right_child=1 30 6 4 22 11 8 10 -10 -11 -12 27 -14 15 -16 17 53 18 19 -21 -22 -23 58 -25 57 -27 35 -29 -30 -31 31 33 52 -35 37 -37 -38 -39 54 40 41 46 45 -45 -46 -47 -48 49 -50 -51 -52 -53 -54 -55 55 -57 -58 -59 59 -61 -62 -63
leaf_value=-0.0040796175214717527 0.005996210049845214 -0.00056117699073374671 0.017192657558824126 -0.0041119721352947574 -0.0048419547432668785 0.024685709951726073 -0.0070369592929586024 -0.0092569475072952715 0.0069369619769697952 0.0090195589384768349 0.0074174902569363807 0.015982519787756781 0.0029063323820756114 0.0020809826313774658 0.00082178048259933076 -0.0084917823932609098 0.01071309725835949 0.0027680960488432487 0.053161740638789146 0.0020079227360619576 -0.0054455422998771789 0.00085603523615053034 -0.0048768067145108377 -0.00041793526754615009 -0.00084728192225134557 -0.00090992688031420578 -0.014423731114922145 -0.013025611613732793 -0.0048180506906396574 -0.00097749318159050095 -0.0055516465155060939 0.0032212631553710605 -0.003098159058460215 -0.015330275705813513 0.033268024631885981 0.010464660485305819 -0.0099147616929895332 0.013885831550456451 0.00039340981079105143 0.0025614017668181494 -0.0025310977566052758 0.00014073673796801545 0.016842275463846042 -0.0037529971465201078 -0.0039127851169015538 -0.0010239151058440664 -0.0026682222221122431 -0.017817465864485543 0.0072638997465365287 0.024775982148635897 0.0099019728190708929 -0.0094227067252128181 0.018093090888397861 -0.0018336296432290425 0.0046367846148765513 0.028693592332249013 0.0066629206992723814 0.013717851534424192 0.034326640804209781 0.0083995621663469737 0.008742928256134189 0.0091936792290735429
leaf_weight=2190.990057114861 926.85060969018377 966.67182836448774 68.243497883901 344.11183302581776 127.15025973273441 239.90043742000125 1288.3174574149307 642.43848642008379 139.40557184861973 257.35410422307905 99.438787276623771 138.1705656175036 1238.4442354477942 11156.336370772682 9403.6488120509312 696.8908702894114 109.16926648595836 390.58630480151623 19.665038892184384 14.373746236087753 995.61515548115131 1702.0790473905508 233.4000998676056 3239.4543981010793 111.46590773481876 2677.6635994286044 35.186483066529036 34.423517111688852 2304.7892389377812 903.3739850660786 31.887332631507888 345.22893944563111 150.72249090042897 79.862144288606942 68.68924337415956 107.52930954983458 29.909985680016689 187.76234370656312 2971.9133164130617 581.10498644132167 375.26034344732761 7934.2698580215801 169.46306721947622 296.76792563206982 4246.1333532595308 218.25672713969834 3633.1053505184827 22.442909889155999 518.92832585738506 84.072112942812964 308.25204290798865 27.773917563608848 47.311095808632672 2970.6796527244151 457.25896916072816 37.4848504018737 72.418260521255434 266.06582801940385 44.564223794732243 77.700025013182312 1150.1560180663364 181.14452094072476
leaf_count=16700 6666 7290 570 2846 1279 1446 9994 5075 866 4326 891 1111 12038 159296 129474 7204 1411 4929 381 203 12354 20284 1978 36983 719 38758 351 230 20989 7089 242 3916 897 673 511 947 320 1185 24304 13666 4887 91851 2484 2755 65336 3092 47058 349 5586 1233 3460 624 306 28130 4625 453 479 2441 382 547 8427 1372
internal_value=0.000164039 0.00548809 -9.98793e-05 0.000170019 0.00507056 0.00938535 -0.00192323 -0.00118187 -0.00565307 -0.000511763 -0.00698727 0.0153705 -0.00091325 -1.83819e-05 -0.000491138 0.000729306 0.00119033 -0.00135758 0.00569138 0.0345845 -0.000983691 -0.00186537 0.00681888 0.00172485 0.0023266 -0.00221544 -0.00634895 0.00688462 -0.00327828 0.000380211 0.00247955 0.00568993 0.010964 -0.00040173 0.0167839 0.00404792 0.0112208 0.0196142 -0.000798068 -0.00115224 -0.000802953 -0.00015628 -0.00242611 0.00405436 -0.00313158 0.00570981 -0.000742279 0.005832 0.00316206 0.0114818 0.00778341 0.0130023 0.00228542 -0.00137225 0.00130589 0.00672832 0.0206775 0.00946264 0.00770949 0.0188271 0.00678357 0.0013079
internal_weight=70389.7 3319.81 67069.9 58426 2158.23 1441.67 8643.88 7216.16 1427.72 6474.28 741.877 514.823 6216.93 56267.8 34472.7 21795.1 17853.2 3941.9 424.625 34.0388 25069.1 4978.49 1814.12 14773.3 11533.9 3517.27 839.607 202.504 3276.41 971.617 1878.14 911.464 486.373 425.091 288.339 142.716 168.081 256.452 24073.5 20606.8 18415.8 13173.1 5242.73 1605.72 4827.24 415.494 11567.4 1308.96 894.189 414.767 330.695 197.237 198.034 3079.85 3466.66 494.744 312.319 377.532 1686.96 122.264 1564.7 414.545
internal_count=836269 25272 810997 728875 16831 10252 82122 71262 10860 65296 5966 3586 60970 712044 430291 281753 228980 52773 5513 584 300817 48932 13985 199439 162456 47260 8502 1661 28648 7659 15020 7730 3141 4589 1938 1298 1431 1696 288463 259081 242381 157179 85202 18270 79002 6200 138909 15515 10473 5042 3809 3108 1203 29541 29382 5078 1925 3160 12706 929 11777 3350
is_linear=0
shrinkage=0.04


Tree=20
num_leaves=63
num_cat=0
split_feature=27 13 27 18 66 57 64 23 18 13 28 31 38 10 72 27 64 63 31 44 24 14 12 6 52 13 27 18 38 53 56 66 39 55 21 66 47 25 65 54 44 42 51 45 56 60 13 56 66 24 21 57 55 50 38 66 60 38 42 56 4 55
split_gain=52.7888 22.2139 18.9052 16.6424 15.1707 18.0201 14.5184 15.5926 14.6946 16.4127 15.4591 14.6882 13.4376 16.7753 12.9933 12.1604 13.4142 13.9822 13.0447 12.3721 12.0221 11.6927 11.5765 14.9175 11.7286 11.5053 11.4883 14.476 11.2257 11.427 11.207 24.1837 11.0906 11.088 14.408 11.0224 12.3937 13.3952 10.9971 10.9814 11.3732 10.9302 10.8926 10.7279 10.6762 10.4001 10.2347 17.2509 10.4488 10.1568 10.4651 13.0049 13.5079 14.1136 11.2215 10.8709 11.1938 9.97882 11.0424 13.8287 14.1399 15.7873
threshold=8.5000000000000018 0.28801843317972359 5.5000000000000009 -1.4999999999999998 0.37715517241379315 0.62250000000000016 0.81101190476190488 101.50000000000001 7.5000000000000009 0.072751322751322761 4.5000000000000009 1.3668537806453156 315.50000000000006 1.0925661600939511 1.0000000180025095e-35 5.5000000000000009 0.29520697167755999 -0.032882945761854569 1.3432881265106544 458.50000000000006 15.500000000000002 0.24048663324979117 25.500000000000004 139.50000000000003 21.500000000000004 0.36939571150097467 12.500000000000002 2.5000000000000004 3145.5000000000005 1.1724529204729202 5.6754385964912339 0.3136574074074075 0.87767056406704513 1.7026844286722145 -19.499999999999996 0.37715517241379315 0.68870420761196349 95.166666666666671 1.3333333333333306 1.5000000000000002 1536.5000000000002 170.50000000000003 0.93750105028653807 0.67245862898092057 -6.0833333333333384 -0.0078428281212455913 0.14495798319327732 0.87867647058823206 0.1079192546583851 110.50000000000001 -13.499999999999998 0.60791925465838526 0.88889382228191638 548.50000000000011 245.50000000000003 0.32247899159663873 0.35115396747000122 3340.5000000000005 73.500000000000014 2.2247474747474816 10.500000000000002 1.4727495181969714
decision_type=10 8 8 10 10 10 10 10 8 10 2 2 2 2 2 10 10 2 2 2 8 8 10 2 2 10 10 10 2 2 8 10 2 2 10 10 2 8 10 2 2 2 2 2 10 2 10 10 10 8 10 10 2 2 2 10 2 2 2 8 2 2
left_child=1 2 3 -1 5 46 8 -8 10 11 26 12 -10 -14 -9 21 39 18 32 -19 -11 -3 49 24 -24 -21 27 38 33 -30 31 -22 -18 34 -28 36 -27 -38 -2 40 -17 -23 -20 -36 45 -33 47 -4 -48 50 54 52 53 -52 -5 56 -53 58 59 60 61 -50
right_child=6 15 4 22 -6 -7 7 14 9 20 -12 -13 13 -15 -16 16 17 19 42 25 30 41 23 -25 -26 35 28 -29 29 -31 -32 44 -34 -35 43 -37 37 -39 -40 -41 -42 -43 -44 -45 -46 -47 48 -49 57 -51 51 55 -54 -55 -56 -57 -58 -59 -60 -61 -62 -63
leaf_value=0.0021089186912790574 0.025693601911444697 -0.0038628558577066385 0.0022578877537864188 0.0033437891138677783 -0.0025229358411391818 0.0058874530895149744 0.0018531103704357865 0.025303484116631091 -0.0047048878374347002 -0.025372981035822396 -0.0020290978454921668 -0.00025522335816179786 0.043472716771973757 0.011423948988282029 0.00012124005381784861 0.011929499235560895 0.010458804910743032 -0.0091157217565248534 -0.015476959970005066 -0.0017496719887823316 0.0085752374346774098 0.00010864222849783779 0.00086469327209445443 -0.0042129986846080663 0.02306943189137009 -0.0040875186603090861 -0.0064571702919554944 0.0019611461225613512 0.0074402896329506868 -0.010877164315913646 -0.0054799741027166896 0.019165707823778706 0.027416068194816772 0.0019547843577121999 -0.001508101201545427 -0.0021054077115283134 0.030462357624786836 0.0056871745642366779 0.0066221712407417577 -0.0056235093383660353 -0.0087991054678864793 0.020469459562564067 0.0097805659492705716 0.015927968321642502 -0.0078121646754568978 -0.0054791227141414772 0.0067425296773295966 -0.0047174004123599388 0.020076067117844137 -0.015631365317290726 -0.012112973712066422 0.0091024580353035994 -0.0039073669073309983 0.0052688005123994021 -0.01998517927756183 -0.0028251959801111133 -0.012484842302337042 -0.0035803220000873229 0.0087141038712837109 -0.0010021179542552439 -0.0017578403937539464 -0.0079344553484022879
leaf_weight=919.30238734162413 46.839491210412234 1202.8405702625168 907.31573756411672 42.345913385972381 3445.3081884610001 931.33603093470447 151.3520536639262 132.98056919802912 35.132968972437084 29.336372952791862 616.81701410841197 172.75062305747997 37.270400529261678 82.904692727373913 43.062736359192058 142.67015237687156 181.58193802484311 112.79367598588578 38.534013665746897 202.22560522076674 407.30972584406845 41750.492633395654 1268.3541473235236 1611.6598428222351 34.258502106647938 37.806572321802378 55.776658014743589 2544.5356855578721 129.71001733513549 86.505056479014456 628.50825514213648 48.181256304960698 98.403286188957281 205.7533981804736 61.576763288117945 73.993538074777462 88.912478192942217 59.945999688468874 951.67668563127518 345.64840674900915 55.20717306016013 37.22778249066323 68.357335896929726 580.26699777226895 368.5008854479529 52.988112687249668 481.96996808610857 1498.1680116441566 158.88363889977336 132.83078669384122 693.13263923698105 242.16620044130832 1727.7728624916635 80.887697513215244 126.17681579239434 1215.9838788788766 41.009845128282905 741.73102232906967 309.2467960701324 1540.4735584305599 141.21489704074338 37.168271226808429
leaf_count=8642 408 11596 5742 458 32348 7098 2316 1063 344 328 4748 1327 352 699 516 1349 2255 1135 443 1657 2879 599655 12341 14603 294 310 684 18610 900 462 4731 602 1066 1157 557 724 695 416 6932 2707 450 308 710 3685 3367 512 3571 10958 1126 1089 5834 1882 13540 652 1400 12542 292 4664 1860 10286 1451 244
internal_value=3.6354e-05 -0.0003417 -0.00151343 -0.00295071 -0.000365311 0.000737435 0.00321414 0.0113929 0.00283152 -0.000222631 0.00390839 0.00782937 0.0165494 0.0227028 0.019317 0.000141065 0.00366793 0.00649323 0.0123254 0.00250142 -0.00196353 1.70965e-05 -0.00359626 -0.0016457 0.00153465 0.0053994 0.00469519 0.00357019 0.00822363 3.14898e-05 -0.00142489 0.00149588 0.016795 0.0101734 0.0125662 0.0108744 0.0159402 0.0209943 0.00764036 -0.00134909 0.00607195 0.000129228 0.000390576 0.0142565 -0.00466917 0.00660767 -9.15795e-05 -0.00208719 0.00131688 -0.00491407 -0.00455432 -0.00413101 -0.00589379 -0.0102744 -0.0141957 -0.00117948 0.00581379 0.000414024 0.00177381 0.000610699 0.0078843 0.0147005
internal_weight=70295.1 62825.3 18328.7 8135.88 10192.8 6747.51 7469.74 327.395 7142.34 1862.88 5279.46 328.059 155.308 120.175 176.043 44496.6 1506.08 962.554 386.877 575.678 1534.82 42990.6 7216.58 2914.27 1302.61 462.884 4662.64 3543.05 1119.59 216.215 1505.49 876.98 279.985 903.374 697.62 260.659 186.665 148.858 998.516 543.526 197.877 41787.7 106.891 641.844 469.67 101.169 5816.17 2405.48 3410.69 4302.31 4169.48 4000.95 2501.79 774.02 168.523 1499.16 283.176 2928.72 2186.99 1877.74 337.267 196.052
internal_count=835572 778393 152917 73569 79348 47000 57179 3895 53284 15141 38143 2722 1395 1051 1579 625476 13917 9411 4474 4937 12419 611559 64927 27238 12635 3802 33395 25950 7445 1362 12091 7360 3321 6083 4926 2145 1421 1111 7340 4506 1799 599963 1153 4242 4481 1114 39902 16700 23202 37689 36600 34742 20026 6486 1858 14716 2174 19631 14967 13107 2821 1370
is_linear=0
shrinkage=0.04


Tree=21
num_leaves=63
num_cat=0
split_feature=27 18 27 18 7 65 47 67 14 36 35 48 24 67 61 10 61 3 63 27 6 18 53 1 25 35 57 21 27 68 63 61 24 47 19 65 7 68 58 15 43 29 31 24 31 28 18 50 47 68 57 47 24 48 55 24 43 38 67 41 64 31
split_gain=48.0729 20.6004 36.9135 19.6751 15.2854 13.7059 14.4695 16.4733 11.9495 13.5859 13.2285 12.0203 11.461 17.4569 12.7331 12.6465 11.9908 15.6909 10.9697 10.8922 19.2415 17.5956 14.2533 13.9683 12.4242 12.0442 11.4808 11.0005 10.7619 10.7567 11.8906 10.3665 11.4967 12.3807 10.1243 9.96835 9.73797 16.7905 12.5514 12.3555 10.7329 10.4589 9.91333 9.97062 9.70538 9.69173 9.60758 9.35572 9.33722 11.9085 11.5888 11.3265 13.1635 10.4561 18.3461 10.7903 11.5957 12.64 10.1543 13.7442 17.6062 17.1498
threshold=12.500000000000002 3.5000000000000004 7.5000000000000009 31.500000000000004 109.50000000000001 1.3333333333333306 2.0847918175638358 0.79057017543859665 0.72226107226107239 78.500000000000014 0.25659609470951567 241.50000000000003 13.500000000000002 0.37715517241379315 0.35147058823529415 0.4815051244490372 0.21240601503759401 3.7500000000000004 -0.028015602994859608 18.500000000000004 145.50000000000003 6.5000000000000009 0.94738772386680892 4.5000000000000009 84.166666666666671 0.80000701707128963 0.53390804597701158 -2.4999999999999996 28.500000000000004 29515.890000000003 -0.055800912826409858 0.11324786324786326 45.500000000000007 1.5656624432647559 1.0000000180025095e-35 18.91833333333334 58.500000000000007 7525.3400000000011 9.8208556149732562 0.61540681540681552 1.4484826212650408 1.8700484058367621 1.1940463635184517 43.500000000000007 0.39377510723044168 5.5000000000000009 -1.0000000180025095e-35 10.500000000000002 0.64008639642873011 6050.4050000000007 0.88284313725490204 0.41686294041660693 98.500000000000014 10.500000000000002 0.81555428365911731 91.500000000000014 0.32552707048810686 726.50000000000011 0.58198924731182811 0.6833558125626551 0.7543103448275863 0.65332357602749247
decision_type=10 10 10 8 10 8 2 10 8 2 2 2 8 10 2 2 2 10 2 10 2 10 2 8 10 2 10 10 10 2 2 2 10 2 10 10 10 2 2 10 2 2 2 8 2 2 10 2 2 2 10 2 8 2 2 10 2 2 10 2 10 2
left_child=1 2 8 19 36 -3 7 31 9 11 -10 48 13 44 16 -16 -15 -18 47 21 27 22 24 -22 -2 -23 -26 28 -21 30 -5 32 -7 35 -25 -34 40 39 -39 41 42 -38 43 -4 -12 -14 -24 -6 49 50 53 52 -51 54 -1 56 57 -55 -50 60 61 -60
right_child=3 5 4 29 18 6 -8 -9 10 -11 12 -13 45 14 15 -17 17 -19 -20 20 23 25 46 34 26 -27 -28 -29 -30 -31 -32 -33 33 -35 -36 -37 37 38 -40 -41 -42 -43 -44 -45 -46 -47 -48 -49 58 51 -52 -53 -54 55 -56 -57 -58 -59 59 -61 -62 -63
leaf_value=-0.0071273867512121848 0.0071894794620796986 0.00084470018677018123 0.013729983672956542 0.0046593667425344218 0.0012684589174048158 -0.0089099194106359563 -0.011249371470185598 0.0021640705075197074 0.016616986161230713 -0.012430112035984892 0.031092792610000832 -0.017999563558094036 0.0008457242206731711 0.0069534128048727231 0.019420832860762589 0.0016652283827914109 0.04443254129101052 -0.00086590790190729111 0.005517873461579244 -0.015093868984543891 0.031540968308310664 0.01724045549078387 -0.012235788197261649 0.020122553898299471 0.013890737223388445 0.00059967711465279568 0.039293108813819567 0.016955075273200417 0.0081447270351597545 0.016804988012235782 -0.010689532412561251 -0.0045807325497835847 -0.0031534516385628591 0.017473904994183505 -0.0033892479388184737 0.011367605842717361 0.010931767882860358 0.0030234540445698379 -0.012843509940842355 0.029706399010836139 -0.012355373064374089 -0.0029255918917357971 -0.0065308517036680534 -0.00077359488276975894 -0.0031027756609117887 -0.0060963443204544191 0.0077764957194781806 0.023352703267825771 -0.00056202251823802673 -0.000154227563543929 -0.0077942034309198211 -0.0033682591826134705 0.016720433991824261 -0.0051963460718579295 0.023915494242573408 -0.017234009672972183 0.0011589211516920305 0.031031760347840574 0.012043205540735258 0.00015539979874976421 -0.0054325815790704345 0.0030067264065335975
leaf_weight=44.214912881143391 99.520131164230406 1736.8125276728533 128.49190305545926 121.92596582422266 39.653827762929723 134.32988733053207 333.67776003340259 910.07967828062829 82.611272215843201 145.91642866539769 8.9115349091589433 57.082467594183981 7724.3631196366041 51.670435343752615 84.104953147936612 233.40701832337072 45.422377638402395 15.905932696303351 239.347088993527 61.529249984887429 98.929022702970542 70.337083544931374 36.772402407368645 66.046971116913483 68.95872178254649 918.21672959905118 56.847552252933383 54.049872654257342 56.775486543541774 34.498166510951705 221.4131061976077 3555.2109764841152 265.01436694758013 85.435982787981629 47.727394031593576 100.11229876871221 447.11193969135638 1472.3710874065291 79.424334166105837 42.949608058203012 110.88591029518284 105.68235631799325 165.19586235599127 174.44209619134199 292.78765493899118 330.78044142515864 560.44704282854218 140.48916677944362 28035.320970572357 1158.1259130849503 202.39662637480069 4850.1633129077964 74.004216383676976 21.986538979690522 81.134838406695053 43.681764146313071 1457.1202059702482 38.187157889944501 415.34953934862278 9984.1201698724763 303.76076395029668 1705.8254034495912
leaf_count=530 693 24973 1247 1851 374 1057 2269 7178 2254 2107 248 574 149108 1201 3364 7793 1181 469 1630 678 589 650 397 474 455 6335 409 419 679 377 1963 28273 2203 599 355 684 2986 12032 587 325 767 662 1228 1443 9655 6546 3417 1128 306846 14074 2936 59709 818 279 980 334 15925 479 5128 106292 5449 20165
internal_value=-4.70934e-06 -0.000208718 3.03705e-05 0.0053554 0.00424577 -0.00224322 -0.00323923 -0.00269937 -0.000200666 -0.000447009 0.00114909 -0.000409658 0.000994307 0.00576826 0.0108926 0.00659664 0.0221726 0.0335044 0.0113135 0.00680398 0.0128933 0.00547741 0.00978199 0.0208034 0.0182739 0.0018645 0.0264324 0.00282009 -0.00406342 -0.0030433 -0.00525022 -0.00376978 0.00115657 0.00422262 0.0105321 0.000927785 0.00313965 0.00437875 0.00217271 0.0100592 -0.00145426 0.00828006 0.00123117 0.00550126 -0.00160229 0.000557047 0.00645293 0.018657 -0.000387063 -0.00163787 0.00113435 -0.00249895 0.00092278 0.00222584 0.0131123 0.00131256 0.00190136 0.0184114 -0.000140373 0.000812086 0.00350996 0.00480033
internal_weight=70329.1 67755.1 60634.4 2573.99 3146.05 7120.67 5383.86 5050.18 57488.4 48618.4 8869.96 48472.5 8787.35 732.21 430.511 317.512 112.999 61.3283 419.49 2196.16 385.058 1811.1 822.546 212.703 225.326 988.554 125.806 172.355 118.305 377.837 343.339 4140.1 584.893 450.563 113.774 365.127 2726.56 2147.54 1551.8 595.744 579.016 552.794 468.13 302.934 301.699 8055.14 597.219 180.143 48415.4 7971.02 1888.72 6082.29 1232.13 1686.33 125.35 1560.98 1517.29 60.1737 40444.4 12409.1 2424.94 2121.17
internal_count=835830 816089 748853 19741 24409 67236 42263 39994 724444 542625 181819 540518 179565 23911 14008 11157 2851 1650 3132 15550 3194 12356 5371 1418 1557 6985 864 1776 1357 4191 3814 32816 4543 3486 829 2887 21277 16592 12619 3973 4685 3648 3918 2690 9903 155654 3814 1502 539944 96064 21463 74601 14892 18527 1510 17017 16683 758 443880 137034 30742 25293
is_linear=0
shrinkage=0.04


Tree=22
num_leaves=63
num_cat=0
split_feature=27 18 27 18 64 21 67 12 13 32 27 67 66 21 55 26 20 67 13 65 62 35 29 64 27 18 1 27 51 60 64 27 58 64 60 56 53 62 57 14 34 47 6 48 47 21 66 61 47 13 6 59 40 35 27 49 68 64 58 26 15 34
split_gain=45.2211 23.7215 29.4831 17.1753 18.6498 17.0769 16.5085 17.7362 14.5859 14.726 14.195 14.1752 13.97 13.8321 12.8549 15.2919 13.3183 17.0478 12.8109 12.5588 12.2693 12.1868 12.0968 11.9597 11.7985 33.3818 16.6253 18.3442 11.9525 11.7566 11.7045 11.7043 12.8621 11.5963 11.4804 13.6027 13.2731 11.3735 11.0485 11.8304 13.0671 10.6607 14.8576 12.4786 10.6574 10.4533 10.2279 10.4641 10.1814 10.5615 12.4188 11.5759 11.851 13.3297 11.2833 9.92585 9.8535 9.73033 9.70021 12.2084 9.45833 9.68519
threshold=10.500000000000002 2.5000000000000004 6.5000000000000009 4.5000000000000009 0.22474747474747478 -17.499999999999996 0.56385869565217395 26.500000000000004 0.15192307692307697 11.500000000000002 -19.499999999999996 0.7231800766283526 0.66954022988505757 -35.499999999999993 1.4202344241038192 134.50000000000003 3.5000000000000004 0.58957219251336912 0.54006410256410264 13.379807692307695 -0.18530241902637515 0.56491527885252812 1.4461022348534833 0.91485507246376818 16.500000000000004 16.500000000000004 1.5000000000000002 21.500000000000004 1.2213165346777541 -0.19695156867940908 0.85092592592592597 4.5000000000000009 5.5092592592592604 0.68857758620689669 0.5114521882968206 7.8786764705882328 2.0846546259996379 0.14731475196728303 0.12310606060606062 0.22727272727272738 14.500000000000002 0.41686294041660693 128.50000000000003 37.500000000000007 0.60071269252730564 1.5000000000000002 0.79238505747126442 0.10172413793103451 2.2846474917990984 0.83045977011494265 144.50000000000003 -2.1081871345029235 1.5000000000000002 0.39355653822816444 -3.4999999999999996 1.6272339576047541 27546.800000000007 0.35805860805860812 5.2857142857142856 98.500000000000014 0.43269536019536031 8.5000000000000018
decision_type=10 10 10 8 10 10 10 8 8 10 8 10 10 8 2 10 8 10 8 10 2 2 2 10 10 8 10 10 2 2 8 8 2 10 2 10 2 2 10 10 2 2 2 2 2 10 8 2 2 10 2 2 2 2 8 2 2 10 2 10 10 2
left_child=1 2 6 4 22 -6 7 18 9 38 11 44 21 -9 15 16 19 -18 20 23 46 48 -2 -10 -5 26 -26 28 -28 31 58 -22 -33 34 35 -3 -37 -16 -4 40 -40 42 57 45 -8 -44 47 -1 49 50 51 -12 53 -53 -51 -54 -7 -31 59 -27 -13 -62
right_child=3 33 8 24 5 56 10 13 14 -11 12 60 -14 -15 37 -17 17 -19 -20 -21 29 -23 -24 -25 25 30 27 -29 -30 41 -32 32 -34 -35 -36 36 -38 -39 39 -41 -42 -43 43 -45 -46 -47 -48 -49 -50 54 -52 52 55 -55 -56 -57 -58 -59 -60 -61 61 -63
leaf_value=-0.015636415575999527 -0.0014326171732759977 -0.0031309492216667905 -0.012871944509711178 0.00098137923797184307 -0.0051732672034011514 0.012942323919270717 -0.0034681084308521861 0.030502960941266616 0.0050075476760925624 -0.013304053809267496 0.017957378966051939 -0.0067035271986550906 -0.0019132116985698764 2.8281790757331911e-05 -0.0062472079151992144 0.020438106919682123 -0.0053717020582846565 0.013996390870695019 -0.00030462241099158088 0.011322959032940035 -0.0075195798760601916 0.00045254793678274559 0.013078236748922605 -0.018457743607627208 0.0043379154115874606 -0.013158676105683567 0.024685148079035612 0.044023825769854009 0.0059446211240637582 0.0057158363777996468 0.019781987017977253 0.0012859833803068401 -0.018395067345010539 0.0015174347781620016 8.861333147247765e-06 -0.010797376773726981 0.014634601186050269 0.0060147132735309016 0.0056128440154897289 -0.00047161741102229863 0.033006165111215652 -0.0026431392309159353 0.025994529853116743 -0.0097772444176990481 0.01346564534775715 -0.0035875348494110314 -0.007727218521749759 0.0021838151845305267 0.026073638771354185 0.0052092815978130218 -0.023793930123338112 -0.0028048465809619918 0.0026029852748587047 0.033601072006346822 0.02905845496386561 -0.0084944326286536549 0.029926566863409897 0.038975696589156339 -0.016468040540223928 0.0044238922646024394 3.292840475798146e-06 0.0085757413920723655
leaf_weight=49.65407707169652 363.25147024157923 4582.2737662246218 72.654112977674231 2391.9894128253218 73.230703487759456 494.85435825248715 69.22102392022498 18.858989627449773 1042.1028044361155 131.83442142000422 74.615100631956011 163.87005509366281 3322.2137583632139 19869.094641492644 277.73583461286034 109.69247484020889 321.94341214420274 88.535765412729234 6497.4456362284254 645.80790233006701 1579.0341685437597 11017.158432079363 117.69922223873436 31.11995866894722 173.8450330310734 83.382092618849128 105.13904120191 40.364926356822252 116.05964047601447 29.53334825951606 31.770598064060323 503.83280838886276 54.333547222893685 1055.0675221071579 1573.8221276274417 588.55065463134088 30.523533841595054 206.72176297870465 112.49207953433506 379.87285992898978 33.349415057338774 6252.7457755887881 35.247339067980647 89.041299345204607 351.37595348514151 34.363267484353855 210.15095139143523 1518.5056499671191 27.330789336469024 91.56182952853851 23.10684226162266 25.8046373258112 1666.7159338770434 34.808200110448524 46.032876680372283 134.88162256823853 61.321387155912817 25.951697684824467 72.673720419988967 216.69773791602347 495.02610564185306 362.36486685927957
leaf_count=559 2567 43162 546 17174 1083 3643 1570 393 8460 1152 796 2170 61731 257107 2029 931 3378 949 108740 4468 16076 118167 754 326 1277 1288 584 212 585 238 689 4673 442 16507 11752 4538 186 1306 743 3014 273 52466 307 762 7216 277 3883 18084 236 1587 253 367 18205 492 780 1198 579 295 586 1803 11817 8019
internal_value=-5.10771e-05 -0.000311497 -3.30001e-05 0.00390043 0.00818255 0.012688 -0.000259553 -0.000744577 0.00354847 -0.00146394 0.000736311 0.00453498 0.000402366 6.48393e-05 0.00489249 0.00616826 0.00538705 -0.00107606 -0.00169797 0.00692899 -0.00256939 0.000988234 0.00221653 0.00424469 0.0024189 0.00648269 0.0141037 0.0203913 0.015201 -0.00319421 -0.00179223 -0.00576434 -0.000776137 -0.00237757 -0.0029848 -0.00388976 -0.00943625 -0.00100696 0.00123334 0.00328561 0.0127633 -0.00234102 0.00633978 -8.84267e-05 0.0106707 0.0121296 0.000454179 0.00157165 0.00375813 0.00340604 0.00263385 0.0030096 0.00236419 0.0190694 0.0139273 0.00175094 0.0150649 0.0232082 -0.00386855 -0.000597301 0.00196836 0.00365504
internal_weight=70300.3 65958 58127.7 4342.28 1110.36 629.406 54673.9 36767.8 3453.86 730.203 17906.1 1441.86 16464.2 19888 2723.66 2239.2 2129.51 410.479 16879.8 1719.03 10382.4 13142 480.951 1073.22 3231.92 839.933 435.409 261.564 221.199 8604.08 404.524 2137.2 558.166 7830.24 6775.17 5201.35 619.074 484.458 598.368 525.714 145.841 6466.88 214.137 158.652 420.597 69.6106 1778.31 1568.16 2124.86 2097.53 1959.93 1936.83 1862.21 60.6128 137.595 1801.6 556.176 55.485 372.754 300.08 1021.26 857.391
internal_count=835450 802626 726481 32824 8626 5305 698906 464302 27575 5728 234604 30792 203812 257500 21847 18512 17581 4327 206802 13254 98062 142081 3321 8786 24198 7024 2658 1381 1169 75536 4366 21191 5115 76145 59638 47886 4724 3335 4576 4030 1016 54345 1879 1346 8786 584 22526 18643 23914 23678 21311 21058 20262 859 2367 19403 4222 533 3677 3091 22006 19836
is_linear=0
shrinkage=0.04


Tree=23
num_leaves=63
num_cat=0
split_feature=27 18 18 26 46 65 27 13 62 36 14 12 56 1 39 27 18 26 1 36 39 30 64 32 64 55 41 12 21 26 7 13 26 67 39 31 34 25 34 51 35 46 13 67 14 57 54 26 12 26 65 61 40 45 7 14 26 7 40 60 23 4
split_gain=44.5035 29.3616 23.2139 19.8324 17.9509 15.3432 14.2583 15.2921 13.7558 13.9965 13.5715 12.545 13.1195 12.2747 14.7166 12.2016 20.6662 12.9046 12.4087 15.5065 13.7271 12.2048 12.0095 11.7896 12.2567 11.2059 15.6309 11.2012 11.1858 11.1295 19.5334 18.2026 14.9041 14.2704 12.5779 12.5647 12.106 15.4805 19.8958 21.5534 14.0658 11.8767 13.6561 11.525 12.1228 15.732 11.4949 11.2979 11.1151 11.0897 19.0225 18.8631 13.5889 12.1793 11.2048 21.8028 16.3926 13.7186 11.2287 11.1039 16.9692 11.0183
threshold=8.5000000000000018 1.5000000000000002 3.5000000000000004 117.50000000000001 28.500000000000004 34.422619047619058 6.5000000000000009 0.11882352941176472 0.34334283035310348 32.500000000000007 0.35607263107263115 55.500000000000007 12.925824175824177 5.5000000000000009 0.84079391322477692 14.500000000000002 7.5000000000000009 129.50000000000003 3.5000000000000004 4.5000000000000009 0.95636960395649984 10.500000000000002 0.58898944193061853 9.5000000000000018 0.54356060606060608 2.3131084958430974 1.1146563920307329 5.5000000000000009 2.5000000000000004 73.500000000000014 55.500000000000007 0.30217391304347835 68.500000000000014 1.0645833333333334 1.525714612359089 2.7216444949289751 13.500000000000002 72.833333333333357 2.5000000000000004 0.95998092897999465 0.64815669733626857 32.500000000000007 0.3585714285714286 1.0488095238095241 0.31982091982091992 0.30131578947368426 31.500000000000004 74.500000000000014 252.50000000000003 116.50000000000001 4.1715686274509816 0.36515151515151517 34.500000000000007 0.99022503925982686 109.50000000000001 0.27652918069584742 109.50000000000001 74.500000000000014 3.5000000000000004 -0.10944180124894122 63.500000000000007 8.5000000000000018
decision_type=10 10 8 10 2 10 10 8 2 2 10 10 10 8 2 10 10 10 10 2 2 2 8 10 8 2 2 10 10 8 8 8 10 8 2 2 2 8 2 2 2 2 8 10 10 8 2 10 10 10 10 2 2 2 10 8 10 10 2 2 8 2
left_child=1 6 3 13 -3 10 11 -8 9 48 -5 29 23 -2 -15 16 21 18 22 20 -20 -4 -17 25 -25 -13 -27 -23 -22 30 34 43 33 35 -1 -33 37 38 39 47 -41 42 -38 -32 -45 -46 -34 -31 -6 52 53 -52 54 -51 56 -56 -39 -58 61 60 -54 -57
right_child=2 4 15 5 8 -7 7 -9 -10 -11 -12 12 -14 14 -16 17 -18 -19 19 -21 28 27 -24 24 -26 26 -28 -29 -30 36 31 32 46 -35 -36 -37 41 49 -40 40 -42 -43 -44 44 45 -47 -48 -49 -50 50 51 -53 59 -55 55 58 57 -59 -60 -61 -62 -63
leaf_value=0.0013525546136708064 0.007807087100257939 -0.0016373412251935034 0.0029886298907637627 0.010631483576315643 -0.0098441442864266645 -0.0045298070025409113 -0.010977699132158639 0.0043704072458317618 0.00013168705754460281 0.0098679008989672034 0.027343747016213955 0.00068780648241661827 -0.0086344041187923406 0.0084814046369721102 -0.0026221532409280396 -0.0038434224071588479 -0.0048684585131090205 0.013508589859795937 0.010369029059546989 0.013623778924859787 0.00286500122243276 0.014731165233481199 0.011537552691386111 0.00047538194335947044 0.010548673981811519 -0.018242022881828936 0.011738507734865353 -0.0062626852152893268 -0.017682056889634944 -0.0023204789201098264 -0.0062988886368517474 -0.0033765525506999866 0.0017961148361227029 0.0030550990473006564 -0.014421486348324582 0.021230440377409805 -0.0051421261182688438 -0.0010657514333771894 0.0011699628445458676 0.027686254625494768 0.0034311345471392386 0.0023001386814184674 -0.00091870350210639833 -0.0094433536143415115 -0.01166530607280525 0.022491673587577306 -0.0080457294648467077 0.024698958583701251 0.015967357444308158 0.0071505976198210841 0.00044089307325527178 0.0086019590316652166 0.037037370989054755 -0.0043790247026941446 -0.018649721060689909 -0.0021231675123333468 -0.00038262276024710789 0.011089949234527835 -0.0043968145219525452 0.00043079459276442524 0.0045306050557335871 0.023540307763327523
leaf_weight=3997.5326051716693 906.39578690042254 6187.163986541389 2632.6291473741876 198.2528423962649 1185.4479623390362 55.867957428097725 105.81697975052521 1717.7936195080401 403.22846034285612 60.298151521012187 136.13765606842935 8518.8373656389304 209.45383311121259 282.52637380873784 564.25897816068027 467.6064042217331 917.10769309522584 221.11372876819223 122.59174984612036 286.57465965696611 85.921226755250245 40.463065601885319 93.123718063579872 348.50519123685081 430.2441588002257 26.619235231191851 258.89749929320533 398.50673610228114 76.453096719807945 28.472171754110605 2010.0713011791231 5173.55604193412 2519.7340637324378 648.19128134974744 77.570882234489545 28.502239394001663 1678.6786998547032 10128.703508814448 2307.5337781240232 35.940761521225795 629.61062144767493 1182.4889396578074 4507.0478269625455 55.626731528784148 26.420836195349693 71.625159889343195 200.38517960708123 150.78780625574291 22.981160337803885 176.14365802600514 852.49720348278061 963.71714014688041 21.552667165873572 768.58501011191402 156.44220167724416 56.931978357024491 329.76320897683036 331.72485874185804 616.87868072639685 2592.3194563314319 948.62573016155511 44.293490063399076
leaf_count=64007 6578 64869 18759 1411 10890 401 822 13890 3033 758 973 119606 1761 2721 4494 3650 7637 1466 1293 1605 636 243 1340 5620 8719 254 1918 3501 524 390 17225 82519 31930 16365 766 351 16482 126000 31548 380 6004 14046 61068 418 222 698 1918 2146 265 2367 5603 7389 305 8144 1282 524 2632 3130 6510 23393 9499 654
internal_value=-2.33009e-07 -0.000347846 0.00291405 0.00642591 -0.00263383 0.0145333 -2.0594e-05 0.00345224 -0.0063055 -0.00834386 0.017738 -0.000140151 0.00115246 0.00458502 0.00111054 0.00150027 0.000384691 0.0047746 0.0030171 0.00713841 0.000493967 0.00195852 -0.00120962 0.00137076 0.00607248 0.000951683 0.00867752 -0.00418342 -0.00704868 -0.000432462 -0.00132184 -0.00221666 -0.0013873 -0.00252403 0.00103499 -0.00322147 2.96889e-05 0.00051633 0.00309964 0.0083325 0.00493762 -0.00136596 -0.00206808 -0.00549089 0.00494335 0.0131679 0.00105766 0.0204609 -0.00928951 6.28816e-05 0.00239292 0.00478303 -0.000360238 -0.00220301 -0.0010206 -0.00536213 -0.000666393 0.00541071 -0.00235843 0.00180038 0.00543895 0.00968593
internal_weight=70278.8 62793.2 7485.53 2143.44 7859.12 390.258 54934.1 1823.61 1671.96 1268.73 334.39 53110.5 9792.56 1753.18 846.785 5342.09 3988.71 1353.38 1132.27 571.541 284.966 3071.6 560.73 9583.1 778.749 8804.35 285.517 438.97 162.374 43318 14809.2 10734.1 8570.37 5850.25 4075.1 5202.06 28508.7 21140.5 3152.35 844.811 665.551 7368.22 6185.73 2163.74 153.673 98.046 2720.12 179.26 1208.43 17988.2 2760.94 1816.21 15227.2 944.729 11664.7 874.546 10790.2 661.488 718.104 3562.5 970.178 101.225
internal_count=835552 778320 57232 16578 79815 2785 698505 14712 14946 11913 2384 683793 137878 13793 7215 40654 30140 10514 9048 4058 2453 22503 4990 136117 14339 121778 2172 3744 1160 545915 216419 151646 133083 99235 64773 82870 329496 237900 40468 8920 6384 91596 77550 18563 1338 920 33848 2536 11155 197432 23503 12992 173929 10511 140732 8970 131762 5762 7688 33197 9804 1178
is_linear=0
shrinkage=0.04


Tree=24
num_leaves=63
num_cat=0
split_feature=27 18 23 9 1 41 18 27 7 27 13 13 14 50 27 14 52 18 63 36 26 53 24 58 25 42 39 63 66 68 62 18 54 9 36 15 49 42 14 63 4 13 28 48 9 45 23 9 45 5 66 50 27 50 15 15 54 59 26 48 58 65
split_gain=46.578 31.126 15.5495 15.4919 16.6122 15.1464 14.9472 14.3633 13.5322 13.1974 16.7228 13.7457 16.5463 12.2445 14.1333 12.4242 12.0635 11.4814 12.591 15.0062 13.1996 11.5307 11.2267 11.0961 12.749 11.0573 13.723 12.5501 12.1499 10.8698 12.6455 10.8095 10.7978 14.3543 13.4745 11.9772 10.6947 10.69 11.2158 10.49 15.1904 10.4512 10.3227 10.2931 10.1331 10.0668 10.0595 10.0452 10.0369 10.2265 11.4921 9.99534 9.99522 11.5632 13.7052 9.99769 9.95595 9.95438 9.88986 10.5446 9.87462 15.629
threshold=8.5000000000000018 1.5000000000000002 145.50000000000003 1.3348336517634003 1.5000000000000002 0.70946260217414425 4.5000000000000009 17.500000000000004 85.500000000000014 6.5000000000000009 0.13484848484848486 0.267948717948718 0.26624381810140324 14.500000000000002 -19.499999999999996 0.7073990279872634 24.500000000000004 -1.4999999999999998 0.29983271971334974 1.5000000000000002 76.500000000000014 0.58024220251323844 79.500000000000014 5.127717391304345 54.166666666666679 43.500000000000007 0.71057651823673706 0.41765772980065763 0.39009661835748799 5832.5800000000008 0.23060176086132653 -5.4999999999999991 2.5000000000000004 1.2599690806168644 14.500000000000002 0.39175133689839575 0.59687413282714241 86.500000000000014 0.35327635327635337 0.20986739959467618 9.5000000000000018 0.69397993311036799 4.5000000000000009 1.5000000000000002 0.59124664235319591 1.1990872398055428 21.500000000000004 0.42079288293248962 1.5021572916269248 2.5000000000000004 0.85565476190476197 9.5000000000000018 11.500000000000002 24.500000000000004 0.44762605042016818 0.52978245438771754 2.5000000000000004 -1.7142857142857137 116.50000000000001 22.500000000000004 7.6666666666666652 13.379807692307695
decision_type=10 10 10 2 10 2 8 10 10 10 10 8 10 2 8 10 2 10 2 2 10 2 8 2 10 2 2 2 10 2 2 8 2 2 2 10 2 2 8 2 2 8 2 2 2 2 8 2 2 2 10 2 10 2 10 10 2 2 10 2 2 10
left_child=1 9 3 4 5 -2 8 -4 22 11 36 12 -1 23 15 -15 44 18 19 -14 21 -21 29 37 46 60 -27 28 45 -6 42 -16 34 58 -8 51 -11 48 -39 -22 -41 -5 -31 -26 -17 -28 -25 -40 -13 -50 -51 -36 53 -10 -55 -56 -54 -19 -34 -60 61 -12
right_child=2 -3 7 41 6 -7 32 -9 52 10 25 13 17 14 31 16 -18 57 -20 20 39 -23 -24 24 43 26 27 -29 -30 30 -32 -33 33 -35 35 -37 -38 38 47 40 -42 -43 -44 -45 -46 -47 -48 -49 49 50 -52 -53 56 54 55 -57 -58 -59 59 -61 -62 -63
leaf_value=0.00033772171603930231 0.0086870306723082248 -0.0027099822335269366 0.0084401846370692566 0.00048373741754381764 0.017515834466436696 -0.0027984378668218924 0.010967198240674096 0.03518588217729466 0.022586062696177731 0.017069076019005709 -0.0011233376399800423 0.0017710218976253324 -0.0089989035554171974 0.00062869139535145493 -0.0067340792133403476 0.014078160208514687 0.031773669093279222 0.002298653378529112 -0.0062770701908794538 0.022611066700307943 0.0038137046899276794 -0.0044123195369751905 -0.01471379881102554 0.014991820873539504 -0.012350991916319954 -0.016608265655625749 0.018879959467842523 -0.0046090246457058748 0.0018752525684905159 0.010437876685728832 -0.0072132314009851284 -0.00048832918457944409 -0.0039303200943847337 0.012486336664768749 0.02022595259690866 -0.011852203604308416 -0.0091743345422886629 -0.012160445053974003 0.023116282699657105 0.027659916292950375 -0.0030727991125625476 0.01846912881233663 -0.002448926560158167 0.00059534553124393594 0.0032085505253980325 0.0044475527355716362 -0.010274543750479741 -0.0012399783616171933 -0.0049471779260060597 0.0066199438831241429 0.023296650989841683 -0.007435084441786503 0.0086820621758942427 -0.0030459638166250498 0.03156984771967733 0.0012405529907532646 0.03574592004950377 -0.0052755211855004466 0.02398146332512258 -0.00024403037632275541 -0.010751140222625705 0.010244970089409949
leaf_weight=4227.7303700261982 238.22574857901782 7826.0341529109282 224.47979058441706 3495.0683415024541 137.56363970600069 745.77217569597997 444.69666046032216 33.823907488025725 91.764414386008866 23.310055517591536 498.25337252067402 9421.2474301008042 199.07962690154091 2724.8930764058605 445.97638940357137 161.20853030262515 23.05946161551401 304.76659047533758 481.57192379189655 21.880048035527579 770.58392895257566 431.17594967165496 33.788251295918599 22.969436336075887 98.738961814087816 28.40306938579306 318.37032354273833 80.8932627402246 144.44372476905119 446.866351049277 105.31466578133404 26408.45809309202 598.9261097292183 127.7275365460664 45.306322726886719 90.360531835118309 218.94979253353085 149.81993519014213 23.034340331447311 68.328241966664791 38.227350150234997 47.478478748816997 125.38226816279348 1855.1643609497114 818.74161238840315 106.51962405443192 320.51416819216684 803.156124322908 93.491624968824908 447.23809161130339 74.511214553029276 32.236016804818064 38.203027311014012 116.97172301542014 37.207883505150676 30.296452945098281 62.001261498546228 2847.471228864626 39.805567102506757 79.937511692289263 84.189287640154362 310.44263266969938
leaf_count=30493 2587 79672 1759 25162 999 7309 3623 200 649 273 4382 173903 1776 40309 6323 4266 333 2626 3114 187 7019 3973 260 556 1655 253 2315 518 1271 3392 629 317054 4258 814 322 766 1992 1293 313 423 347 551 982 21948 18571 712 5348 10269 969 4385 1150 246 246 757 251 197 331 26400 239 484 602 2361
internal_value=4.28712e-06 -0.000350297 0.00298965 0.00263894 0.00445913 1.20529e-05 0.00608624 0.0125441 0.00933735 -1.49081e-05 0.00333572 -0.000129267 -0.0015178 0.000167951 -0.000272813 0.00203347 0.0058278 -0.00303603 -0.000671791 0.00110803 0.00264868 -0.00287467 0.0064736 0.00118042 -0.00134601 0.00484505 0.00867546 0.0098982 0.0119816 0.0074362 0.00527644 -0.000593288 0.00333317 0.000396329 0.0073548 -0.00225324 -0.00635511 0.00170785 -0.00228002 0.00550171 0.0169908 0.000750475 0.00761756 -8.87428e-05 0.00505907 0.0153556 -0.00839407 -0.000425951 0.0020966 0.00702772 0.00920008 0.00897285 0.0156259 0.0113436 0.00530284 0.0189821 0.0263308 -0.00454075 -0.00182383 0.00844757 0.00190168 0.00327687
internal_weight=70392.1 62922.8 7469.2 7210.9 3668.35 983.998 2684.36 258.304 1225.36 55096.8 1813.78 53283 9390.82 43892.2 30582.3 3727.9 1003.01 5163.08 2010.85 1529.28 1330.2 453.056 848.915 13309.9 2297.39 1571.52 678.63 650.227 569.334 815.127 677.563 26854.4 1459 846.397 612.6 167.903 242.26 11012.5 976.01 877.14 106.556 3542.55 572.249 1953.9 979.95 424.89 343.484 826.19 10036.5 615.241 521.749 77.5423 376.445 276.24 184.476 67.5043 100.204 3152.24 718.669 119.743 892.885 808.696
internal_count=836367 779354 57013 55054 29341 9896 19445 1959 8693 699682 14679 685003 76358 608645 386856 63479 23170 45865 16839 13725 11949 4160 6262 221789 29507 12414 5069 4816 4298 6002 5003 323377 10752 5795 4957 1334 2265 192282 11875 7789 770 25713 4374 23603 22837 3027 5904 10582 180407 6504 5535 568 2431 1854 1205 448 577 29026 4981 723 7345 6743
is_linear=0
shrinkage=0.04


Tree=25
num_leaves=63
num_cat=0
split_feature=56 66 30 13 58 3 59 44 39 47 26 8 18 44 37 41 60 65 47 18 10 18 30 66 56 13 66 41 54 32 28 63 14 13 60 57 65 15 6 39 34 65 55 49 39 56 66 32 25 30 55 18 24 41 61 60 38 58 65 57 54 37
split_gain=13.0573 19.9241 27.1407 13.3045 12.7899 13.06 12.7319 12.3757 12.3541 11.8521 12.5604 12.2181 11.6247 11.5498 11.3031 11.205 10.2644 10.1714 11.5212 15.4309 12.0355 10.2298 13.0617 10.4218 10.0264 15.648 9.96039 12.2517 12.0485 9.76915 10.4031 11.4544 9.91723 10.4186 9.76168 9.73068 15.3743 14.951 15.3762 14.9275 12.8755 16.9035 11.7513 13.9256 11.6055 11.9188 11.4666 11.4413 11.4894 16.5261 14.2761 11.0107 10.832 9.72085 9.71253 11.1055 13.1512 10.8553 9.65383 9.62102 9.58513 9.57619
threshold=3.4058823529411772 0.23145604395604399 7.5000000000000009 0.54006410256410264 -2.2666666666666724 3.2500000000000004 -1.4522727272727269 791.50000000000011 1.1000819508926143 0.44437634741138149 36.500000000000007 7.5000000000000009 35.500000000000007 860.50000000000011 1.3329067774488503 0.56783631771016607 -0.39201704939789728 16.755952380952383 0.53231428055104801 6.5000000000000009 2.0750378752979457 2.5000000000000004 2.5000000000000004 0.084770114942528743 1.5108695652173909 0.6132478632478634 0.19292803970223329 0.9166706901537226 23.500000000000004 33.500000000000007 9.5000000000000018 0.11789353323782038 0.46970806970806978 0.21583850931677021 -0.59982207741684901 0.4777667984189724 -4.0714285714285756 0.65223333039509523 136.50000000000003 0.70547287992713603 4.5000000000000009 -10.885620915032673 0.65352460057804684 0.39598832770351905 1.0000246084702533 0.75735294117646401 0.70942982456140358 6.5000000000000009 81.166666666666671 11.500000000000002 0.90001011511247764 -3.4999999999999996 13.500000000000002 1.1517226354674666 0.27386363636363642 -0.21896690812044992 987.50000000000011 0.42857142857142355 30.424812030075191 0.56155303030303039 1.0000000180025095e-35 0.66667036671143731
decision_type=8 10 2 8 2 10 2 2 2 2 8 2 10 2 2 2 2 10 2 10 2 10 2 8 10 8 10 2 2 8 2 2 10 10 2 10 10 8 2 2 2 10 2 2 2 10 10 10 10 2 2 10 8 2 2 2 2 2 8 10 2 2
left_child=1 2 4 12 5 58 14 9 13 11 16 53 29 -9 -7 24 -11 21 19 -19 -20 23 -23 -2 -12 -26 27 -4 -29 30 -3 32 33 -32 -17 44 37 47 40 -38 41 51 43 -41 -15 -46 -45 -37 50 -50 59 -39 -53 -5 -47 -56 57 -57 -1 -49 -35 -44
right_child=17 3 26 7 -6 6 -8 8 -10 10 15 -13 -14 35 -16 34 -18 18 20 -21 -22 22 -24 -25 25 -27 -28 28 -30 -31 31 -33 -34 60 -36 36 39 38 -40 42 -42 -43 61 46 45 54 -48 48 49 -51 -52 52 -54 -55 55 56 -58 -59 -60 -61 -62 -63
leaf_value=0.0068377791609549304 -0.0089942494624446027 -0.00068579681544079498 0.00063921412130098448 0.014549917423951545 0.003156056141900085 0.041111928455470112 0.01025430518759683 -0.0074711854668051171 -0.0018437716245975028 0.05502349824318073 0.0044077570278401035 0.0057136151048010403 0.011388502670505798 -0.00443064774572319 0.0078175103403177945 -0.0088641239111871533 0.011453468284387806 0.0076654307302295287 0.00051968928945684157 -0.019329664102188806 -0.0078413717672620627 -0.0062696480110782295 -0.00064508854753885197 -0.00060918354969907056 0.042791007846225526 0.0088523021164850189 0.0028712221385154024 -0.010391952920835612 0.010710299557523782 -0.0092035400781074715 -0.0044797070200013958 0.01339958263246626 -0.0071010900703392396 -0.0048078853939165014 0.0016454365977557018 -0.0047336945087701875 -0.0037375350756440741 0.0046123030450395388 0.016073861876219227 -0.0085082057049946664 -0.0038264660083821953 -0.0045136237009527199 0.010220811662899851 0.024887922002606536 -0.02139182696006595 -0.0058792764506845367 -0.00099872393727375337 0.016119205526474518 0.0050922408675535703 0.040663513082102795 0.0062507046100376109 0.0049383559467535577 0.039498465073514295 0.058309880282029103 -0.0030338103017850853 0.019877645516834803 0.02651659826966106 -0.018730403741978957 -0.0083282875481660353 -0.014163284373455248 0.017065543905997464 0.0028226440073349139
leaf_weight=365.39771435561124 234.91765787359327 18451.554487541434 405.68723902257625 27.505374152213335 3728.9314253734192 42.956767866271548 276.67994684260339 218.49221444409341 3077.674829376163 5.8393051371676838 597.72495052369777 89.917133046430536 124.97549947886728 692.57911771466024 28.998848046176136 141.69280189106939 69.328534907312132 546.2822753310902 7571.6653283941559 31.380776211619377 280.8590849977918 1264.4121971549466 1380.107987266616 20937.85735163663 24.067939196014777 102.87546699657105 407.1265352065675 485.60583084158134 43.465977543964982 204.60145443165675 97.883048402611166 167.36375385662541 146.49588988744654 40.14467727066949 3977.7848631979432 861.68410811468493 228.97073534934316 55.592028004582971 156.48268688260578 29.081435526022688 276.557237638277 83.305767136975192 449.95304350019433 143.11334058991633 19.370203244267032 57.273311509052292 33.124557227361947 15.116519314469768 87.379627579590306 23.260409098817036 195.24956308153924 22.895936860819347 43.883707114611752 10.566713952692224 50.838463056832552 16.325312646338716 90.734048854093999 20.715554974391125 77.570519736269489 121.21006705332547 124.16371794603765 742.63049516885076
leaf_count=3205 2289 193015 3840 595 30315 433 2939 4262 39000 518 13950 1598 1597 11749 188 3377 4307 4222 54472 225 1636 10255 11526 266770 328 1847 3796 4184 332 2759 992 1662 2055 522 77988 15740 4148 2072 3706 460 8216 2116 6456 1986 343 747 500 270 1487 447 3852 951 1590 183 764 248 1175 289 1163 2513 1406 10159
internal_value=1.70931e-05 0.00051862 0.00266248 0.000128168 0.00414434 0.0087507 0.0144946 0.00112516 0.000127498 0.00266795 0.00234679 0.0144595 -0.000534349 0.00140916 0.0290737 0.00208461 0.0180588 -0.000575138 0.000618667 0.00604567 0.000215842 -0.00099773 -0.00334109 -0.00070432 0.00665434 0.0166647 -0.00232644 -0.00459347 -0.00857425 -0.000614767 -0.000520019 0.00475023 0.00108905 0.00571243 0.00127364 0.00184647 0.0028024 0.00039697 0.00538709 0.00566465 0.00178992 0.00925339 0.00721252 0.0159671 -0.0017493 0.00547124 0.0201291 -0.00205869 0.00314837 0.0140054 -0.000628642 0.0184347 0.0288186 0.0320543 0.00807537 0.0125883 0.0186841 -0.00137404 0.00411866 -0.0103539 0.0117372 0.00564494
internal_weight=70327.9 38080.4 5862.42 32218 4520.54 791.604 348.636 12860.8 7813.49 5047.3 4919.31 127.989 19357.2 4735.82 71.9556 4844.15 75.1678 32247.5 8430.19 577.663 7852.52 23817.3 2644.52 21172.8 724.668 126.943 1341.89 934.759 529.072 19232.2 19027.6 576.051 408.687 262.191 4119.48 4517.33 3569.49 1942.62 638.717 1626.87 482.235 205.677 1397.9 205.319 947.836 255.257 176.238 1303.9 442.216 110.64 331.576 122.372 66.7796 38.0721 235.887 178.613 127.775 37.0409 442.968 136.327 164.308 1192.58
internal_count=835735 484340 50395 433945 38243 7928 3560 229937 125246 104691 102315 2376 204008 86246 621 97490 4825 351395 60555 4447 56108 290840 21781 269059 16125 2175 12152 8356 4516 202411 199652 6637 4975 2920 81365 81984 66669 42960 18651 23709 14945 6729 19561 2946 15315 3566 2486 24309 8569 1934 6635 4613 2541 778 3223 2476 1712 537 4368 2783 1928 16615
is_linear=0
shrinkage=0.04


Tree=26
num_leaves=63
num_cat=0
split_feature=27 18 30 18 24 13 19 27 51 57 8 27 64 20 27 2 20 58 53 66 13 51 64 65 35 63 44 27 49 19 36 68 13 9 45 68 30 10 50 20 29 44 34 67 45 38 68 10 68 10 18 32 66 66 19 19 38 41 20 41 15 10
split_gain=34.6802 19.17 18.3783 16.2187 15.9144 15.4819 14.6927 13.8609 19.8368 13.0389 13.0719 12.8584 12.7244 11.8312 11.4248 15.2271 15.2961 12.3788 11.2674 11.171 11.1097 14.0661 11.0073 11.6564 10.6551 10.7083 10.5396 10.4991 10.4729 10.3666 10.2674 14.141 10.8066 10.3547 10.2036 11.4342 11.3086 12.9677 10.1831 10.1252 10.0289 9.98106 12.8214 11.6343 9.84262 11.002 9.8355 9.76706 10.206 9.73666 9.72539 9.59122 11.1406 9.56643 9.55267 9.53218 14.3524 9.50353 12.5904 11.3968 15.2118 13.9447
threshold=8.5000000000000018 7.5000000000000009 10.500000000000002 1.5000000000000002 48.500000000000007 0.21240601503759401 -3.2499999999999996 16.500000000000004 1.0666584840738476 0.39379699248120309 68.500000000000014 4.5000000000000009 0.43095238095238103 1.0000000180025095e-35 -7.4999999999999991 7.7500000000000009 -1.0000000180025095e-35 3.8333333333333361 0.5596562492616971 0.11602564102564104 0.23606811145510839 1.8253795898201008 0.63245614035087727 12.833333333333341 2.8656085798224922 -0.44359008473764178 159.50000000000003 14.500000000000002 2.0106061294717334 -1.2499999999999998 4.5000000000000009 28251.750000000004 0.28801843317972359 0.69214989795975845 0.68678040777549165 13640.000000000002 5.5000000000000009 1.1477490462241466 19.500000000000004 1.0000000180025095e-35 1.843900406790032 958.50000000000011 3.5000000000000004 0.85960591133004927 1.528068876045509 895.50000000000011 5832.5800000000008 1.07523621216397 7525.3400000000011 1.0841801897073073 -1.4999999999999998 3.5000000000000004 0.42365967365967372 0.26726190476190481 1.7500000000000002 8.2500000000000018 1288.5000000000002 1.4878272414441696 -1.4999999999999998 1.3917887729780509 0.37948766919355165 1.438450468391671
decision_type=10 8 2 10 10 8 10 10 2 8 2 10 10 8 10 2 8 2 2 10 10 2 10 10 2 2 2 10 2 10 2 2 8 2 2 2 2 2 2 8 2 2 2 10 2 2 2 2 2 2 10 10 10 10 10 10 2 2 10 2 10 2
left_child=3 2 5 9 -4 6 19 46 -9 20 11 14 -7 -14 55 16 18 40 -16 -2 21 -1 23 26 25 -5 -13 44 -26 -20 31 32 -29 -34 35 -17 37 -37 -10 -19 -18 42 -28 -43 45 -3 -8 48 -47 -44 -25 52 -42 -33 -12 -11 -57 59 -59 -36 61 -61
right_child=1 27 4 24 -6 12 7 8 38 10 54 22 13 -15 15 34 17 39 29 -21 -22 -23 -24 50 28 -27 41 30 -30 -31 -32 53 33 -35 57 36 -38 -39 -40 -41 51 43 49 -45 -46 47 -48 -49 -50 -51 -52 -53 -54 -55 -56 56 -58 58 -60 60 -62 -63
leaf_value=-0.0039331036760731951 -0.00020743893812009661 -0.0071770416355067795 -0.011401883003147666 0.007674115191619554 0.0014655614736207914 0.0056179813214499571 0.0090223878958025517 0.030269238809192453 -0.012377429140647038 0.00076870846069540663 -0.010752689373945783 -0.01000072985219335 0.020601962859588093 0.0060288180967063608 0.020788905115125444 -0.0063953115793840241 0.004207055963559434 0.0016330821086273423 0.021025194867072373 0.025278826892735608 -0.00042359947677815649 0.0052877230425579774 0.0078424564431329707 -0.0026999843369695077 0.0065131038207741025 -0.0025212629942816429 -0.011578282880031576 -0.0086811545762855522 -0.011141109583492939 -0.0061055835737229567 0.0071183158353965879 0.022301401677315973 0.016000926209955892 -0.0041685900047031951 -0.00081105359378710103 0.032764437772962472 -0.010826488561740396 -0.0003812599091480934 0.01192400172007867 -0.01374090906141563 0.024086996041408335 -0.0033851053114203364 1.214597631361341e-05 0.0069606409706032138 -0.012062526684351614 -0.0042879802407555226 0.0018462254804874976 -0.0011232015097456969 0.019835791545105525 0.010770571438726608 0.0082308680457982807 -0.0070865077138193089 -0.0034205318541103502 -0.0013943579356542936 0.020968730724243129 0.034325944313696961 -0.0090077756380230363 0.0025847324540646012 -0.0058651517143488178 0.031632874923442279 0.00061722019191858761 0.0047125072833136394
leaf_weight=2827.584032993298 40.475374319357798 342.54677072761115 195.56679371197242 163.93730814236915 655.70057286554947 615.96866020699963 335.43309106351808 66.900935898534954 39.037907982245088 22026.953227525402 227.54457000829279 147.47019532474224 230.27599430503324 152.45700771571137 23.088314821943641 1030.8777714981697 2554.6484772758558 144.89335978566669 18.573612821288407 80.41468952188734 13369.824942961335 287.66014417330734 583.26703481341247 162.81931058631744 381.53354293305892 7226.1291286047781 63.108360495301895 300.42138663260266 57.808931877836585 616.91638955310918 398.25720125308726 55.82520510442555 63.376166026806459 96.913256578962319 6056.1730220100144 32.367489171447232 33.37896013923455 37.953681441489607 69.393847902305424 123.48753092275001 34.527187172323465 879.16742683539633 212.6449042474851 211.63270600989927 175.31299517664593 39.93624060053844 3042.5766456141137 368.82024026289582 78.558083742624149 361.7623892534757 606.63525913842022 249.53974340809509 55.714396094437689 48.392395025119185 11.683777224388903 27.106252544093877 16.983152564731427 366.31308323517442 1188.0900333502796 55.137857375666499 251.14259091136046 67.358380562160164
leaf_count=26854 346 3196 1661 3016 5318 4556 1920 384 206 335036 3873 1519 1768 1909 316 16313 31305 1314 278 622 148040 1808 6280 1472 2977 73548 580 1956 390 8109 3036 345 1186 1199 69649 705 617 633 341 1168 303 7646 2142 1873 1264 332 21308 3078 742 3284 4536 2640 618 543 245 757 338 3934 10893 505 2727 549
internal_value=8.00523e-05 0.00265133 0.00385818 -0.000226941 -0.00153987 0.00484213 0.00363287 0.00315215 0.0139652 1.57507e-05 0.000418998 0.000477853 0.00925077 0.0149495 0.000254919 -0.000688588 0.00142977 0.00258489 -0.00409537 0.0170764 -0.000925339 -0.00307455 0.0028913 0.00178685 -0.00192961 -0.00229006 8.2091e-05 -0.000736875 0.00409093 -0.00515468 0.00224171 -0.00122844 -0.00425621 0.00404894 -0.00157662 -0.00511797 0.00729014 0.0160373 0.003015 -0.00556274 0.00334866 0.000968784 0.00492487 -0.00135526 -0.003588 -0.00173619 0.00257109 0.00212238 0.0118609 0.00682229 0.00591536 -0.00307262 0.00781608 0.0117384 -0.00880587 0.000808125 0.0184166 -0.0010705 -0.00387194 -0.000390768 0.00634224 0.0175952
internal_weight=70286 7492.56 5524.2 62793.4 851.267 4672.93 3674.23 3553.34 175.333 54964 38479 38239.7 998.702 382.733 35011.2 12940.2 3821.39 3162.81 658.578 120.89 16485.1 3115.24 3228.51 2645.24 7829.41 7390.07 1875.79 1968.36 439.342 635.49 963.186 564.928 460.711 160.289 9118.79 1134.58 103.7 70.3212 108.432 268.381 2894.43 1728.32 637.516 1090.8 1005.17 829.861 3378.01 487.315 118.494 574.407 769.455 339.781 90.2416 104.218 239.228 22071 44.0894 7984.21 1554.4 6429.81 373.639 122.496
internal_count=836006 57216 40339 778790 6979 33360 25127 24159 931 698859 522157 518039 8233 3677 488707 152576 46051 37348 8703 968 176702 28662 29332 23052 79931 76564 17044 16877 3367 8387 8265 5229 4341 2385 106525 18268 1955 1338 547 2482 34866 15525 6006 9519 8612 7348 23228 4152 1074 5426 6008 3561 921 888 4118 336131 1095 88257 14827 73430 3781 1054
is_linear=0
shrinkage=0.04


Tree=27
num_leaves=63
num_cat=0
split_feature=27 18 66 1 27 67 68 13 27 12 13 18 6 65 63 6 26 45 7 21 60 49 53 7 31 35 65 62 26 45 14 14 66 35 7 59 66 66 11 64 47 63 35 59 60 47 42 31 47 50 32 45 60 7 49 65 2 67 49 44 29 59
split_gain=31.9436 19.9984 18.7276 21.9925 18.438 17.2715 15.3281 15.1519 16.1295 13.8226 18.7929 13.3394 13.1676 12.8857 12.829 12.7846 16.45 17.2284 27.6707 15.5205 12.427 11.6008 11.592 11.8481 11.5678 15.3178 11.3323 12.3439 11.5217 17.5389 18.1436 13.1028 12.3945 12.284 11.7214 11.2047 10.931 10.9034 10.8155 10.7873 13.7593 11.0429 10.6897 14.8452 10.4945 10.3996 10.3547 12.6541 14.4412 10.2936 10.2236 10.4077 14.587 11.9255 10.0515 11.209 10.4743 9.77766 9.67775 12.4998 10.4921 12.4218
threshold=9.5000000000000018 3.5000000000000004 0.24621212121212124 5.5000000000000009 6.5000000000000009 0.71714285714285719 4232.0900000000011 0.14495798319327732 18.500000000000004 50.500000000000007 0.45993589743589752 6.5000000000000009 161.50000000000003 -4.595454545454543 0.015754138072385297 133.50000000000003 107.50000000000001 0.84035016306436006 110.50000000000001 -1.0000000180025095e-35 0.11911246371666308 2.3789230036571447 0.93342128049250417 59.500000000000007 0.48818882813570591 0.31476887607795195 -16.976190476190471 -0.15166900509359857 74.500000000000014 0.84035016306436006 0.32265234765234779 0.19396217817270453 0.14434523809523811 0.89614769370359404 71.500000000000014 0.8571428571428571 0.61237373737373757 0.084770114942528743 4.5000000000000009 0.27888888888888896 0.91666908075042342 -0.0078435266254645569 2.8656085798224922 -0.42857142857142855 -0.081150463002201453 1.9838107854333193 27.500000000000004 2.8671824657939879 1.0527610453159537 2274.5000000000005 5.5000000000000009 1.2843430464040186 -0.21505074657773385 77.500000000000014 1.7928837650437397 19.226495726495731 21.250000000000004 0.39009661835748799 0.51773016787583404 1293.5000000000002 0.67931274877999426 0.98000000000000009
decision_type=10 10 10 8 10 10 2 8 10 10 8 8 2 8 2 2 8 2 8 10 2 2 2 8 2 2 8 2 10 2 10 10 10 2 8 2 8 10 2 8 2 2 2 2 2 2 2 2 2 2 10 2 2 10 2 10 2 8 2 2 2 2
left_child=1 4 3 7 9 22 -6 8 -2 10 15 39 -13 -3 -7 26 -17 18 19 36 24 -12 23 -5 25 -8 27 -1 34 30 31 -30 33 44 49 -25 -18 -11 -33 40 41 -9 45 -44 -31 -22 -15 -48 -49 -28 51 53 -53 -34 55 -19 -56 -36 59 -39 -61 -62
right_child=2 13 -4 5 6 14 20 11 -10 37 21 12 -14 46 -16 16 17 54 -20 -21 42 -23 -24 35 -26 -27 28 -29 29 32 -32 38 50 -35 57 -37 -38 58 -40 -41 -42 -43 43 -45 -46 -47 47 48 -50 -51 -52 52 -54 -55 56 -57 -58 -59 -60 60 61 -63
leaf_value=0.045588080717309999 0.0032556632771876576 0.0015543924543086956 0.00031338398557168435 0.022368295677219176 0.019735040012231024 0.018812167831046493 -0.0073342013950831592 0.0042533036092180553 0.019581196663263151 -0.0078827605891721789 0.00029526973484002349 0.010569365090828285 -0.0090862828626505753 -0.00109558449174582 0.0019704052365106224 -0.0038534295268876891 0.040414660949359096 -0.0040112528372120114 -5.8573173273303146e-05 0.0074538749569727563 -0.0021978824492951046 -0.007479176596625824 -0.0039561697756427218 0.005256278800895629 0.0031241909622611677 0.01741352556095279 -0.00098813431636088941 0.0022358342057994351 -0.0051538149542431988 0.018597186228356346 0.0024102543230967934 0.030071159179205269 0.0052665342905007162 0.00035235161427041604 -0.0099324748287522701 -0.018338835693240241 0.0044661708188733643 -0.0069012715845076511 -0.0006741454533634038 0.022092769185661103 0.00098459170477638606 0.035960102504548015 -0.0029068845396288357 0.024802889545162705 0.0033840847539952611 0.011836826029107633 -0.0060992122466943122 0.017738537035496504 -0.0043390088070544425 0.018540864203977409 -0.0050824937831622412 0.0063131626345319033 -0.0046795169771874021 -0.0011215162544019534 -0.00022416062312280438 0.0016867895254776644 0.011264002154492692 -0.0026878958673505929 0.0015215590015895493 -0.018021939200510588 0.0018431454136302427 0.024068005282174006
leaf_weight=12.675514676957389 1012.3395246637519 915.3229177466128 2581.5285784797161 49.021237849723548 76.566090882290155 127.12268584792037 47.372723728301935 32.227460663300008 102.54893154138699 211.85019806493074 23482.645245239604 185.30444632144645 72.058922674041241 1524.7344636494527 162.9339430409018 5832.2837231138255 56.978542942553759 2131.8056740406901 362.58570213860366 88.587840449996293 1426.2648211939959 306.164408353623 763.6495057529537 196.14450622792356 2008.5181755474769 189.20228370733093 4601.2979623548454 27.282032226561569 26.671917227446102 145.79105891380459 283.32884567283327 101.43591328570619 936.65116506617051 385.16908482741565 434.97895194613375 33.367524195695296 19.04103164980188 503.68294906034134 21.84830039832741 247.0843887864612 124.77420645207167 38.094631483312696 60.436238208785653 56.422580842394382 145.06650281930342 84.827788667753339 2303.6280792837497 74.22266341582872 114.3443659497425 38.601860515307635 716.04603835463058 233.51186444226187 1018.191352711292 925.89181326201651 441.18167120101862 741.75405450165272 173.19565470726229 942.44710563297849 10075.11568180949 29.587113523855805 268.82645167165902 42.540541214169934
leaf_count=371 6418 16276 21966 369 551 1055 396 236 528 3659 363935 1178 442 13923 1090 54259 566 18568 3670 849 11080 2856 5544 1437 16859 1569 46290 469 251 940 3426 979 7552 2714 3692 312 237 9337 230 1706 733 234 397 417 822 574 19528 613 788 339 7596 2076 6788 9198 2997 4592 1298 8183 135834 569 4281 868
internal_value=-2.15428e-05 -0.0002753 0.00284002 0.00490909 -7.30053e-05 0.00100021 0.0025663 0.00776853 0.00483803 -0.000260151 -0.000574659 0.0123715 0.00499772 -0.00272191 0.00954533 -0.00145135 -0.00249784 -0.0005264 0.00617872 0.0195145 0.00220189 0.000193661 -0.00141225 0.00550912 0.00412794 0.0124087 -0.000513536 0.0195289 -0.000595501 0.00083568 0.00847455 0.019485 9.26209e-05 0.0050653 -0.00177007 0.00150805 0.0322418 0.00100059 0.0248086 0.0165594 0.00917459 0.0226763 -0.000458822 0.0109409 0.011195 -0.00137358 -0.00369706 -0.00528327 0.00458476 -0.000805879 -0.00079049 0.000202918 -0.00261182 0.00209646 -0.00154726 -0.00254004 0.00307919 -0.00500332 0.00117646 -0.00292475 0.0029645 0.00521201
internal_weight=70374.8 64646.6 5728.2 3146.67 59714.3 1332.24 3949.61 1814.43 1114.89 55764.7 44633.1 699.544 257.363 4932.25 290.057 20844.3 9847.41 4015.13 527.193 164.607 3873.04 23788.8 1042.18 278.533 2245.09 236.575 10996.9 39.9575 10956.9 4939.6 433.285 149.956 4506.32 676.027 6017.33 229.512 76.0196 11131.6 123.284 442.181 195.096 70.3221 1627.95 116.859 290.858 1511.09 4016.93 2492.2 188.567 4639.9 3830.29 3114.25 1251.7 1862.54 3487.94 2873.56 614.377 1377.43 10919.8 844.637 340.954 311.367
internal_count=836510 793262 43248 21282 742134 9807 31843 11475 6946 710291 555743 4529 1620 51128 2145 188952 87036 32777 5322 1652 31292 366791 7662 2118 18824 1965 101916 840 101076 42572 4886 1460 37686 4476 58504 1749 803 154548 1209 2909 1203 470 12468 814 1762 11654 34852 20929 1401 46629 33210 25614 8864 16750 27455 23160 4295 11875 150889 15055 5718 5149
is_linear=0
shrinkage=0.04


Tree=28
num_leaves=63
num_cat=0
split_feature=27 13 27 12 60 13 48 33 9 59 68 35 41 15 68 35 15 31 15 17 58 33 9 19 5 65 12 54 47 47 45 41 33 13 3 15 28 39 9 10 61 65 41 27 5 36 13 31 10 12 25 48 12 2 65 67 6 9 68 2 45 49
split_gain=35.2418 17.9155 16.4327 15.2343 14.7998 12.6913 13.2218 12.1557 12.0121 11.8789 15.7742 13.5791 11.4488 11.2698 11.5037 11.6902 11.1989 11.1357 11.4932 10.9403 10.8532 13.0817 14.3354 12.0989 10.8475 12.5327 10.4676 10.3941 14.5934 10.1715 10.0991 10.0072 9.93948 10.1605 10.3192 10.9583 9.93455 10.9623 9.92259 12.6974 12.3895 11.4748 10.6528 9.87921 11.2914 12.2642 11.4047 10.4099 10.6023 12.9322 12.8855 9.72394 9.69044 9.6319 9.59941 11.4062 9.49232 9.47542 9.41176 13.8583 9.86752 13.692
threshold=8.5000000000000018 0.28801843317972359 5.5000000000000009 23.500000000000004 -0.15250431867450412 0.16954022988505749 3.5000000000000004 0.24593914861601457 2.668179486095434 0.92450142450142458 4232.0900000000011 0.72000239761836593 0.90909588231324789 0.37726884226884233 5410.5750000000016 0.54591513082078802 0.47667818292818298 1.4228445313675462 0.36594817076628233 137.50000000000003 1.3100961538461606 1.3740552322349153 0.99339378458913352 -5.7499999999999991 6.5000000000000009 22.372685185185187 93.500000000000014 3.5000000000000004 0.74847093321794167 0.71524495878606031 0.64105874305722466 0.51377044074568723 0.37113746075379056 0.69397993311036799 4.2500000000000009 0.38159035409035413 1.5000000000000002 1.0689943004184974 0.94172126252577537 0.88430374908933185 0.90550595238095244 12.833333333333341 1.5063505596310656 16.500000000000004 6.5000000000000009 23.500000000000004 0.15192307692307697 1.7364672780257799 1.4452669990118008 13.500000000000002 88.583333333333357 82.500000000000014 40.500000000000007 6.7500000000000009 21.45804195804196 0.70710784313725505 128.50000000000003 0.7339462943214119 5215.1850000000013 10.750000000000002 1.1381178805386851 0.99921575529403894
decision_type=10 8 8 10 2 8 2 8 2 2 2 2 2 10 2 2 10 2 10 10 2 10 2 8 2 10 10 2 2 2 2 2 10 8 10 8 2 2 2 2 2 8 2 10 2 2 10 2 2 10 10 2 10 2 10 10 2 2 2 2 2 2
left_child=1 2 3 13 17 43 -7 -3 24 10 11 -5 -11 -1 27 29 38 18 52 26 21 23 -23 -9 25 -6 -14 -15 -29 -16 -12 -18 -8 -34 -35 -36 -19 -38 39 -17 -41 -40 -43 44 45 47 -47 48 49 56 -50 -45 -4 -30 -49 -56 -2 -26 59 -20 61 -60
right_child=5 7 4 9 8 6 32 20 -10 12 30 -13 19 14 15 16 31 36 58 -21 -22 22 -24 -25 57 -27 -28 28 53 -31 -32 -33 33 34 35 -37 37 -39 41 40 -42 42 -44 51 -46 46 -48 54 50 -51 -52 -53 -54 -55 55 -57 -58 -59 60 -61 -62 -63
leaf_value=-0.0066956064948010749 0.0073733905300830595 -0.0091172657089827903 0.01043724399220876 0.00082273731169612066 -0.0013141999804428873 -0.0056218888490368914 -0.0088062080002267347 -0.009140115599078515 0.010169375143437298 -0.01277087091533474 -0.010007167808536561 0.032048590363995641 0.0054009956501418566 -0.015276088243520445 0.012163142144985532 0.011752982954536646 0.0060101516768151465 -0.010828624602587352 0.026248576317571382 -0.019103380147292993 -0.00051075812469913431 -0.00734685309542821 -0.00036936943606943179 0.0012906702199487702 -0.020412926811494852 0.0037401138735580386 -0.013044331433431875 -0.017741099962055858 0.02487850376182146 0.00016432348640287484 0.00018211422408480495 -0.0079981617302657265 0.0055755933271004364 0.0079485667286072759 0.0064982831986881255 0.040768084579696419 -0.0070769311232507419 0.020571866028610955 -0.00094416986691948023 -0.015586877784162786 0.0062932118068796932 0.0162280200382201 -0.0065687048008850777 0.0082508528117158815 -0.0023705010050967894 -0.006697505979126727 0.014689797813305093 -0.000550704439520389 0.016160668918154507 0.0065270412383648217 0.0030582386498135107 -0.0075155382052786894 -0.00012206354295715576 -0.00082513515028829673 0.003242274522503117 0.027098845559664856 -0.0059798090225610416 -0.0039836522578162213 -0.002001725182613824 -0.0062033335456367624 -0.0059217543584614875 0.0099047849091796463
leaf_weight=1836.7895405235467 111.67031318508089 221.78225039370591 539.95138727535959 44.337575612589717 6024.6876409025281 165.3734631696716 65.868531616870314 174.6487714269897 145.05048950016499 236.13832982070744 159.35417895088904 40.350861968705431 232.20586687419564 195.13332723081112 150.86760793614667 47.356359219178557 88.061890322715044 160.69447419012431 48.965461923275143 42.458068452775478 20393.104861740256 529.8751845988445 3958.0109020387754 19257.517534509534 54.690478574950248 897.53525848360732 57.17536983336322 51.72245775628835 29.18642358109355 411.893557652249 2932.177236816613 734.12463146389928 1794.1890142482007 120.73092319059651 26.650329695898108 36.841532514430583 45.765599594451487 37.575617808848619 353.2883110322291 162.58676528377691 51.910984648158774 143.16416047792882 39.112558834254742 518.85512177529745 1235.0762090830831 364.75024205306545 39.983532718382776 1347.9589962792816 257.36850722203963 647.12523632170632 226.71331313811243 67.135924177244306 186.54297623701859 72.46922371070832 124.32727664289996 39.03273799829185 312.78872097074054 1088.8386635540519 378.85441285872366 31.894627502653748 300.25005637668073 254.44631294393912
leaf_count=14919 774 3831 4514 408 45416 2027 678 3777 978 3052 1990 343 2468 1712 1536 461 971 1685 377 397 243322 7736 51725 315237 461 4908 774 438 221 4006 25639 7187 13976 1796 263 516 463 352 3469 1408 463 1113 265 3276 9694 3031 319 9244 1816 4926 1661 405 1799 559 685 216 1820 9512 3884 250 2485 2373
internal_value=-3.74646e-06 -0.000313163 -0.00136635 -0.0027093 -0.000297082 0.00258649 0.00512969 0.000119891 -0.0010466 -0.000835336 0.000120773 0.0166579 -0.00613644 -0.00431296 -0.00257396 -0.00148593 -0.00320977 0.00279816 0.00392108 -0.00129586 0.000167146 0.00074508 -0.00120045 0.0011946 -0.00125448 -0.000656631 0.00159695 -0.00926982 -0.0013874 0.00345981 -0.000358407 -0.00647051 0.00601104 0.00652532 0.0153832 0.027908 -0.00513038 0.00584773 0.000171613 -0.00614065 -0.0102689 0.00328612 0.0112916 0.00152091 0.000907793 0.00207579 -0.00443118 0.0029403 0.00523179 0.00298759 0.0101183 0.00639622 0.00774361 0.00737499 0.00057209 0.00957799 -0.00242179 -0.00485484 0.00115892 0.0138324 -6.63467e-06 0.00282216
internal_weight=70345 62842.5 18307.6 8111.87 10195.7 7502.44 2209.65 44534.9 8210.8 3744.2 3176.22 84.6884 567.978 4367.67 2530.88 2182.37 1619.61 1984.94 1740.91 331.839 44313.2 23920.1 4487.89 19432.2 8065.75 6922.22 289.381 348.511 153.378 562.761 3091.53 822.187 2044.28 1978.41 184.223 63.4919 244.036 83.3412 797.419 261.854 214.498 535.565 182.277 5292.79 4706.8 3471.72 404.734 3066.99 1555.67 1071.58 484.082 585.991 726.494 101.656 1511.32 163.36 424.459 1143.53 1014.41 80.8601 933.551 633.301
internal_count=836007 778884 153256 73799 79457 57123 19256 625628 61275 35071 28380 751 6691 38728 23809 20879 15337 18182 15682 3639 621797 378475 59461 319014 60297 50324 3242 2930 1218 5542 27629 8158 17229 16551 2575 779 2500 815 7179 2332 1871 4847 1378 37867 34186 24492 3350 21142 10997 7520 3477 3681 6313 780 10145 901 2594 9973 9369 627 8742 6257
is_linear=0
shrinkage=0.04


Tree=29
num_leaves=63
num_cat=0
split_feature=27 1 18 2 56 67 59 7 48 65 41 13 39 63 62 7 57 37 41 63 18 42 49 2 53 29 49 64 18 46 27 13 35 65 19 7 10 56 21 63 59 62 21 24 21 17 13 46 25 50 4 40 41 18 65 67 14 59 53 58 58 42
split_gain=32.4812 19.7906 16.8368 24.5005 16.1622 17.7099 16.6676 16.0737 14.9586 14.5863 13.0811 12.0182 12.8144 15.358 11.959 11.2505 11.1435 13.5845 12.0621 10.4032 12.8121 11.4084 11.0931 10.1421 9.86922 10.3571 9.80046 9.5809 9.54334 9.24856 9.09345 17.2398 13.6729 15.6395 16.2561 15.2502 14.6373 14.5052 12.5003 12.281 12.8402 11.7589 12.2393 11.6845 11.3635 11.2367 14.9796 11.8312 10.7415 12.3055 13.9374 10.7111 10.5991 10.4462 14.684 11.7233 12.5086 10.9316 13.1923 10.3434 10.2709 10.6801
threshold=10.500000000000002 5.5000000000000009 6.5000000000000009 16.250000000000004 4.4037037037037061 1.205263157894737 -1.0000000180025095e-35 85.500000000000014 31.500000000000004 8.4545454545454621 0.92280757051569962 0.14495798319327732 0.98239756469151096 -0.0078435266254645569 0.37789551096244511 53.500000000000007 0.15450928381962867 1.7722443846500517 1.3770047931521099 0.48815098129770124 5.5000000000000009 106.50000000000001 1.2686073083858986 7.7500000000000009 2.0602863108709868 0.65117338077688836 0.74227768717837372 0.43095238095238103 9.5000000000000018 20.500000000000004 4.5000000000000009 0.28801843317972359 0.55557800224466902 4.7777777777777759 1.7500000000000002 58.500000000000007 0.74867010094144093 -0.78571428571428814 6.5000000000000009 -0.18707175899741865 -0.85714285714285687 -0.029178443859918853 -8.4999999999999982 18.500000000000004 1.0000000180025095e-35 76.500000000000014 0.53033088235294124 25.500000000000004 62.416666666666679 494.50000000000006 13.500000000000002 35.500000000000007 1.0840504556907418 -1.0000000180025095e-35 21.45804195804196 0.14550264550264552 0.43139649022001963 -1.2222222222222217 0.77467703089918427 0.57142857142857661 1.0166666666666659 81.500000000000014
decision_type=10 8 8 2 10 10 2 8 2 10 2 10 2 2 2 10 10 2 2 2 8 2 2 2 2 2 2 10 8 2 8 8 2 8 10 10 2 8 10 2 2 2 10 8 10 8 10 2 8 2 2 2 2 10 10 8 10 2 2 2 2 2
left_child=4 2 3 -2 5 30 15 23 -9 -5 -8 12 13 16 -13 -7 17 -6 -18 20 26 -22 -21 -4 25 -3 -14 -27 -29 -20 31 38 35 34 -34 -32 -35 60 53 41 -41 -36 -43 44 -39 47 -47 -37 49 50 -45 -40 -53 54 55 56 -1 58 -57 -51 61 -38
right_child=1 24 7 9 11 6 10 8 -10 -11 -12 14 19 -15 -16 -17 18 -19 29 22 21 -23 -24 -25 -26 27 -28 28 -30 -31 32 -33 33 36 39 45 37 43 51 40 -42 42 -44 48 -46 46 -48 -49 -50 59 -52 52 -54 -55 -56 57 -58 -59 -60 -61 -62 -63
leaf_value=0.036957397926126942 0.0045890107281113379 0.013136211915010352 0.0011961211062938156 0.003478093655379556 -0.016132234227886674 0.014088740206950185 0.020215035953837196 0.0049080966395757576 -0.0038204880830327243 0.020012477565192224 0.0054538888954520489 -0.0013191076704501376 -0.0067625309239890755 -0.016440380559818394 0.0020679747586213651 -0.0059285344421783816 -0.0035095361995509822 0.001559561810013591 0.021966335534181262 -0.018523233033338363 -0.0070771673760590481 0.016666918254048493 -0.0022743744859354169 0.018007549897673829 0.013260711641275427 -0.0034223141330854347 0.0040845507353678171 0.0085798820460130012 -0.005380269953246042 -0.0071591161829727499 -0.0008706536393170072 6.450975875820167e-05 -0.0022441970758490764 0.0055295318994872432 0.0032540945292316506 0.0075886666657147966 0.0043548494460712061 0.0007218772807676884 -0.010025746097209732 0.0087057543150147638 -0.0020254775418452079 -0.0061290216103070871 0.028475593596546892 -0.0070319031727024226 0.015583607701818283 0.0010322868280776209 0.014942755659055633 0.022496615156348328 0.00041407870631809127 -0.0083122786082058722 0.0080288039579798354 -0.011375777274632976 0.014806108370804634 -0.00299354265684943 -0.010755501496896724 -0.014134293382433697 -0.0028788732232442331 0.00030162642425467153 0.017539621859336149 0.016352872644229206 0.013430479723401816 -0.0051140547023708271
leaf_weight=27.996471755206585 831.95260865148157 75.412570699932985 91.852612877264619 115.19668776507024 212.12593745067716 53.148878453415819 165.55682948394679 641.79622571822256 605.90511068433989 353.4974309981335 232.09658571903128 9970.5384005022934 153.49887169734575 219.72578195738606 1998.0779889477417 193.00902566709556 443.34184590994846 100.88263860577717 52.356967715779319 105.00201546819881 461.79050890845247 30.093631860800087 177.13456271821633 151.57390123303048 78.656013470608741 1112.8132254023803 841.9591871695593 238.64241840934847 111.42597945057787 22.17562434123829 696.79056962428149 23090.185250303824 5080.8548050396494 1102.9655542871915 128.74237204017118 344.14642667456064 1424.6894337083213 177.73806188476738 533.76214962033555 241.83227200130932 638.97218751558103 18.529809590079822 75.913536682957783 841.20110062614549 149.15879950323142 666.67728580941912 147.37466191628482 112.84175684140064 10419.096579978243 36.90074960840866 107.02582647127565 36.707741605117917 56.647503921645693 2914.5984495383454 126.2161677130498 21.424259623512626 19.317798369564116 685.49928807280958 118.86920318496414 77.208991501480341 165.77903230348602 215.61315335752442
leaf_count=286 5569 753 671 774 2341 732 2028 5033 4239 2124 2320 101380 1615 1989 15488 1886 4770 990 501 814 3305 198 1131 1059 467 8204 6798 2467 1638 181 8949 345285 80493 13599 3799 3174 13587 1501 5157 3195 9211 313 1350 6533 1230 6662 2824 873 102067 302 1128 312 435 28714 1010 213 226 7201 1162 589 1471 1815
internal_value=7.9488e-05 0.00340152 0.00543812 0.00875678 -0.000142884 0.000193901 0.00676044 0.00252381 0.000671016 0.0160282 0.0117742 -0.00130729 -0.00365411 -0.00714306 -0.00075303 -0.0014121 -0.00460076 -0.0104953 -0.00097175 -0.00156829 -0.000221838 -0.0054714 -0.00853892 0.0118158 -0.000120739 -0.000845705 0.0023865 -0.00160877 0.00412321 0.0133954 0.000109527 -0.000378768 0.000699431 0.00039889 -0.00128825 0.00388267 0.00110809 0.000747995 -0.00263033 0.00310153 0.000953382 0.0113726 0.0217194 0.000236661 0.0076357 0.00648166 0.00362646 0.0114734 2.2765e-05 -0.00379909 -0.00529881 -0.00785169 0.00445631 -0.00178477 0.00173805 0.00359507 0.0219721 0.00241625 0.0123827 0.00836256 0.00408126 0.00309843
internal_weight=70342.5 4408.72 2791.77 1300.65 65933.8 51145.1 643.811 1491.13 1247.7 468.694 397.653 14788.7 2820.09 1050.61 11968.6 246.158 830.883 313.009 517.874 1769.48 1487.34 491.884 282.137 243.427 1616.95 1538.29 995.458 1462.88 350.068 74.5326 50501.3 27631.2 22870.1 20902.2 6184.84 1967.83 14717.4 13614.4 4541.04 1103.99 880.804 223.186 94.4433 11808.3 326.897 1271.04 814.052 456.988 11481.4 1062.34 948.227 627.117 93.3552 3913.92 999.323 873.107 47.3143 825.793 140.293 114.11 1806.08 1640.3
internal_count=836131 32998 19469 8467 803133 661632 6966 11002 9272 2898 4348 141501 24633 10772 116868 2618 8783 3331 5452 13861 11916 3503 1945 1730 13529 13062 8413 12309 4105 682 654666 390001 264665 242183 98361 22482 143822 130223 44716 17868 12406 5462 1663 113350 2731 13533 9486 4047 110619 8552 7661 5904 747 38812 10098 9088 512 8576 1375 891 16873 15402
is_linear=0
shrinkage=0.04


Tree=30
num_leaves=63
num_cat=0
split_feature=66 57 18 13 31 6 59 66 31 46 46 39 58 7 58 18 65 35 1 42 59 17 38 57 68 33 47 67 33 25 39 51 68 38 6 4 57 41 38 24 19 10 55 26 57 38 47 21 10 12 18 35 61 10 38 59 59 65 9 41 36 10
split_gain=17.3372 22.4701 20.4654 14.3353 13.8295 15.1493 13.1945 12.8755 12.6908 12.5064 12.4635 12.3458 16.6424 12.0869 11.5391 12.0253 11.4581 11.3039 11.3011 10.5306 10.2978 10.2039 10.1889 10.1342 12.706 11.8748 10.0773 9.65083 18.5443 15.3708 15.1344 11.8035 11.3086 10.6531 9.87496 10.0746 11.2496 10.4857 9.6432 10.2659 9.11983 9.87173 9.46825 27.774 12.6095 11.7907 9.26233 9.10877 10.449 9.04456 11.3117 12.1818 10.8118 10.4151 13.4512 9.48554 10.8201 9.02558 9.22013 17.7376 11.6283 9.03861
threshold=0.20185185185185187 0.46201923076923085 -1.4999999999999998 0.35504201680672276 3.1530096975956856 154.50000000000003 -0.56832298136645931 0.40161290322580651 0.72008417552155068 20.500000000000004 25.500000000000004 0.88621251695954451 -2.8000000000000038 89.500000000000014 5.0192307692307674 -1.4999999999999998 24.718253968253975 0.2983814076877464 4.5000000000000009 89.500000000000014 -1.0000000180025095e-35 146.50000000000003 2234.5000000000005 0.14400921658986179 9461.5400000000027 0.74634146341463425 0.81840541607089212 0.54006410256410264 0.85715780869981273 52.416666666666679 1.575546638248146 1.5198361964724572 6023.295000000001 4377.5000000000009 132.50000000000003 7.5000000000000009 0.18857758620689657 1.1270486066649548 509.50000000000006 15.500000000000002 2.2500000000000004 2.3389155674418665 0.62950671304950168 84.500000000000014 0.31909090909090915 187.50000000000003 0.57646628869152294 -1.4999999999999998 1.5657144748803606 69.500000000000014 10.500000000000002 0.66317416735222612 0.77097902097902116 1.7304832001407189 657.50000000000011 0.67333333333333345 0.11111111111111095 13.547727272727274 2.0093397560648438 1.67249812810029 7.5000000000000009 1.3500630529237401
decision_type=8 10 8 8 2 2 2 10 2 2 2 2 2 10 2 8 10 2 8 2 2 10 2 8 2 10 2 8 10 10 2 2 2 2 2 2 8 2 2 8 10 2 2 10 10 2 2 8 2 10 8 2 2 2 2 2 2 10 2 2 2 2
left_child=1 17 8 4 5 9 13 14 -3 18 19 12 26 -4 15 -7 38 -1 -2 -11 -14 -6 -17 -19 27 -26 -8 29 -29 -25 -30 34 -32 -33 35 37 -37 -31 -12 -40 41 42 43 -27 -44 -46 -45 48 57 50 -9 -52 -51 55 -55 56 -53 58 -5 60 -60 -59
right_child=3 2 6 47 21 7 11 49 -10 10 16 -13 20 -15 -16 22 -18 23 -20 -21 -22 -23 -24 24 25 40 -28 28 30 31 32 33 -34 -35 -36 36 -38 -39 39 -41 -42 -43 44 46 45 -47 -48 -49 -50 52 51 53 -54 54 -56 -57 -58 61 59 -61 -62 -63
leaf_value=-0.0085823210946014191 0.0019836067202137165 0.0068847601279499494 0.0057063796989513232 0.0010165793081164086 0.0039839338289657158 0.016143009932141187 0.0056155538844176846 -0.0099876763326611478 -0.0067261667819846363 -0.0043281377694864061 -0.0061566750044041354 0.0018138005883156414 -0.0073473292525748522 0.016123239323429898 -0.0052299096487489604 -0.0022744132115704368 0.015281738981519549 -0.0012198544055844732 -0.00088703095790559439 -0.015118186641016699 0.0088871329293941839 0.02690117022711204 0.0051475145364712985 -0.010426326229041579 -0.0046033471771897115 -0.013741517116753657 0.033437088818593384 0.0074678224477712973 0.0023659677527675862 0.0035011865234017342 -0.027323988053303338 0.016280517131743725 -0.0026186687879462349 -0.0066615692131033249 -0.0035232362697479808 0.019478492467009917 -0.00092147329079953757 0.029366164985812158 0.012747214695347333 -0.0010229474587380425 -0.0057351599138165781 -0.013254852893849135 0.0026750474273983796 0.035522648270650888 -0.021363096342975237 -0.0019985833164754925 0.012186345194967146 -0.00023445392640773042 -0.0025384863686813341 0.0045561496334978954 0.011743303237192342 -0.007387030529304393 -0.013277478324400229 0.026169938520850585 -0.0032166157016921193 0.0086854661787767358 -0.027307998610265522 0.0078266162320438388 0.0016929766163980913 -0.015300420943661713 0.02287408968248443 -0.0041729013255126643
leaf_weight=209.25392098899465 3458.3640712562483 150.69834627339151 401.4890565124806 9842.8796601922368 426.14262642734684 69.89357906463556 34.156770874047652 927.68310110690072 367.54640400526114 976.61190122796688 597.84786459361203 1179.2559301890433 75.166755786631256 328.64649273641407 871.12936626188457 1096.2666716044769 61.192659808322787 3273.7407854156336 5983.0373373855837 166.83940830663778 291.00253229029477 28.85877086315304 399.71965119894594 188.81244231853634 799.20625581860077 53.46246571931988 59.793940166942775 1398.8013000582578 1828.6329234149307 58.012052794918418 42.528852675110102 136.47859624307603 82.023216817528009 38.948068391531706 573.28671229176689 43.548432377167046 393.12042211659718 41.384697882458568 84.030622621066868 3215.7580189201981 305.71129633998498 66.403839360456914 2162.3469973669853 36.062657577451319 49.9308020635508 618.05050048464909 111.6974535677582 23820.217932019325 1125.5054464646382 225.40731838380452 75.985909193754196 226.07012062461581 66.203901010681875 29.251960559049621 88.294260422466323 39.238478907151148 51.282503298018128 595.88523363007698 68.688826887053438 34.137143761035986 103.04274844529573 117.29247074830346
leaf_count=1844 32844 1799 2913 174950 3339 585 323 8118 4295 8640 5458 7696 561 2034 6608 8683 338 26368 57877 1314 2289 168 2742 1447 6754 400 508 10498 12576 320 224 765 436 206 4109 336 2836 206 750 27532 2392 399 15609 315 448 4855 911 347011 13128 2409 944 2253 837 290 758 477 518 6349 813 376 1669 1017
internal_value=7.60707e-05 0.00126185 0.00443909 -0.000256785 -0.00113913 -0.00130727 0.00601179 -0.00343235 -0.00274033 -0.00069751 -0.00229207 0.00399909 0.00952015 0.010473 -0.00155385 0.000501358 -0.00122603 0.000527037 0.000164971 -0.00596146 0.00550046 0.00571408 -0.000280772 0.000685407 0.00137655 -0.000231474 0.0241171 0.00277587 0.00396043 7.70596e-05 0.0014359 0.00165508 -0.0117834 0.0111435 0.000111374 0.00399499 0.00131047 0.015161 -0.00150445 -0.000653529 0.000800321 0.00145346 0.00179692 0.0100736 0.00119177 -0.00359402 0.0188581 0.00021688 0.00112099 -0.00606734 -0.00736597 -0.00254761 0.000351848 -0.00515413 0.00486576 -0.0088922 -0.0114888 0.00150471 0.00119443 0.00947186 0.0146897 0.00583781
internal_weight=70272 15399.2 2887.76 54872.8 19165.1 18710.1 2369.51 4166.43 518.245 14543.7 5102.28 1639.38 460.12 730.136 2437.01 1565.88 3958.83 12511.4 9441.4 1143.45 366.169 455.001 1495.99 12302.2 9028.45 4202.87 93.9507 4825.58 3351.99 1473.59 1953.18 1284.78 124.552 175.427 1109.35 536.066 436.669 99.3968 3897.64 3299.79 3403.67 3097.95 3031.55 201.223 2830.33 667.981 147.76 35707.6 11887.4 1729.42 1437.81 510.123 291.611 434.137 117.546 316.591 277.353 10761.9 10048.7 205.869 171.732 713.178
internal_count=835467 116672 22418 718795 173482 169975 16324 35222 6094 134753 44032 11377 3681 4947 18618 12010 34078 94254 90721 9954 2850 3507 11425 92410 66042 32083 831 33959 23734 10225 13236 8778 660 971 7807 3698 3172 526 33740 28282 25329 22937 22538 1626 20912 5303 1226 545313 198302 16604 13358 5240 3246 4296 1048 3248 2771 185174 177808 2858 2482 7366
is_linear=0
shrinkage=0.04


Tree=31
num_leaves=63
num_cat=0
split_feature=57 65 26 7 26 7 7 64 26 7 26 41 24 26 17 67 36 65 65 49 5 13 54 63 9 48 62 41 59 15 12 42 17 26 59 49 49 14 67 36 62 39 17 54 58 7 17 28 65 46 46 18 8 18 10 59 9 13 14 15 14 63
split_gain=13.9049 17.15 14.5061 14.1393 19.6933 28.8163 24.0997 23.7879 19.4383 20.4995 16.4715 17.3299 12.5494 15.7818 23.6692 16.6453 16.8035 16.8943 14.8747 12.512 14.0626 12.288 11.9603 13.2154 12.1452 11.9576 11.896 11.8694 15.4821 14.7906 12.4646 11.8869 13.3051 12.6287 11.6496 11.1263 23.1468 11.3882 13.2672 11.043 10.956 10.875 10.8641 14.2165 10.8169 10.7604 10.7296 16.6287 10.9055 10.6594 10.6553 10.622 11.5707 10.8392 10.788 10.4996 10.4729 10.4715 10.3091 10.2922 12.2787 10.1992
threshold=0.16421568627450983 32.105555555555561 159.50000000000003 135.50000000000003 116.50000000000001 117.50000000000001 110.50000000000001 0.09232954545454547 129.50000000000003 123.50000000000001 143.50000000000003 1.7614638007664396 98.500000000000014 104.50000000000001 105.50000000000001 0.44722222222222224 22.500000000000004 21.90454545454546 -21.289915966386555 0.41409449766408951 6.5000000000000009 0.46291208791208799 5.5000000000000009 0.65332412418521491 1.1608677625800448 2.5000000000000004 0.38749884459118195 1.6995788312354245 -1.2709790209790206 0.7037138787138788 58.500000000000007 85.500000000000014 95.500000000000014 77.500000000000014 -0.40000000000000008 0.6748632691255666 0.78407241119520144 0.59882756132756143 0.41277890466531447 20.500000000000004 0.67865617189691207 1.4601895118025741 93.500000000000014 3.5000000000000004 -4.8535714285714269 150.50000000000003 115.50000000000001 1.0000000180025095e-35 -1.5384615384615363 8.5000000000000018 3.5000000000000004 -2.4999999999999996 37.500000000000007 -5.4999999999999991 1.0276772996682013 0.11111111111111095 0.85366788963094231 0.23205128205128209 0.30478479853479862 0.48393505684426413 0.45835326953748018 -0.36936541607099094
decision_type=8 8 10 10 10 8 10 10 10 8 8 2 10 10 8 10 2 10 10 2 2 10 2 2 2 2 2 2 2 8 10 2 10 8 2 2 2 8 10 2 2 2 10 2 2 10 10 2 10 2 2 10 2 8 2 2 2 8 10 10 10 2
left_child=1 -1 3 4 6 7 12 -6 19 34 -5 45 13 15 -15 27 17 22 -18 -7 -21 25 23 -17 39 -22 42 31 29 41 -30 32 57 -33 -10 -16 50 -38 -39 -24 44 -29 43 49 -35 -12 48 59 -9 -19 -37 52 -20 -54 -55 -34 -46 -2 -28 60 -48 -53
right_child=2 -3 -4 10 5 8 -8 46 9 -11 11 -13 -14 14 35 16 18 26 51 20 21 -23 24 -25 -26 -27 58 28 30 -31 -32 33 55 40 -36 36 37 38 -40 -41 -42 -43 -44 -45 56 -47 47 -49 -50 -51 -52 61 53 54 -56 -57 -58 -59 -60 -61 -62 -63
leaf_value=-0.0021785368669109957 -0.0021036928338036675 0.0079755565432702326 0.0100388329539248 -0.0081701563020401234 -0.013611380666506575 0.013037475836079074 -0.0041477341933214406 0.00093710303024767806 0.029723691383811333 0.0025237279062072303 0.0053562745473686594 -0.011598226532906351 -0.005848728118802886 0.0056590390950913604 -0.0059597860371356825 0.0021460868954233745 0.011090716637335104 0.023175768330141813 -0.014482114743852977 0.00084884030321488529 0.0084739651716080975 0.00057697038104867167 0.00079849592278509669 -0.0087409787839211588 -0.0022783855723946269 -0.0083633991122225911 0.0054227126448638018 0.01050756215016883 -0.00067138992253773652 0.032670395108295433 0.007486021479797593 -0.0068794850420778797 -0.0060665907405268865 0.012009301252104414 0.0074270730779443161 0.02539910916691162 -0.0014622554617142846 0.012693236481683559 -0.013376782150855408 0.0145675421405602 0.018144663801122209 -0.0062700630159214241 -0.016473533893583123 -0.00012056931081240545 -0.012282540978365526 -0.0067783513950180497 -0.004011210779754892 0.0090856701949606471 0.011551466541305028 0.0052176135645783826 0.0063200642711437631 -0.011845183487307825 0.018116686081435948 0.011064094264430393 -0.014353009876394249 -0.00011390976520040557 -0.00090656442363003915 0.00019999808739733631 0.027293403406716626 -0.014468387886284542 0.018387124306738778 -0.00086661116019556221
leaf_weight=6046.2235174849629 4102.8323147324845 273.53712841006927 235.47200824134052 686.84038453293033 85.294905238552019 90.328778130467981 2120.7918916525086 185.86931608105078 64.81608576560393 2171.9597305333009 556.86348974506836 158.79896278120577 538.79408494615927 2071.2001893197885 428.11847530386876 10477.011220381246 140.69685611937894 97.665783084928989 206.58796354604419 1659.0325614452595 68.956123500247486 499.94087812968064 4830.044754763192 176.6505597976502 2681.6048114349833 901.62123576726299 65.291065449826419 254.62208126496989 1904.7178879372077 34.498143966309726 350.53280830418225 1069.5967937979149 1225.7134557496756 80.941254732897505 91.025617662002333 74.230478177079931 1628.7082326442469 176.66307541436981 33.447840710869059 90.059596506878734 42.193133000284433 77.433579057455063 31.445601997198537 257.42557001614477 150.9882259843871 143.08214223315008 158.24299828882795 360.64449773309752 952.46010584500618 116.96306751680095 126.21184809540864 135.78837570478208 34.957455405266955 35.692140849190764 75.148742145276628 771.47799746249802 767.81121438834816 13637.005918427021 76.123249478638172 90.614033895777538 46.551290324190632 3575.0996025621425
leaf_count=61503 33876 2257 1793 7530 733 1059 23641 2339 454 19220 5562 1265 4351 19902 4947 144845 4005 856 3533 13366 748 5954 55199 1395 25291 8697 320 2439 18737 623 4025 11128 15936 825 923 1015 14343 2268 433 1113 259 595 448 1428 1284 1314 1440 3703 7202 706 1280 2484 684 721 1405 12566 7470 215795 412 1097 500 44592
internal_value=5.61009e-05 -0.00173308 0.000232949 0.000195943 0.000289976 0.00222205 2.78009e-05 0.00649539 0.000769607 0.00355042 -0.00357702 0.000122681 0.000196367 0.000259422 0.00251175 4.43101e-05 0.000814223 0.00132296 -0.00147182 -0.00124316 -0.00167549 -0.00451665 0.00109702 0.00196155 -0.000115105 -0.00712986 0.00766099 -0.000682638 0.00185812 0.00942408 0.000610269 -0.000987882 -0.000682196 -0.00383685 0.0173362 -0.000136289 0.00109787 -0.000323955 0.00832865 0.00106506 -0.000695495 0.00656014 0.00468768 0.00625521 -0.00157696 0.00284524 0.00748632 0.00337616 0.00983 0.013731 0.0138319 -0.00191991 -0.0085076 0.000157447 -0.0060441 -0.00377321 -0.00283236 -0.000333237 0.0177257 -0.0036294 0.00139698 -0.00128374
internal_weight=70301 6319.76 63981.2 63745.7 62200.1 7427.36 54772.8 1879.68 5547.68 2327.8 1545.58 858.745 52652 52113.2 4538.58 47574.6 23104.3 18900.3 4203.97 3219.88 3129.55 1470.52 18255.4 10653.7 7601.71 970.577 644.914 24470.4 2621.8 366.554 2255.25 21848.6 19737 2111.53 155.842 2467.38 2039.26 1838.82 210.111 4920.1 1041.93 332.056 503.5 472.054 999.741 699.946 1794.38 656.053 1138.33 214.629 200.442 4063.27 352.386 145.798 110.841 1997.19 918.799 17739.8 141.414 295.408 204.794 3710.89
internal_count=835834 63760 772074 770281 754610 67435 687175 17014 50421 20597 15671 8141 663534 659183 44188 614995 289437 232013 57424 29824 28765 15399 227843 146240 81603 9445 4170 325558 26419 3657 22762 299139 278173 20966 1377 24286 19339 17044 2701 56312 9838 3034 3438 2990 9579 6876 16281 6740 9541 1562 2295 53419 6343 2810 2126 28502 8754 249671 732 3037 1940 47076
is_linear=0
shrinkage=0.04


Tree=32
num_leaves=63
num_cat=0
split_feature=58 62 63 11 33 57 30 55 66 8 29 68 1 33 65 7 64 58 33 10 53 38 38 57 57 63 66 67 57 10 1 57 19 10 41 33 51 41 38 17 44 50 4 67 66 60 14 35 43 17 66 14 46 64 18 71 67 46 67 13 43 32
split_gain=11.5694 14.9671 13.9033 10.3646 13.7014 10.2476 10.1505 10.4156 9.97649 12.764 20.5448 14.5699 11.1186 11.8296 15.2097 11.025 14.8805 12.1034 11.0359 10.6004 11.633 10.334 14.8515 12.9447 14.4831 13.1791 11.7858 10.3477 10.4428 10.1411 10.0153 9.99636 15.6216 11.6483 15.5565 13.9725 10.3078 11.3377 9.96073 11.5021 9.85053 9.58194 14.3443 9.38043 9.6445 12.0712 9.64949 12.2108 10.5817 22.471 13.2812 11.4388 11.0422 13.8752 10.5677 9.86326 15.3583 9.2125 9.23629 9.76652 10.7115 10.5257
threshold=1.1026315789473673 -0.55763139007557405 -0.14816665283886596 2.5000000000000004 0.37882666339265941 0.267948717948718 10.500000000000002 2.3639522862966205 0.26726190476190481 15.500000000000002 0.64126647988319785 8361.7650000000012 1.5000000000000002 0.41336196768671246 15.66666666666667 77.500000000000014 0.84412955465587058 2.1999999999999962 2.8720410843364439 1.01861122214374 0.89447487987736396 1567.5000000000002 726.50000000000011 0.27003205128205132 0.1792857142857143 -0.16980313561006447 0.29238505747126442 0.55363984674329514 0.47140522875816998 1.3779587197005603 3.5000000000000004 0.37715517241379315 -1.7499999999999998 1.0276772996682013 0.59271235683277879 1.4460051697883134 0.63241881209122852 1.1084557979568757 195.50000000000003 106.50000000000001 141.50000000000003 2155.5000000000005 8.5000000000000018 0.11324786324786326 0.20185185185185187 -0.13039433805021758 0.59169372294372302 0.46416610850636308 1.6548691750371112 87.500000000000014 0.37715517241379315 0.32265234765234779 25.500000000000004 0.22474747474747478 4.5000000000000009 1.0000000180025095e-35 0.45643939393939398 92.500000000000014 0.50862068965517249 0.12701612903225809 0.69708700782264132 1.0000000180025095e-35
decision_type=2 2 2 2 10 10 2 2 8 2 2 2 8 10 10 10 8 2 10 2 2 2 2 8 10 2 10 8 10 2 10 10 10 2 2 10 2 2 2 8 2 2 2 8 8 2 10 2 2 10 10 8 2 8 10 2 8 2 10 8 2 10
left_child=1 -1 8 41 -5 -6 -3 57 9 10 11 -2 -11 14 -14 18 38 -18 21 30 -21 22 27 24 -24 29 -23 -10 -29 -25 -19 36 -33 34 -34 -35 -12 -38 39 -17 -28 43 -43 -4 -45 -46 47 -47 55 50 52 54 -50 -54 -51 -49 -57 58 59 60 -8 -61
right_child=2 6 3 4 5 -7 7 -9 15 12 31 -13 13 -15 -16 16 17 19 -20 20 -22 26 23 25 -26 -27 40 28 -30 -31 -32 32 33 35 -36 -37 37 -39 -40 -41 -42 42 -44 44 45 46 -48 48 49 51 -52 -53 53 -55 -56 56 -58 -59 -60 61 -62 -63
leaf_value=-0.0072480461016588421 0.038704980955772419 0.00091997353268990253 -0.0051742409711975643 -0.0083101519834419373 -9.1825144371089799e-05 0.0027533918216113324 -0.027459075069771612 -0.019599499863175631 -0.011527232021560193 0.020400649281907639 -0.015420850373158173 -0.0014269042512635541 0.027538149117791108 -0.0059295750525042781 -0.0065945768496195427 -0.0077386184045551082 -0.012501746128375027 -0.018040309410035506 0.028401367728009115 0.023757068560892033 0.0030378890979040028 -0.015657927312362194 0.002637596496357262 0.0099229535438240656 0.036535901390068286 -0.014604547603204321 0.016229924120623559 0.0037602666472488174 -0.015574357787946811 -0.0084174752828619862 0.0050558995640754513 -0.015375055201964329 0.02367127569229114 0.022925106957227333 -0.011631335010894998 0.0012256868018626565 0.0026999408687555537 -0.0064755509730524 -0.008649572141999259 0.014820789127837793 -0.0038936513960099724 0.0017594951745978468 -0.013724806241352342 0.0010497372220503471 0.00093013768374890368 -0.011260886379616373 0.0008127938446961775 -0.0037078193494469104 0.0065935774078263254 -0.0075317310046098245 -0.0080926325068352827 0.01659196517002311 -0.02410430897480581 0.00017782878874096058 0.018956462260958422 -0.0056930710248348747 0.003745202249459676 -0.016722176034314151 -0.0028936897872301227 0.023693790883541014 -0.002954009263330319 0.0014647921272579296
leaf_weight=380.12369559315266 35.515941777266562 31570.69085674925 640.13689005048946 234.35767991433386 3858.7710119432304 4257.210330894799 30.659938109107316 43.77314481837675 162.98155952675734 24.504803446121514 66.455475289723836 21.982436699792743 35.435104216914624 861.38519865239505 40.028362595243379 74.419379480881616 74.875312258722261 45.337477615103126 14.855067776981739 65.431425738031976 117.37390021863393 130.42471558589023 38.568155232584104 248.17527110711671 39.282998500624672 51.164709598058835 36.494999543647282 276.03530475479783 48.157129597268067 55.533736103563569 70.557422317215241 38.957893066341057 22.821258520474657 132.54869591887109 65.938539612106979 73.406716117635369 804.61665272945538 288.61856240453199 1294.9638254700694 61.612933827913366 646.27319874591194 171.63981787348166 208.55377412284724 6032.5262425743276 4012.8143917819252 235.73806158732623 1896.3220071655232 4327.0641684688162 328.38036583585199 77.14886043779552 333.3977979599731 188.80509900744073 42.322744695469737 183.88763784128241 29.10385003592819 422.72719533334021 771.96696570783388 53.72225267579779 1758.2338479254395 29.740128118544817 150.9445233263541 1898.8654943384463
leaf_count=12440 308 414647 6647 2655 35786 42599 347 417 2731 275 715 221 387 9021 429 1071 1625 1283 160 1195 2289 2319 634 5415 621 863 864 5391 809 654 1502 388 228 1032 629 547 7306 2379 17476 862 11051 1120 1937 42323 46957 2244 28719 39621 2409 544 2610 1581 244 1123 190 3617 6833 672 26111 437 1485 26699
internal_value=9.36591e-05 0.000595441 -0.000431516 -5.83559e-05 0.00112403 0.0014014 0.000680349 -0.00122593 -0.00216842 -0.000238142 0.00200491 0.0244753 -0.0038483 -0.0045875 0.0101483 -0.00353119 -0.00572022 0.00137444 -0.00126138 0.00500135 0.0108889 -0.0015966 0.00130587 0.00666007 0.020915 0.00328572 -0.00486785 -0.00346927 0.000695276 0.00648736 -0.00435166 0.00106095 0.00710721 0.010286 -0.0017763 0.0154034 -0.000701756 0.00025912 -0.00757068 0.00264237 -0.00270785 -0.000554597 -0.00680226 -0.000431214 -0.000269091 -0.000888408 -0.00171427 -0.00240481 -0.00208527 0.00134332 -0.00184487 0.0108092 0.00194978 -0.00478825 0.000249569 -0.0028204 0.000395782 -0.000996182 -0.000756487 0.00102687 -0.00771606 0.00186796
internal_weight=70234.4 35916.8 34317.6 28252.9 8350.34 8115.98 35536.6 3965.94 6064.73 2512.22 1550.86 57.4984 961.353 936.849 75.4635 3552.52 1804.57 373.576 1747.95 298.7 182.805 1733.09 919.899 432.725 77.8512 354.874 813.193 487.174 324.192 303.709 115.895 1493.36 333.673 294.715 88.7598 205.955 1159.69 1093.24 1431 136.032 682.768 19902.5 380.194 19522.3 18882.2 12849.7 8836.86 6940.54 6704.8 1183.05 887.989 295.058 554.591 226.21 106.253 5521.76 1194.69 3922.17 3868.44 2110.21 181.604 1928.61
internal_count=835694 483255 352439 269759 81040 78385 470815 56168 82680 23865 13753 529 10112 9837 816 58815 27303 7894 31512 6269 3484 31352 17118 8187 1255 6932 14234 8931 6200 6069 2785 13224 2824 2436 857 1579 10400 9685 19409 1933 11915 188719 3057 185662 179015 136692 89735 61016 58772 8701 6386 2315 3776 1367 734 50071 10450 55751 55079 28968 1832 27136
is_linear=0
shrinkage=0.04


Tree=33
num_leaves=63
num_cat=0
split_feature=27 18 27 68 18 8 26 27 49 18 39 18 42 31 48 10 48 38 19 20 53 43 10 25 38 68 37 10 64 62 51 36 51 32 10 60 71 37 6 10 25 40 31 51 56 48 27 18 41 23 27 24 60 35 32 58 48 21 24 24 40 32
split_gain=26.3517 18.3982 29.643 22.6227 15.8748 16.0627 14.7589 14.2719 14.7064 14.1803 13.7564 12.1844 12.7249 12.1463 11.5332 11.9883 12.3026 12.5142 11.4614 11.4339 10.9171 11.3746 15.5381 10.9095 10.7618 14.589 13.0455 10.7266 11.7094 10.6757 10.4345 11.2248 10.2834 10.2375 10.1857 12.699 9.8654 9.84173 13.026 13.0202 12.8409 11.3617 11.7195 10.8673 10.8638 15.4596 11.5135 10.5539 10.333 11.254 9.6624 9.61979 11.5863 13.7 10.6498 9.58429 11.1773 10.4285 9.41314 14.2771 9.38247 9.47037
threshold=12.500000000000002 3.5000000000000004 6.5000000000000009 3955.5600000000004 8.5000000000000018 15.500000000000002 117.50000000000001 -9.4999999999999982 1.2236404325407759 -7.4999999999999991 0.85977589212466288 1.5000000000000002 40.500000000000007 0.39377510723044168 30.500000000000004 0.97394620918041375 37.500000000000007 139.50000000000003 -1.7499999999999998 1.0000000180025095e-35 0.74428840173114996 0.37054438518448424 1.1522791985289829 89.166666666666671 3382.5000000000005 11809.290000000003 1.0350837043303021 1.6358412482189004 0.21132376395534294 -0.43755463998361194 1.2132335591077672 4.5000000000000009 1.0666584840738476 5.5000000000000009 1.1956298593944059 0.5114521882968206 1.0000000180025095e-35 1.3867291757363949 132.50000000000003 1.8313992962322325 134.16666666666671 25.500000000000004 0.63830804809377628 1.7270551109970771 1.170289855072465 36.500000000000007 -38.499999999999993 -1.0000000180025095e-35 1.0114526274539737 95.500000000000014 17.500000000000004 31.500000000000004 -0.039083405190731606 1.0000060307160239 5.5000000000000009 -4.9833333333333334 52.500000000000007 -1.4999999999999998 41.500000000000007 25.500000000000004 10.500000000000002 8.5000000000000018
decision_type=10 10 10 2 8 2 8 8 2 8 2 8 2 2 2 2 2 2 10 8 2 2 2 10 2 2 2 2 8 2 2 2 2 10 2 2 2 2 2 2 10 2 2 2 10 2 10 10 2 10 10 8 2 2 10 2 2 10 10 10 2 10
left_child=1 2 7 33 10 -6 9 8 -1 -5 18 12 -11 58 29 16 -16 -18 -2 27 -10 22 -22 24 25 26 -14 28 -8 -3 31 -13 -19 -4 35 -20 50 40 39 43 41 42 48 -39 46 51 -44 -45 -23 -50 -12 54 -53 -54 -46 56 -17 -58 59 -9 61 -57
right_child=4 14 3 6 5 -7 19 13 20 11 36 30 23 -15 15 55 17 32 34 -21 21 37 -24 -25 -26 -27 -28 -29 -30 -31 -32 -33 -34 -35 -36 -37 -38 38 -40 -41 -42 -43 44 47 45 -47 -48 -49 49 -51 -52 52 53 -55 -56 60 57 -59 -60 -61 -62 -63
leaf_value=9.04448837054665e-05 -0.0018774483303397595 -0.010259781128485393 0.0085939873430510103 -0.023557052152272443 0.0028503702029330346 -0.0088163514246982801 0.00037353688051348081 -0.010399292668489064 -0.0045750210977639613 0.0011717839601732352 0.0042207729743766751 -0.013611674142788174 0.016968482276994643 -0.00043168629792895519 -0.010825837493488569 0.010350904493167914 0.023857762324833047 -0.0061346640053357663 0.027169270411804551 0.0024187919511959909 0.034550036308528091 0.0026728927345362747 -0.0043024144003905931 -0.0011707059762886328 0.0044331632922176888 0.029260365999863591 0.001289831768117833 -0.00025468756737036669 0.019731142732582183 -0.00014023774411164993 0.0034291034705664931 -0.0012610313348584252 0.0072902994687559413 0.036993665809974027 0.008131789056931845 -0.0011500736305603656 -0.0033721319293681168 0.011395129231439444 0.0033850586740334942 -0.0085642847894025573 0.022314153758199895 -0.0028012816578039767 -0.0075380587027282144 0.043613302725380443 0.010927595127697672 0.0054893788994648659 0.0072328127138807478 0.008362857018148399 0.021052574344277021 -0.0052920251489826835 0.015520731422460767 -0.02138852604592844 0.014077697923552355 -0.01303292825847773 -0.013101083047519543 -0.013513878954374203 -0.010923874320853824 0.010482256316630226 -0.0081157246114933242 0.0051722140627371883 -0.0044675507039673218 0.00030795147790147576
leaf_weight=8424.6411736665759 68.129586148890667 169.7442410554504 45.384381617652252 30.192602230003104 868.7932348708855 235.87123127817176 62.645332537125796 138.91439554654062 270.19042238767724 1155.0654250250664 716.05464767478406 127.18574983417057 186.88181808427908 42499.949506132281 96.220240135793574 131.68689127417747 43.385664544533938 142.59953418909572 146.91855981003027 335.09770876041148 38.009446984389797 169.68959976756014 25.064187594573013 192.2074314400088 377.11680692061782 75.850864867214113 153.89841945539229 83.273047612747177 246.53046244080178 3671.9929528021021 730.13232845440507 1091.006718793069 235.22124719410203 38.756614794023335 155.71193017717451 29.930512751452625 213.05281544313766 264.11360013706144 727.77115449518897 38.084153601783328 43.266975438920781 691.80846716300584 95.274502097629011 33.733761846087873 71.130870567401871 229.16517988895066 553.32130667148158 25.3618996408768 143.584730690578 29.300064930226654 142.65730597719084 111.60429228271823 41.416506596608087 79.066943218698725 43.257010971428826 384.17420110153034 123.06825042003766 46.385677348123863 586.64470933680423 267.78678445471451 1945.9177531481255 99.341589985997416
leaf_count=155719 803 3527 308 339 7150 2443 465 2059 3564 9483 4517 1200 1302 491977 919 1307 448 1535 1106 2705 758 2750 397 1546 2709 636 1006 565 1875 36154 5364 9361 1879 268 1048 172 1365 3936 8471 374 398 8519 1822 341 1122 2658 8730 235 2061 284 1022 1405 520 829 621 3244 1263 422 6414 3429 15693 997
internal_value=-6.46371e-06 -0.000157797 6.7924e-05 0.00303869 0.00395946 0.000330757 0.00266853 -0.000195606 0.00101624 0.00173584 0.00667145 0.00195112 0.00403029 -0.000534185 -0.00208501 -0.00383771 0.00173113 0.004693 0.012958 0.00790174 0.00310757 0.00371428 0.0199289 0.00735627 0.0094155 0.0138192 0.0100089 0.0124941 0.0158773 -0.000600117 -0.000338153 -0.00260087 0.00220942 0.0230166 0.01598 0.0224766 0.00427192 0.00338378 0.00650902 0.0126697 0.00189427 0.00145468 0.00333678 0.0152641 0.00148978 -0.00249908 0.005022 0.0303175 0.00982092 0.0165645 0.00617701 -0.00778571 -0.0123844 -0.00352398 0.00167277 -0.00489421 0.00181116 -0.00493175 -0.00489542 -0.000208152 -0.00572739 -0.0107
internal_weight=70240.2 67663.1 60573.4 4931.23 2577.12 1104.66 4847.08 55642.2 12148.9 4119.54 1472.46 4089.35 2141.02 43493.3 7089.74 3248 517.427 421.206 400.691 727.547 3724.22 3454.02 63.0736 985.955 793.748 416.631 340.78 392.449 309.176 3841.74 1948.32 1218.19 377.821 84.141 332.561 176.849 1071.76 3390.95 1089.06 361.293 2301.89 2258.62 1566.81 323.209 1224.24 575.641 648.596 59.0957 342.574 172.885 858.712 346.476 232.088 120.483 114.388 2730.57 301.141 169.454 993.346 406.701 2429.43 483.516
internal_count=835539 815913 748525 39132 19626 9593 38556 709393 205514 32946 10033 32607 16682 503879 67388 27707 4781 3862 3129 5610 49795 46231 1155 7199 5653 2944 2308 2905 2340 39681 15925 10561 3414 576 2326 1278 6904 45076 13357 4886 31719 31321 22802 4512 17707 7155 10552 576 5095 2345 5539 4497 2754 1349 1743 22926 2992 1685 11902 5488 19934 4241
is_linear=0
shrinkage=0.04


Tree=34
num_leaves=63
num_cat=0
split_feature=27 13 27 18 27 31 29 45 59 33 39 57 60 48 38 68 19 24 44 64 18 58 33 56 59 23 39 1 38 51 44 64 44 50 60 30 64 42 68 58 5 32 15 31 55 44 26 26 59 21 31 55 21 23 26 27 10 60 54 21 30 17
split_gain=26.1445 11.3444 17.4662 17.2499 16.7457 13.1631 13.9486 17.5742 12.2669 11.9664 11.943 11.7004 11.32 14.5102 13.0335 16.1037 15.4593 11.8277 11.6868 11.2392 13.8786 14.1762 12.6213 10.8067 10.6098 10.5717 12.1782 10.7542 10.4872 10.303 10.303 10.2129 10.1472 12.3125 10.1202 10.0011 10.5408 10.9246 9.61837 12.4744 12.612 11.3962 11.8492 9.72438 9.57465 9.46422 9.39785 9.30138 9.09107 9.04414 8.92474 8.92253 8.85968 8.85947 12.7111 17.5907 13.0564 14.3482 16.1109 14.2104 14.2163 12.2192
threshold=12.500000000000002 0.35147058823529415 2.5000000000000004 -1.0000000180025095e-35 4.5000000000000009 3.1530096975956856 1.1627224187138978 0.89003040918138232 -1.9833333333333332 0.74193809452319648 1.1598542206197029 0.20900537634408606 -0.046833562220548457 6.5000000000000009 934.50000000000011 14327.475000000002 -0.74999999999999989 7.5000000000000009 261.50000000000006 0.23669467787114848 3.5000000000000004 6.7817460317460254 2.500044599850145 10.255434782608704 2.145502645502646 146.50000000000003 0.92212040194944256 1.5000000000000002 603.50000000000011 2.1586644336158858 5115.5000000000009 0.53452380952380962 1090.5000000000002 142.50000000000003 -0.11245311837215226 11.500000000000002 0.19722222222222227 66.500000000000014 10147.590000000002 -2.9833333333333338 6.5000000000000009 12.500000000000002 0.39379519173636829 1.1688539164082152 1.7956233042660004 1134.5000000000002 65.500000000000014 129.50000000000003 -1.180194805194805 7.5000000000000009 0.69841856407516378 1.7443487834692744 9.5000000000000018 62.500000000000007 67.500000000000014 -21.499999999999996 1.360540649895327 -0.32530313529784355 15.500000000000002 6.5000000000000009 2.5000000000000004 62.500000000000007
decision_type=10 8 8 10 10 2 2 2 2 10 2 10 2 2 2 2 10 10 2 10 8 2 10 10 2 10 2 10 2 2 2 10 2 2 2 2 10 2 2 2 2 10 10 2 2 2 8 10 2 10 2 2 10 10 10 10 2 2 2 8 2 10
left_child=1 2 3 5 53 6 7 -1 -5 -10 38 -8 17 14 50 16 18 -4 -16 22 21 30 -6 -9 46 26 27 45 -25 -19 -21 -17 -23 -34 -31 36 37 47 41 -40 -41 -11 -43 -44 49 -2 -18 -12 -13 -29 -14 52 -48 54 56 -56 57 58 -3 60 -60 -59
right_child=25 4 12 8 19 -7 11 23 9 10 35 48 13 -15 15 31 24 29 -20 20 -22 32 -24 28 -26 -27 -28 44 -30 34 -32 -33 33 -35 -36 -37 -38 -39 39 40 -42 42 43 -45 -46 -47 51 -49 -50 -51 -52 -53 -54 -55 55 -57 -58 61 59 -61 -62 -63
leaf_value=0.006877569338894161 -0.0025280932128997203 0.0032355994627951516 -0.012010353206868088 -0.012578300153144532 -0.0032884765313198317 0.022685772838436532 0.0042062419377211962 -0.0023996812486053003 -0.0070421026809264087 -0.0044464611532762681 -0.0099235498044635967 0.0059501760446648922 0.011360103969589501 -0.0013896603039112549 0.0019662455250723711 0.023681236643813022 -0.011877180117781388 0.0009641083369217625 0.027907423607787179 0.0098941081455071241 -0.0046643926803056528 -0.013040853265380552 0.023829422270425143 -0.005927255800050029 0.020341728711668176 0.016024149999062792 0.0013005925864939499 0.015192333345833114 0.021609613262245149 0.020074440033134241 -0.0026763425525993811 -0.0047955736368754621 0.019381778907752122 -0.0069428207954423653 -0.0024177505583675551 0.0098131604324387806 -0.0090877117893806408 0.012281513404275498 0.013076225107155091 0.0050711931431650205 -0.0089381976432965689 -0.0066273755734139565 0.0040683432741828712 0.034966104779751921 -0.0036466234937748334 0.012682809165515913 0.0072821671454349514 0.012768127495598167 -0.01474785483301866 0.00090769709477007022 -0.0024871688951400954 -0.01347368420721127 -0.012043455539572027 -0.00046467942441357049 0.00046610489528933172 0.0059147097186696123 -0.0069112371330779078 0.00045902950213416325 0.050544436975457137 -0.0011005259988689931 0.012481780370756071 -0.0037085851701565043
leaf_weight=566.57991267123725 246.45050740626175 819.22399217716884 105.60816488275304 264.03058378282003 436.49205837619957 35.317612701095641 97.069834261899814 1290.63500403543 1156.1745417452184 713.67242128285579 133.19106193631887 36.942755002528429 79.007503277622163 12404.214193486259 49.571181066799909 111.49780137802009 97.955421645194292 7329.5428670120891 60.672112771775573 1020.0322224058909 184.95209992036689 84.651421290822327 24.302048304234631 32.079766568727791 34.555505930678919 105.67487844638526 1615.6365284072235 385.5476747789653 55.516863373573869 83.675285732373595 114.05520658846945 22.540737577714026 46.898333674296737 58.741783040110022 48.547715194406919 59.705347206443548 676.34606476873159 79.917880329303443 168.40273584669922 307.39161664946005 148.27110605465714 42.115507971961051 34.248028205474839 28.938067770563066 63.939785106107593 83.558931808569469 254.92744726315141 31.968263048678637 228.26922305999324 87.458049276610836 652.74153001909144 46.810878267511725 39.813578206580132 21923.168117708003 2251.5069650042569 1633.7903984974837 401.46816942829173 9698.3032793671591 26.366571673075669 34.626950215431862 40.643395803403109 1268.3162155164173
leaf_count=7104 2678 20057 1035 2247 4142 268 761 12140 11498 6477 955 314 752 92704 411 1028 823 64629 509 10065 2608 762 223 237 382 724 11259 3151 374 560 1042 244 391 471 265 535 5469 554 2188 3151 1716 419 410 310 363 860 2005 234 2313 648 5891 314 295 273616 42010 23657 5556 172798 536 460 681 25251
internal_value=-3.34621e-05 -0.000184482 -0.000808299 -0.0026795 0.000245405 2.69433e-05 -0.000368233 0.000979548 -0.00432646 -0.00370123 -0.00209664 -0.00751827 -0.000267379 -0.00094684 0.00283284 0.00664085 0.00369399 0.000976377 0.0168343 0.00383659 0.00550166 0.00693358 -0.00161785 -0.00146118 0.0004944 0.00390804 0.00336113 0.00717164 0.0117495 0.0011681 0.0086237 0.0188922 -0.00310201 0.00509159 0.0120289 -0.00548947 -0.00652864 0.000574181 0.000221154 0.00394503 0.000465049 -0.0026232 0.00937524 0.0197453 0.0106392 0.00145514 -0.00127732 -0.00528523 -0.011808 0.0125882 -0.000925119 0.00189017 0.00451431 5.92151e-05 0.000769245 0.00276193 0.000138366 0.000379254 0.005161 0.0198009 0.029928 -2.44357e-05
internal_weight=70264.3 67676 27608.5 6186.78 40067.5 2342.41 2307.09 1944.81 3844.37 3580.34 2424.17 362.282 21421.7 13854.3 1450.09 718.345 584.306 7567.37 110.243 1970.13 1509.33 1324.38 460.794 1378.23 474.063 2588.27 2482.59 866.955 87.5966 7461.77 1134.09 134.039 190.292 105.64 132.223 981.129 921.423 245.077 1443.04 624.065 455.663 818.974 105.302 63.1861 536.946 330.009 439.507 165.159 265.212 473.006 731.749 341.552 294.741 38097.4 16174.2 3885.3 12288.9 11887.5 920.861 101.637 67.01 10966.6
internal_count=835530 815847 231521 59674 584326 23511 23243 19855 36163 33916 22418 3388 171847 105358 12654 6011 4739 66489 920 19704 15339 12731 4365 12751 3819 19683 18959 7700 611 65454 11107 1272 1624 862 825 7747 7212 1743 14671 7055 4867 7616 1139 720 4162 3538 3437 1189 2627 3799 6643 2614 2300 564622 291006 65667 225339 219783 21734 1677 1217 198049
is_linear=0
shrinkage=0.04


Tree=35
num_leaves=63
num_cat=0
split_feature=27 39 57 18 27 7 32 21 46 65 10 27 43 57 67 38 61 13 73 31 55 53 10 66 64 66 17 42 49 39 14 10 13 62 19 59 67 24 10 12 66 44 13 18 31 25 31 55 66 12 47 46 40 24 31 57 12 12 13 51 56 51
split_gain=19.6425 12.9797 13.628 12.6154 21.0615 16.9744 13.6463 11.7735 11.3305 13.4248 11.9108 11.9867 10.74 10.553 11.686 20.3741 13.0005 11.2014 10.4851 17.0213 13.8953 11.7688 12.9771 10.5244 12.0115 10.1067 11.7241 12.8174 11.722 11.2739 9.9529 21.3339 12.8237 15.7385 12.5431 12.069 11.6774 14.6181 13.3176 11.524 11.1195 10.8863 11.6587 11.4627 12.1854 11.9995 11.3648 11.5461 11.2641 14.709 12.0928 12.3334 14.0485 11.3313 10.8529 10.4577 11.5456 13.1083 11.1657 10.4297 10.2253 10.0848
threshold=12.500000000000002 1.0354855790873139 0.133974358974359 3.5000000000000004 7.5000000000000009 55.500000000000007 50.500000000000007 -24.499999999999996 21.500000000000004 1.5999999999999981 0.91508525121683537 3.5000000000000004 1.2992714122585292 0.40967365967365971 1.0645833333333334 147.50000000000003 0.90238095238095251 0.13484848484848486 1.0000000180025095e-35 3.0738213089949142 0.81738758123804878 0.93342128049250417 1.5476107395682634 0.13714733542319751 0.21583850931677021 0.55086206896551737 75.500000000000014 109.50000000000001 0.45340433833765365 1.0724570266666358 0.39189427722036424 0.85301178511493125 0.46291208791208799 -0.25356277369489616 -0.74999999999999989 -1.8544973544973542 0.27429467084639503 44.500000000000007 1.1268523920287832 24.500000000000004 0.63397435897435905 2533.5000000000005 0.60357142857142865 -7.4999999999999991 0.90910765145984074 90.583333333333357 0.70591439383000354 0.97955689987772943 0.9417420814479639 90.500000000000014 0.53231428055104801 21.500000000000004 38.500000000000007 27.500000000000004 1.7975388883194099 0.15108695652173917 37.500000000000007 13.500000000000002 0.77346041055718484 0.71380699638325107 10.018518518518521 1.2777701458355322
decision_type=10 2 10 10 10 10 10 10 2 8 2 10 2 8 10 2 2 10 2 2 2 2 2 10 10 8 10 2 2 2 10 2 10 2 10 2 8 10 2 10 10 2 10 8 2 10 2 2 10 10 2 2 2 10 2 10 10 10 10 2 10 2
left_child=3 7 12 4 6 -6 13 -2 9 -5 -10 -12 -3 17 -15 -16 25 -1 23 20 -20 22 -22 -13 -25 26 27 -17 29 -27 31 35 34 -34 36 -19 37 -32 -39 -36 -41 42 43 -35 45 59 -47 -48 49 54 -50 53 -53 -52 -43 -56 57 -57 -58 -45 -51 -61
right_child=1 2 -4 8 5 -7 -8 -9 10 -11 11 18 -14 14 15 16 -18 30 19 -21 21 -23 -24 24 -26 28 -28 -29 -30 -31 32 -33 33 41 39 -37 -38 38 -40 40 -42 48 -44 44 -46 46 47 -49 50 60 51 52 -54 -55 55 56 58 -59 -60 61 -62 -63
leaf_value=-0.0040007060590917017 -0.013612496300566917 -0.01544027891227117 0.0026689131020499147 0.0027964184580427319 -0.0040606577279805886 0.004348158324908204 -0.014783638819402927 0.0070036039606872855 0.0038472323150918319 -0.0019522584107277913 -0.012213456367901927 0.0019107070978076652 0.00022633101466356395 9.1279893622903192e-05 0.020525852312140692 0.0086696712297879928 -0.0056326216398805678 0.030335730915816123 -0.017414653304844131 0.026567205633182801 0.0013685853789007438 -0.0015323640530782662 0.035075129979143853 -0.013077220705480579 -0.0039605901229070638 0.032249076331551989 -0.0028145656163287547 0.032933596602945633 -0.00061479596021887578 -0.0071272135759853309 -0.0036806593844660941 0.00015700654678470807 -0.0069851178855777733 -0.020897220303370975 -0.0063091105898293197 0.0074845895467162693 -0.00070780215229891306 0.0024455332546423039 0.038491322922841215 -0.0022249321287867861 0.01415836204385156 0.0043237413834387494 -0.0021695000899791352 0.023442777373529906 -0.00073573528827958808 0.005669445431495823 0.0071334436335907352 0.039565906855150726 -0.016974031377043768 -0.0038829787391584788 0.0037464550450260902 -0.00086668953640625657 0.027961259537023372 0.041511941615197001 -0.016980597322711719 0.014057104162943646 -0.001808803834825813 -0.011210385139941291 0.034725640945111595 -0.0017208170775354177 -0.026350762042820493 0.012177741320990101
leaf_weight=1711.6195471729152 41.484633127925918 128.50430159503594 1075.0443492083577 1295.5734012240428 442.42452328128275 2744.8276357573923 96.943700702977367 1217.826880279812 261.09133161033969 3556.0177720494103 320.69313955819234 233.37861186428927 146.91501358558889 37183.39549803792 100.5731164640747 427.82026273047086 265.80116651172284 38.591227010823786 63.185342122800648 34.533765807747841 41.691146127646789 267.7343344023684 28.141921267844737 375.83503376995213 605.94999300944619 29.566694308072329 127.12283390457742 34.042447381652892 665.86021267774049 15.198764275293795 48.724653990706429 5073.5546053603757 520.13920939364471 28.777259464608505 1844.3276807781076 293.19004642195068 707.90182133205235 27.764878397341818 37.770399344153702 1152.3670670716092 65.344515221775509 1441.5614960871171 3330.5030100408476 33.500775594031438 756.70676627289504 87.562809659633785 32.001955091021955 42.591807577759027 17.596841038670391 217.75746269302908 19.99794229818508 96.541472872253507 32.420978110516444 35.904527517268434 70.586030994076282 39.599629035452381 25.708574798656628 122.25520473043434 21.897008187137544 335.92582196323201 33.64805910596624 105.76985353045166
leaf_count=18404 597 947 7217 19720 3628 20837 1587 10074 2378 28626 3489 1735 941 504633 1769 3944 3488 354 541 249 354 2099 218 2814 5132 695 1346 232 10834 261 448 41159 10449 375 16525 2745 6608 260 331 11038 781 16545 45814 434 7921 846 329 405 278 2707 306 1374 380 441 831 396 263 1313 242 3962 342 965
internal_value=-4.12872e-05 0.00336052 0.000631211 -0.000172726 1.40891e-05 0.00317639 -0.000161777 0.00627331 -0.00176932 -0.000682594 -0.00412444 -0.0051874 -0.00722832 -0.00013575 0.000238349 0.00351071 0.00235567 -0.000923322 -0.00378943 0.00152471 -0.000934053 0.00235991 0.0163879 -0.00569146 -0.00749909 0.00400479 0.007856 0.0107916 0.000780214 0.0195072 -0.000607539 0.000804306 -0.00128097 -0.000308729 -0.00314271 0.0105534 0.00123807 0.012818 0.0244759 -0.00431906 -0.00129147 0.000197136 -0.000875531 0.00215032 0.00269906 0.00675106 0.0159835 0.026974 0.00253751 0.00160086 0.0114067 0.014484 0.00715374 0.0294188 0.00292475 -0.0042262 0.000367582 -0.00479242 0.0166992 0.00346696 -0.00734527 0.00170643
internal_weight=70277.3 2609.78 1350.46 67667.5 60583.7 3187.25 57396.4 1259.31 7083.83 4851.59 2232.23 1971.14 275.419 57299.5 38849.4 1665.99 1565.41 18450.1 1650.45 435.287 400.753 337.567 69.8331 1215.16 981.785 1299.61 588.986 461.863 710.626 44.7655 16738.5 5405.34 11333.2 7448.95 3884.2 331.781 822.162 114.26 65.5353 3062.04 1217.71 6928.82 4753.34 1422.84 1394.06 637.353 162.157 74.5938 2175.48 1973.01 202.462 184.865 128.962 55.9025 1721.61 280.046 209.46 161.855 47.6056 475.196 251.406 441.696
internal_count=835956 19776 9105 816180 748825 24465 724360 10671 67355 48346 19009 16631 1888 722773 527202 22569 20800 195571 13142 3461 3212 2671 572 9681 7946 17312 5522 4176 11790 956 177167 44258 132909 96918 35991 3099 7647 1039 591 28344 11819 86469 61051 15237 14862 6941 1580 734 25418 22639 2779 2501 1754 747 19590 3045 2214 1709 505 5361 3049 4927
is_linear=0
shrinkage=0.04


Tree=36
num_leaves=63
num_cat=0
split_feature=27 56 56 2 45 36 43 14 14 59 7 60 17 54 43 45 59 64 25 13 14 46 67 56 64 32 24 26 40 45 30 7 47 41 7 26 24 17 45 59 24 41 13 26 7 26 7 24 58 46 63 20 58 67 15 9 34 26 7 29 26 47
split_gain=23.0765 13.0647 18.9175 15.3995 15.9403 11.0538 10.7272 9.9931 9.51612 15.4286 13.4457 13.601 14.7308 11.4651 11.1522 10.77 9.94981 9.42395 9.27886 9.99751 9.90239 9.09983 8.81121 13.5134 9.50234 10.4422 10.7475 9.37833 18.3486 15.8116 13.5279 12.3488 11.9424 15.1782 11.1797 18.4395 24.1538 15.5617 13.7862 13.4283 14.6815 13.0767 12.5908 12.5391 17.7735 17.8489 19.0984 12.5618 11.9317 11.786 11.3514 11.0364 14.6844 10.8947 10.798 12.2075 14.3798 10.7613 11.9717 12.5033 12.2451 10.7349
threshold=13.500000000000002 6.6273148148148104 7.1538461538461577 23.250000000000004 0.77883532152509682 11.500000000000002 0.43830855090040949 0.25873570873570884 0.90922381711855416 -1.9166666666666663 62.500000000000007 -0.15890088881263534 58.500000000000007 1.0000000180025095e-35 0.84009745269689196 1.0180119172067228 0.66666666666666641 0.10620300751879701 110.16666666666667 0.56385869565217395 0.27277236652236664 12.500000000000002 1.2264957264957268 6.6273148148148104 0.25320512820512825 7.5000000000000009 41.500000000000007 74.500000000000014 28.500000000000004 1.4778282487446581 3.5000000000000004 69.500000000000014 0.57111975043371943 0.50200910986064495 108.50000000000001 104.50000000000001 94.500000000000014 98.500000000000014 0.77883532152509682 2.8918128654970765 57.500000000000007 1.053405073593868 0.1012820512820513 116.50000000000001 117.50000000000001 127.50000000000001 129.50000000000003 93.500000000000014 14.571428571428578 8.5000000000000018 -0.23022544640743423 1.5000000000000002 3.5092592592592529 0.17752100840336138 0.67559173669467798 0.7410344720187384 3.5000000000000004 145.50000000000003 140.50000000000003 2.2501236399604356 139.50000000000003 0.44437634741138149
decision_type=10 8 8 2 2 2 2 10 10 2 8 2 10 2 2 2 2 10 10 8 10 2 10 10 8 10 10 8 2 2 2 8 2 2 10 10 10 10 2 2 10 2 10 10 10 10 10 10 2 2 2 8 2 8 10 2 2 10 10 2 10 2
left_child=8 3 -3 4 21 17 -6 -5 22 13 11 12 -11 -10 16 -12 -13 -4 19 -19 -20 -2 27 24 -24 -26 -27 28 29 53 31 54 -31 -34 35 36 37 48 42 40 -39 -41 -37 -36 -45 -46 47 -47 50 -42 -29 -40 -53 61 -30 56 -56 58 59 60 -48 -1
right_child=1 2 5 7 6 -7 -8 -9 9 10 15 14 -14 -15 -16 -17 -18 18 20 -21 -22 -23 23 -25 25 26 -28 34 30 32 -32 -33 33 -35 43 38 -38 39 51 41 49 -43 -44 44 45 46 57 -49 -50 -51 -52 52 -54 -55 55 -57 -58 -59 -60 -61 -62 -63
leaf_value=0.010670162034254246 -0.010013375087514573 -0.024207097108521407 -0.01634822240268563 0.0061555131960866873 0.026145953136835015 0.014598650584763674 0.0055243743225804557 0.024061396948724584 -0.0031717325327357275 0.05331453853270076 -0.007937275410664248 0.0077101686445323683 0.003321226753410332 0.048441171861757219 -0.0046751694669198967 0.0056025622373541738 0.047912556140332047 -0.0046337355733472299 0.019984191064245257 0.015980140297721577 -0.0036802383653297467 0.015151102455609855 0.013611214604934424 -0.012881491379253223 0.00045980111800162087 0.032984141278082774 0.0025589965729905456 -0.0019432428122451004 0.001905265131016741 0.019113364933025234 -0.0049612175847342649 -0.0038270151685266414 -0.028480580021489545 -0.0055211118635555634 -0.0031976198403848278 -0.005517952730965581 -0.012941955979360761 -0.0080208504737653841 0.0033013120318763083 0.00063949945406420222 -0.0058144937388647493 0.037848034779846551 0.0095025234866448448 0.0037449543372209287 -0.003941177357049172 0.0083091795764577859 -0.0026701337831121774 0.00021389063835760465 0.013819077427131343 0.0028718059666365137 0.00057199669689498819 0.001831919573955556 -0.0051707040548745389 0.00048306626729745206 -0.016298379817976449 0.0031540479240244109 0.00056589484200443574 0.002024137389784182 -0.010423474920843379 -0.010880561880569907 0.0051527771842666851 -0.0038268794024020583
leaf_weight=81.6849126345478 153.73487596563064 45.188178460579365 51.084106514230371 94.478202958358452 37.64643162721768 81.374920015165117 961.56105654558633 112.55035501695238 9.2376761999912578 18.96013269550167 173.31470935966354 37.809158576070331 16.715496357064694 16.676370651344769 66.64488342765253 193.85748339723796 9.7070753017906082 312.31796439387836 66.995440458413213 37.783837644034065 44.381865392439067 22.330221070209518 175.39483332913369 64.038110535591841 433.31976219359785 29.663698592572473 42.0193451421801 3278.1817010740051 1941.5989928181516 23.656606610864401 2625.9414585356135 1801.1037387931719 45.67704981926363 572.61238341568969 3201.3562609545188 100.04437419108581 225.58383938448969 821.23545931838453 2852.8678480576491 41.062340155243874 430.32070363080129 19.076908947550692 649.69352204247843 1460.7683630943066 2328.5486323962687 665.04732909775339 1138.1207554404391 566.06736833543982 99.197530811652541 582.10767379810568 22856.887596806861 1440.6806475971825 711.69680918462109 12353.268355088949 188.18585692334455 202.64339371980168 138.61996615002863 1048.8364786726888 288.84998088586144 204.60770646994933 439.7176877289312 1493.8503159892862
leaf_count=1176 1831 303 306 638 360 533 6891 792 392 1366 9496 1614 626 523 2091 5055 411 2391 387 723 275 204 1232 483 4434 431 420 58285 19217 237 28780 20367 484 5265 34632 1425 2078 12559 25393 955 5849 396 8190 13184 22871 6706 11949 4748 888 6609 243897 13338 6042 186947 3095 3044 2541 9801 3305 1746 4394 21014
internal_value=-0.000100981 0.00410554 -0.000621727 0.00628562 0.00447294 0.00135981 0.00642763 0.0162278 -0.00022594 0.00502436 0.00334878 0.0132353 0.0331782 0.0325053 0.00587245 -0.000809361 0.0197028 -0.000862731 0.00100831 -0.00221535 0.0108014 -0.00649153 -0.000268436 0.00404477 0.00572019 0.00287295 0.0164792 -0.000316716 -0.0010056 -0.000200728 -0.00270434 -0.00131294 -0.00631374 -0.00743214 8.75659e-06 0.000370526 -4.86232e-05 5.70616e-05 0.00243384 -0.0034398 -0.00406394 0.0144417 0.00747493 -0.00107888 -0.000244211 -0.00111873 0.000394481 0.00460288 0.000310101 -0.000830634 0.000256193 0.00167203 -0.000490158 8.31708e-05 0.000523561 -0.00451385 -0.00924439 -0.00127074 -0.00294001 -0.00170154 -0.000480627 -0.00304389
internal_weight=70228.2 2021.43 639.126 1382.3 1175.27 593.938 999.207 207.029 68206.8 542.923 517.009 149.837 35.6756 25.914 114.161 367.172 47.5162 512.563 461.479 350.102 111.377 176.065 67663.8 744.436 680.398 505.003 71.683 66919.4 21468.8 14570.7 6898.09 4272.15 641.946 618.289 45450.6 34108.6 28353.7 28128.1 5754.98 1893.8 1833.66 60.1392 749.738 11341.9 8140.56 6679.8 4351.25 1231.11 26234.3 1012.43 26135.1 5005.25 2152.38 13928.8 2471.05 529.449 326.806 3120.13 2071.3 1782.45 1577.84 1575.54
internal_count=835615 15634 4918 10716 9286 4615 7251 1430 819981 21574 20659 6108 1992 915 4116 14551 2025 4082 3776 3114 662 2035 798407 7000 6517 5285 851 791407 292167 215123 77044 48264 5986 5749 499240 385904 331516 329438 54388 26368 25017 1351 9615 113336 78704 65520 42649 11454 303070 12458 302182 44773 19380 209137 27897 8680 5636 31195 21394 18089 16343 22190
is_linear=0
shrinkage=0.04


Tree=37
num_leaves=63
num_cat=0
split_feature=66 30 48 47 58 35 13 45 41 56 19 49 13 65 53 12 19 26 65 59 50 54 36 66 4 67 61 26 43 39 33 38 38 66 43 7 56 67 24 45 54 50 32 67 43 65 44 35 46 48 53 47 25 45 12 41 56 24 4 12 59 26
split_gain=16.1838 16.4266 17.8119 14.9632 13.3583 16.2481 15.8318 14.4374 12.5865 12.3329 13.084 16.7709 12.5039 12.8905 11.7141 11.5835 12.1795 11.5002 11.031 16.8715 10.7029 10.2269 9.8244 9.69619 9.95787 12.8882 10.1036 9.69591 16.1554 9.59505 9.32277 10.1257 9.28648 9.79433 19.0314 26.1323 14.7699 12.7531 11.1888 13.469 10.221 10.1075 9.87555 10.3934 9.76884 9.40602 9.30928 11.8976 10.8693 10.105 9.55457 13.0215 10.7856 9.53519 9.7701 9.32104 9.29268 9.27473 9.2422 9.8806 9.22238 10.0842
threshold=0.20942982456140355 10.500000000000002 1.5000000000000002 1.4322563728262339 4.3405797101449304 0.77689550092713133 0.45227272727272733 1.7801062548658437 0.90637330128036531 4.5358974358974331 1.7500000000000002 0.44600730810946049 0.078461538461538485 16.300000000000008 0.74428840173114996 26.500000000000004 -4.2499999999999991 155.50000000000003 4.0172413793103425 1.6153846153846154 9.5000000000000018 22.500000000000004 3.5000000000000004 0.37715517241379315 11.500000000000002 0.73798627002288331 0.39009661835748799 128.50000000000003 1.0975359686022916 1.15534479473741 2.6001768948156214 1469.5000000000002 6401.5000000000009 0.31909090909090915 0.54387397779556268 65.500000000000014 -4.0701970443349671 0.47722567287784684 52.500000000000007 1.1065729294344246 6.5000000000000009 2579.5000000000005 24.500000000000004 0.73798627002288331 0.40497782434708834 24.718253968253975 4372.5000000000009 0.60288734466216376 20.500000000000004 202.50000000000003 0.77981939250118926 0.75216069342851244 51.833333333333336 0.9490839227470329 204.50000000000003 0.8633079737103907 4.6742424242424301 13.500000000000002 5.5000000000000009 26.500000000000004 0.28571428571428609 122.50000000000001
decision_type=8 2 2 2 2 2 8 2 2 8 10 2 10 10 2 10 10 10 8 2 2 2 2 10 2 10 2 10 2 2 10 2 2 8 2 10 10 10 8 2 2 2 10 10 2 10 2 2 2 2 2 2 8 2 10 2 8 8 2 10 2 10
left_child=1 2 -1 -3 5 7 18 27 -5 17 15 -12 -13 -14 -15 16 -11 -4 19 -6 -21 -9 23 60 -25 57 -27 32 -29 -30 31 -20 33 34 35 37 41 -2 44 -40 -39 45 46 -44 -37 -35 50 48 55 -50 -38 52 -52 -54 -55 -48 -36 -26 -16 -60 61 -8
right_child=4 3 9 8 6 -7 22 21 -10 10 11 12 13 14 58 -17 -18 -19 30 20 -22 -23 -24 24 25 26 -28 28 29 -31 -32 -33 -34 36 56 38 42 40 39 -41 -42 -43 43 -45 -46 -47 47 -49 49 -51 51 -53 53 54 -56 -57 -58 -59 59 -61 -62 -63
leaf_value=-0.0083794684291679921 -0.012858584131192388 -0.00405193659752647 0.0031599446539044029 -0.0072398539289324207 -0.00092391535739448649 -0.00060451303202953461 -0.0041277414391040126 0.0044684616888356569 0.0089163336878871954 -0.013933029606483223 0.019281731959940724 -0.01617075258588388 -0.0086285407754835043 0.015533949327974641 -0.019388667005159035 0.0033777368747892793 0.00041492812843038347 0.026664509959671023 -0.0074782268559795617 -0.0057574818120873818 0.031228563358167073 0.019609382679280331 0.00047132597508352074 -0.0092317600215053031 0.022038276754385598 0.052338732293522268 -0.0025829969022916513 -0.0024266818166336999 0.0033038545240084189 0.037881859842469272 0.004480969558996707 -0.0029229815181160052 -0.0050151659184805566 0.0020747186217736921 0.0037961144275644072 0.01413808547992796 -0.0054356380437399895 -0.0002115327067846163 0.0037624650266029204 0.039890593425445708 0.032803803833177561 -0.018607162046729887 0.0022202247105250804 0.028699555599738066 0.054375291050262738 0.022946485116003293 0.010458686224286166 -0.0033338379821183117 0.012330644668995984 -0.0088431773496519036 0.008123247969145226 -0.0020305694848412256 -0.0032574401389031593 0.0060538470403838718 -0.021230287023331417 -0.017228696957400372 -0.002940776155284327 -0.006336922142637539 0.0053405497853161541 -0.0051459009481008402 0.0090298447270048248 0.016764204611353622
leaf_weight=275.68028861202765 56.403791804099455 1572.8473115667002 5214.4213862868492 100.64834492839873 593.51614310004516 29941.8339733787 449.18774301197845 241.03180295357015 286.81482932716608 92.081391365732998 46.724670834373683 116.44065441773273 360.14009019592777 70.710405690129846 36.436082109808922 2959.2250861584907 3790.8303958902834 28.620297625195235 1478.2859716771636 15.4495849723462 39.857005416881293 99.116936225676909 4672.8432766217738 537.15238985384349 16.66939144115895 8.4398929327726382 8.1679454630939272 60.045709474128671 20.286620206432417 35.592547601787373 168.75515145855024 1671.3084776616888 432.10434661724139 5194.9400132470764 1248.6195174282184 19.918876412557438 829.85953426943161 37.997476924327202 55.231253816164099 19.323491050861776 19.724075860809535 32.615789114439394 71.108230417710729 31.312443823553622 28.857711606076919 29.834856999572366 27.950747332302853 261.40032343135681 331.89762003323995 36.806583920028061 388.25839002733119 3754.3456385341706 539.21332627313677 407.96821255632676 17.287592326058075 44.071500627789646 439.33049433317501 119.64195242885035 287.11476920661516 278.08368624164723 140.2084331442602 35.321956817060709
leaf_count=2810 632 13968 40701 836 5934 377160 4489 1970 2153 857 430 1080 2773 506 175 22223 25267 212 12579 231 549 724 61930 6665 418 179 282 741 199 343 1185 13076 5374 103207 11927 220 11375 471 599 163 196 375 1213 559 327 225 389 3210 3955 394 7745 53460 8332 4819 242 569 3778 2638 2065 2101 1973 260
internal_value=-3.99223e-05 0.00110006 0.00159505 -0.00231836 -0.000363321 -6.84683e-05 -0.0016882 0.00101493 0.0046808 0.00180517 0.000819826 -0.00303256 -0.00401966 -0.00257797 0.000702779 0.00149475 5.71924e-05 0.00331353 -0.00364623 0.00111667 0.021276 0.00910058 -0.000388928 -0.00343653 -0.00668693 0.00226143 0.0309802 0.000821811 0.0121019 0.0266309 -0.00457778 -0.00506948 0.000726545 0.00090646 0.00355097 0.0140339 0.000480805 0.000103945 0.0264177 0.0150449 0.0127858 0.00206899 -0.000758366 0.0112746 0.0407859 0.00221573 -0.000952344 0.00338767 0.00736695 0.0101269 -0.00146803 -0.00081864 0.00254003 0.000262135 0.00471086 -0.00650223 0.00203917 -0.00220995 -0.001154 0.000181223 0.000178501 -0.00244899
internal_weight=70225.9 15516.8 13556.5 1960.31 54709.1 44754.3 9954.81 14812.5 387.463 13280.8 8037.79 1195.65 1148.93 1032.49 672.345 6842.14 3882.91 5243.04 3967.17 648.823 55.3066 340.149 5987.63 1314.79 690.072 152.919 16.6078 14472.3 115.925 55.8792 3318.35 3149.59 14356.4 13924.3 1925.41 237.457 11998.9 114.125 123.331 74.5547 57.7216 5257.39 6741.48 102.421 48.7766 5224.77 6639.06 702.127 440.726 368.704 5936.93 5107.07 1352.73 964.469 425.256 72.0222 1687.95 136.311 601.635 565.198 624.718 484.51
internal_count=835438 118157 101200 16957 717281 604893 112388 227733 2989 98390 57477 9130 8700 7620 4847 48347 26124 40913 33554 6714 780 2694 78834 16904 10182 3517 461 225039 1283 542 26840 25655 223756 218382 18313 2608 200069 1299 1309 762 667 103807 96262 1772 547 103432 94490 8517 5307 4349 85973 74598 21138 13393 5061 958 15705 3056 4341 4166 6722 4749
is_linear=0
shrinkage=0.04


Tree=38
num_leaves=63
num_cat=0
split_feature=27 64 52 67 56 27 62 38 9 64 56 57 14 1 57 66 9 56 62 57 71 31 66 47 44 43 38 12 63 47 55 30 55 47 43 31 43 66 30 34 45 68 29 67 58 64 44 63 54 19 57 17 58 45 63 8 62 63 45 12 56 12
split_gain=13.7673 14.5482 14.6821 13.6514 12.2399 13.2807 12.2798 12.6407 12.4709 11.8999 13.2395 11.0779 10.8233 10.6624 10.8564 14.6897 12.6916 12.7567 12.3303 11.7798 11.7143 12.1215 11.2525 11.0871 11.0331 11.3332 10.6234 10.4695 13.4284 10.3942 13.6256 11.566 10.3699 10.3159 10.2889 10.1833 13.635 10.04 11.636 10.5683 9.97302 14.6563 16.0836 15.3669 13.9202 13.5093 16.9362 13.3237 10.3527 11.2832 22.0982 14.7589 11.2287 13.8438 14.8258 10.9639 11.4693 10.7775 10.4521 10.2892 9.84751 9.82005
threshold=8.5000000000000018 0.81101190476190488 1.0000000180025095e-35 1.3798076923076925 8.8333333333333339 -16.499999999999996 0.45338603232048874 808.50000000000011 1.4770895565207971 0.20294117647058826 4.4037037037037061 0.14400921658986179 0.86519961519961541 1.5000000000000002 0.12660256410256412 0.3136574074074075 1.3637154054960001 -0.12132352941176804 0.44097759855655305 0.54653679653679665 1.0000000180025095e-35 0.85713402262226246 0.23145604395604399 0.75978864904619403 324.50000000000006 1.0975359686022916 82.500000000000014 4.5000000000000009 0.099557035737203939 1.5039421437446949 1.7142063487090835 8.5000000000000018 1.6518703930810039 1.280339364478728 0.90213150348496318 0.34200310409525908 0.60880458318743547 0.29238505747126442 9.5000000000000018 45.500000000000007 0.65211657422222713 11828.610000000002 2.2719019533286215 1.1889880952380956 0.90238095238095195 0.36939571150097467 275.50000000000006 0.061608695592949632 5.5000000000000009 -2.7499999999999996 0.44543650793650796 74.500000000000014 1.0166666666666659 0.88733251960902793 -0.22064250518466352 36.500000000000007 -0.25356277369489616 -0.068270171655185438 0.92167039538884377 12.500000000000002 5.2041666666666737 189.50000000000003
decision_type=10 10 2 8 10 8 2 2 2 8 8 10 10 10 10 10 2 10 2 10 2 2 10 2 2 2 2 8 2 2 2 2 2 2 2 2 2 8 2 2 2 2 2 10 2 8 2 2 2 10 8 8 2 2 2 2 2 2 2 10 10 10
left_child=4 13 3 -3 5 6 7 8 9 10 -1 -11 37 -2 -15 16 17 20 22 -17 21 -16 -19 -24 -21 -26 -8 28 -6 30 31 34 -14 -25 60 36 -9 38 39 -7 41 43 45 -39 -45 46 -43 -48 -42 50 58 -52 57 55 -55 56 -54 59 -50 -51 -18 -28
right_child=1 2 -4 -5 27 12 26 35 -10 11 -12 -13 32 14 15 19 29 18 -20 24 -22 -23 23 33 25 -27 61 -29 -30 -31 -32 -33 -34 -35 -36 -37 -38 40 -40 -41 48 42 -44 44 -46 -47 47 -49 49 52 51 -53 53 54 -56 -57 -58 -59 -60 -61 -62 -63
leaf_value=0.019983191435561928 -0.0011687125855759557 -0.019434973607321854 0.015029780110319444 0.009070043244007708 0.029972914752428133 0.0010486959862002813 0.031338914471439994 -0.014606050064849227 -0.0080360707445945017 0.0095934222674051804 -0.010243539649433401 -0.0014374832324786225 0.0067149228446188852 -0.0025396690745445767 0.030761111318174186 -0.0064097877552423575 0.0031554486839727087 0.0082234240664377616 -0.0083856545162649676 0.0097334274048985567 0.0022631348188792608 0.011535983146381441 0.014299662282832609 -0.01758702769053783 -0.0041732363850141407 0.0040988718123111164 0.0087184031016192404 -0.0025888643760980422 -0.0052658010581381623 0.0074760654375282225 -0.010400773374355078 -0.0073176166096517717 -0.0099312251509239748 0.0041900234728724766 0.0079324207327413562 0.0023837654325157159 0.028135171636968138 -0.0044159431505684269 -0.002117193642692724 -0.020069202703011456 0.00014022655343519136 0.033265429843392161 0.036647585470550886 0.035191353363335218 -0.011263915865171177 -0.003186762685404377 -0.013745773777787294 0.023775869540329644 -0.0079488439296629982 -0.004168873580288425 0.024425272993358695 -0.00039158815335326981 -0.016155453430300056 -0.012057991144584562 -0.0033767128868571095 0.016583694451585855 0.0030517576622108005 -0.0019873904432323279 0.017483904370330944 0.0023965888517421385 -0.014385026231420574 -0.0081047231164678747
leaf_weight=85.434105555992573 2062.7842025673017 41.372173498384655 237.41587910731323 59.260182508267462 31.151306119514629 13427.095737880212 24.423673857701942 12.190098601742646 343.22702194331214 152.81634536769707 27.67241865163669 1889.2707580003189 561.33237903018016 661.06471249635797 83.08823007135652 361.65835706354119 152.90558349248022 885.55724776675925 94.351451089605689 221.40892191359308 99.281226454069838 157.28215924976394 41.121589119080454 76.191171963233501 520.53432417672593 529.52704100892879 372.36842988838907 3876.9249763722764 30.744920092634857 375.71127270068973 171.0073689930141 168.91933067701757 62.513112918939441 58.125042660161853 423.43379144533537 3683.3967999059241 45.500276871141978 2435.5761669416679 2246.8407178961206 33.034570209332742 18845.447383332765 38.754263791954145 18.844898076262325 24.72551236464642 12.815044283517635 210.62887693935772 36.438381355372258 18.860898107057437 27.349887799238786 459.62140760698821 34.022748804884031 2194.510115702753 52.848113043815829 340.09487368911505 3725.8853475548094 74.978924165479839 350.10031210118905 4578.1912497236626 169.93891387106851 2146.1528556733392 71.027117082849145 61.042393196374178
leaf_count=1120 18304 652 2347 931 219 106831 387 333 5974 3606 323 43076 21762 4472 561 2539 1061 5566 494 1759 741 1035 308 510 4300 3754 4216 35113 189 2189 1003 1321 1261 351 2636 68223 928 48858 21091 434 252412 618 270 423 185 5738 592 226 334 6351 466 23748 867 4512 35093 960 4286 45522 1594 30031 431 580
internal_value=3.02367e-05 0.00164307 0.00969268 -0.00301422 -0.000163971 -1.93388e-05 0.00165674 0.00118939 -0.00101257 0.000121979 0.0124674 -0.000590587 -0.000234824 0.00125947 0.00223183 0.0029362 0.00466302 0.0072028 0.00515916 -9.07673e-05 0.0139787 0.0186729 0.00639734 -0.00279261 0.00172469 -2.10523e-06 0.00794431 -0.00232121 0.0133839 0.00186115 -0.000302491 0.00186348 0.00498118 -0.0083509 0.00429686 0.00265932 0.0186592 -0.000298482 0.000544507 0.000989434 -0.000668404 -0.00295973 0.00499172 -0.0040079 0.0198731 0.00247369 0.014671 -3.79609e-05 -0.000473798 -0.00129112 0.00119026 4.11184e-05 -0.00180467 -0.00335989 -0.00411677 0.00305525 0.000365531 -0.000819326 0.0138489 0.00123277 -0.00260072 0.00628359
internal_weight=70315.8 7553.03 338.048 100.632 62762.8 58823.9 6697.34 6239.51 2498.42 2155.19 113.107 2042.09 52126.6 7214.98 5152.2 4491.13 2858 1495 1155.35 1633.13 339.652 240.37 1061 175.438 1271.47 1050.06 457.834 3938.82 61.8962 1363 987.293 816.286 623.845 134.316 647.366 3741.09 57.6904 51502.8 15707 13460.1 35795.8 2796.64 323.527 2473.12 37.5406 304.682 94.0535 55.2993 32999.1 14153.7 2425.82 2228.53 11727.9 4543.91 4065.98 477.927 402.948 7183.97 197.289 2605.77 223.933 433.411
internal_count=836017 57265 3930 1583 778752 743231 128766 123583 54099 48125 1443 46682 614465 53335 35031 30559 18207 9566 7229 12352 2337 1596 6735 1169 9813 8054 5183 35521 408 8641 6452 5449 23023 861 4128 69484 1261 591442 128356 107265 463086 56910 7444 49466 608 7174 1436 818 406176 153764 26142 24214 127622 45718 39605 6113 5153 81904 1928 36382 1492 4796
is_linear=0
shrinkage=0.04


Tree=39
num_leaves=63
num_cat=0
split_feature=26 7 7 26 47 26 41 52 6 23 26 67 53 60 33 7 7 49 25 61 40 47 49 44 64 64 65 36 12 13 6 14 2 14 36 65 2 44 17 60 21 42 38 41 64 38 50 33 13 53 25 65 49 47 38 12 38 42 21 12 19 40
split_gain=14.9033 21.2871 15.5803 12.5279 10.3867 12.3609 11.6205 15.8768 14.1366 11.0976 13.6661 13.4893 13.5925 13.2829 13.0494 13.0066 12.7214 11.0827 12.5033 10.9581 11.5734 12.3011 10.8007 10.768 15.4268 10.2853 12.5763 13.0902 10.3001 10.2448 10.1922 16.7641 16.2029 13.7144 13.3758 13.3251 12.6565 11.8888 10.1539 10.1009 12.5139 14.1514 13.802 12.8892 12.9216 10.0839 9.98102 12.4134 13.4862 12.2171 9.93119 9.81009 11.9668 10.6652 10.276 11.8679 9.76753 9.7394 12.2839 11.4318 10.0603 10.828
threshold=145.50000000000003 139.50000000000003 149.50000000000003 153.50000000000003 0.79349533667880767 141.50000000000003 2.1635079746396557 20.500000000000004 167.50000000000003 57.500000000000007 67.500000000000014 1.072751322751323 0.59910647770580938 -0.41362991134832133 1.7565141680823715 113.50000000000001 64.500000000000014 0.3651860071436363 86.416666666666671 0.27097902097902099 36.500000000000007 1.8588150265986099 0.45340433833765365 2233.5000000000005 0.60303030303030314 0.17752100840336138 2.8000000000000047 5.5000000000000009 33.500000000000007 0.21240601503759401 161.50000000000003 0.64231185481185493 17.250000000000004 0.8000270562770565 25.500000000000004 23.360389610389614 20.250000000000004 268.50000000000006 170.50000000000003 -0.24238030116586987 -1.4999999999999998 20.500000000000004 3222.5000000000005 0.92857662337662361 0.85092592592592597 2833.5000000000005 98.500000000000014 2.571475756297724 0.24621212121212124 0.66899876862627694 68.416666666666671 -22.490740740740737 0.63044115014650093 0.71877308334679102 2234.5000000000005 15.500000000000002 4892.5000000000009 39.500000000000007 19.500000000000004 252.50000000000003 -0.74999999999999989 1.5000000000000002
decision_type=10 10 10 10 2 10 2 2 2 10 10 10 2 2 10 10 8 2 10 2 2 2 2 2 8 8 10 2 10 8 2 8 2 10 2 10 2 2 10 2 10 2 2 2 10 2 2 10 10 2 10 10 2 2 2 10 2 2 10 10 10 2
left_child=1 4 -2 -4 5 9 30 8 19 11 -11 12 13 -1 -15 50 -12 18 -18 25 -21 23 -13 24 45 -8 -27 28 -28 -7 -6 32 -32 36 35 46 -33 -37 -5 -19 56 42 43 -42 -45 -22 -34 49 -49 -48 57 52 -52 -54 55 -53 -41 58 59 60 61 -14
right_child=2 -3 3 38 6 29 7 -9 -10 10 16 22 15 14 -16 -17 17 39 -20 20 21 -23 -24 -25 -26 26 27 -29 -30 -31 31 33 34 -35 -36 37 -38 -39 -40 40 41 -43 -44 44 -46 -47 47 48 -50 -51 51 54 53 -55 -56 -57 -58 -59 -60 -61 -62 -63
leaf_value=0.039341187908155224 0.0083670760739195677 -0.0086257109244887564 -0.013762033367375278 0.0036056670206488835 0.00074350218179299716 -0.0073642754796436494 -0.0068847462030088282 0.0085916975008064472 -0.023592328146851044 -0.0043103472365699615 0.0053464276314762749 0.022927509179352119 -0.0086706340203325395 0.0035955225017633343 0.032881102446918581 -0.022688743758915986 -0.00094283827389754385 -0.003623094787173313 0.0082591538980234663 -0.0073286287816856054 -0.01100135657880128 -0.012326394456974954 0.0047712025218063841 -0.0037107850448037955 0.038360976222881864 -0.0046060692748274212 -0.0090570145580221133 0.02267955872955886 0.016944656254268071 0.024813189508874792 0.0018658846589801859 0.0026905041376516755 -0.0028710191472017749 -0.0089325363435626016 0.015409850936796827 -0.0092346642157965734 0.015488484853362411 0.0041595004176655384 -0.020318894470193988 0.0019612226777001918 -0.0029738299781079999 -0.00059034171092963393 0.011302550687595116 -0.012303720173385577 0.0070112041164865158 0.019917336542301087 0.0060505572089066366 -0.0085949160204403449 0.024784787839151164 -0.010533913211419405 -0.013816668083819778 -0.00021556550519133665 0.024766941726410356 -0.010339787060536357 -0.002578613996251223 0.03731411109092423 -0.0065173644119057364 -0.0024448257072164333 0.017563607851886615 -0.020301273355511809 -0.00093400079711743222 0.0062364189417528715
leaf_weight=15.372983924578874 703.48997075564694 444.51016404060647 90.605253623099998 443.55592131288722 41890.949993118644 19.707310913130641 132.28188506653532 172.4447342089843 52.142401688033715 2023.6719136972097 515.61328420601785 65.747535382863134 82.664612148189917 321.99738064454868 21.53475293959491 35.808646318037063 535.69048398395535 2503.3997535175295 416.38523195381276 898.55226620403118 29.710224896669388 55.034303325694054 218.06647621205775 61.418969423044473 30.595010471181013 103.84099104232155 55.259537862613797 93.190483656246215 35.981831704266369 48.953412598464638 1120.9921756393742 352.67952356406022 1089.5881293617422 94.799716961453669 52.058325225487351 132.25846996915061 187.6781294955872 461.69767818273976 25.344686146825552 2849.6461787775625 1051.8906100187451 4322.6322918693768 75.990800915751606 533.95722543180455 58.544141853228211 28.215027472935617 73.46796332183294 36.2403664002195 32.426768567878753 975.04829251847696 46.582788965781219 18.747405510395765 33.979652688256465 17.973969902959652 25.902682448737323 42.483375220443122 230.46136218938045 1979.6776467553573 67.838382433401421 35.111088082077913 1302.7920152510633 741.8950806921348
leaf_count=322 6402 5190 895 3743 488943 169 810 1154 322 23790 5464 1291 2124 5480 308 670 6991 33338 4984 8292 205 388 4022 506 314 1000 326 697 228 522 9553 4714 11194 1897 598 955 2690 3029 131 33399 12226 41832 674 5559 982 213 703 248 254 8243 1033 277 621 370 346 681 2396 34894 1500 1234 28420 15834
internal_value=0.000129508 5.04826e-05 0.0044267 -0.000557921 0.000107402 -0.000652543 0.000426556 -0.00276997 -0.00403621 -0.000712038 -0.00125522 0.000905955 0.000399374 0.00783093 0.0058767 -0.000210657 -0.000781596 -0.00103482 0.00310373 -0.00329219 -0.00537932 0.00313697 0.00930135 0.00902733 0.0175914 0.00218324 0.00639077 0.0125405 0.00154457 0.0157045 0.000547048 -0.0012374 -0.0022028 0.00477252 -0.00380205 -0.00418597 0.00723677 0.00112478 0.00211178 -0.0013749 -0.000756348 -0.0018135 -0.00487617 -0.00565582 -0.0103525 0.00444488 -0.00561468 -0.00826586 0.00778036 -0.00934866 -1.97129e-06 0.00892723 0.000146408 0.0127799 0.0183103 0.0266746 0.0013173 -0.000405892 0.00140534 0.000859096 0.00125512 0.00469869
internal_weight=70216.8 68953.8 1263 559.506 68509.3 20260.7 48248.6 1748.67 1576.22 20192.1 15117.9 5074.18 4790.36 358.905 343.532 4431.46 13094.2 12578.6 952.076 1524.08 1103.53 204.974 283.814 149.939 88.5203 420.555 288.273 184.432 91.2414 68.6607 46499.9 4608.94 3973.78 635.157 2852.79 2800.73 540.358 593.956 468.901 11626.5 9123.12 6043.02 1720.38 1644.39 592.501 57.9253 2206.77 1117.18 68.6671 1048.52 4395.65 185.67 98.5364 51.9536 87.1335 61.2308 3080.11 4209.98 2230.3 2162.46 2127.35 824.56
internal_count=835590 824419 11171 4769 819229 271753 547476 14455 13301 271062 171635 99427 94114 6110 5788 88004 147845 142381 11975 12979 9918 1626 5313 1238 732 3061 2251 1251 554 691 533021 44078 34777 9301 25224 24626 7404 3984 3874 130406 97068 61273 19441 18767 6541 418 20642 9448 502 8946 87334 3328 2024 991 1304 958 35795 84006 49112 47612 46378 17958
is_linear=0
shrinkage=0.04


Tree=40
num_leaves=63
num_cat=0
split_feature=57 48 66 27 13 20 24 46 58 67 55 15 26 65 39 37 12 25 12 38 39 12 27 67 31 58 23 43 30 8 24 59 47 32 10 33 51 43 27 23 31 46 57 51 12 12 26 19 24 41 23 12 47 33 27 31 45 60 47 49 10 44
split_gain=13.5112 14.5349 12.7811 16.8661 13.823 13.4837 12.5212 11.895 14.9432 11.9929 16.6319 11.8343 10.9096 10.734 11.9823 11.4231 11.1062 12.9964 12.5803 10.6828 10.6685 10.5887 10.2109 12.5265 10.0492 10.0037 14.1944 18.6114 13.4852 12.6317 12.2638 10.7187 10.3719 10.2955 10.7354 12.4592 9.99634 9.94079 14.0049 10.6708 12.0023 10.497 10.8467 10.3087 9.79506 10.1919 12.8568 11.8534 11.0386 10.9672 15.9319 12.3183 10.8923 10.6131 10.3512 10.2576 14.8297 13.8577 15.7509 15.1571 12.4952 10.0384
threshold=0.4649014778325124 167.50000000000003 0.31909090909090915 12.500000000000002 0.54006410256410264 1.0000000180025095e-35 33.500000000000007 33.500000000000007 -0.27272727272727332 0.4188596491228071 1.4202344241038192 0.42857304460245643 49.500000000000007 -18.983333333333331 1.1510812864713793 2.4518848081977924 63.500000000000007 88.583333333333357 45.500000000000007 3501.5000000000005 1.1642427759787728 254.50000000000003 10.500000000000002 0.29520697167755999 1.0322316995662615 1.8774999999999979 55.500000000000007 1.8381283087159124 3.5000000000000004 15.500000000000002 88.500000000000014 3.8786764705882359 1.7682599402297046 37.500000000000007 0.9399993798888221 1.6389746124274847 0.87096818049320601 0.71054879700052653 1.0000000180025095e-35 86.500000000000014 0.94145579754164121 6.5000000000000009 0.50625000000000009 1.2415693442649423 1.5000000000000002 15.500000000000002 63.500000000000007 -5.7499999999999991 5.5000000000000009 0.54163159875660238 115.50000000000001 22.500000000000004 0.43603416612189877 0.37882666339265941 10.500000000000002 0.70591439383000354 1.0357844566881191 -0.33577221610926294 0.67687295154611726 0.67924608321735291 0.66875350592759542 2806.5000000000005
decision_type=10 2 8 10 8 8 10 2 2 10 2 10 8 8 2 2 10 8 10 2 2 10 8 10 2 2 10 2 2 2 10 2 2 10 2 10 2 2 10 10 2 2 10 2 8 8 8 10 8 2 8 10 2 10 10 2 2 2 2 2 2 2
left_child=44 2 3 7 11 -5 -3 21 9 19 20 12 -4 -13 15 16 18 -18 -15 -9 -11 24 -10 -24 37 29 27 32 -28 -6 -30 -31 -27 34 -33 36 -36 38 43 40 41 -40 -43 -2 -1 46 54 -48 -49 50 51 52 -47 -50 -46 56 57 -55 -59 -60 -57 -53
right_child=1 6 4 5 25 -7 -8 8 22 10 -12 13 -14 14 -16 -17 17 -19 -20 -21 -22 -23 23 -25 -26 26 28 -29 30 31 -32 33 -34 -35 35 -37 -38 -39 39 -41 -42 42 -44 -45 45 49 47 48 53 -51 -52 61 -54 55 -56 60 -58 58 59 -61 -62 -63
leaf_value=0.01606576337578321 -0.0050467050365688038 0.0048072602720307294 0.021044389744891565 0.013795936450769429 0.0021662837392817159 0.0015065643935678206 -0.0085076821307201091 0.02682209623598825 0.0051324787946377751 0.0034454551638994526 -0.015039967916562912 0.0087899365844410111 0.00056334290520127352 -0.0011178911636006812 -0.0046516508859218101 0.018557090112997682 0.0090754644005741729 -0.006601800861070645 -0.010598666535178599 -0.00019534848440126397 0.030082126471448537 -0.011092086498375156 -0.022992432135875644 0.0034313476537986298 -0.001185035306719063 0.013052131806448366 -0.0022554669333212764 -0.023625650940974258 0.0046946207531784225 -0.0014074967919349866 0.026999333927625681 -0.0025968420270761632 -0.011265070272571884 -0.016399569409784945 0.0025110774719221125 -0.008294732974676762 0.045573026851118463 0.001369958750848665 0.00013961051916136128 0.0038257134281492401 0.03383736376062723 -0.0025963591264270536 0.024278487500467114 0.015831950548022049 -0.0054035074357086993 0.021442101572313587 -0.021024281497051992 0.015114228826036285 -0.0095251155573802988 -0.00037672134761288813 0.007601973672842835 0.00046997170592865187 0.0035157907746815303 -0.0054271079783015279 0.01379910653478314 0.0065254174901473805 -0.0020038628668605611 -0.0018556271211417343 0.030489447936343974 0.0097035325421384565 -0.0018384303854146657 -0.006872723144692271
leaf_weight=52.356561716878787 193.26713803329039 144.31754777673632 36.85251214762684 349.39706932753325 5353.2554938998073 241.56824528460857 473.65830121457111 113.92826204141602 374.89645910472609 64.976401713211089 41.805362002458423 149.85693922254723 7427.9308971719583 4158.53884599905 1798.8566019627033 43.142457214649767 322.27049285522662 110.04147479042877 231.82862227852456 29.0673085632734 34.681920793838799 108.63066551089287 47.121275698766112 61.43079786375165 1679.0072468320141 454.95769508183002 583.89389710617252 20.641427262453362 432.0492468138691 3150.1351357201347 38.910482556791976 29.217231289716437 26.174344774335623 13.674125431571154 12.022403190028852 11.214916976052335 32.178000021260232 2178.7225948475534 80.315282792318612 201.22112490131985 46.371164415497333 29.780300713027827 102.50564772461075 41.780913870315999 1584.150600049179 54.834905798081309 41.755739034968428 63.94782568665687 219.77351571334293 27138.985053512792 666.5579383186996 1246.8416312809568 623.79605565720703 120.47657624923158 41.56100167799741 296.59887086041272 594.62992225738708 144.98056168691255 65.384675466571935 331.30334497406147 5500.1748447630089 386.19681378954556
leaf_count=385 2134 2047 512 2103 101654 2192 5131 899 2757 573 299 3074 72347 51264 17550 483 5469 1515 3086 196 256 1598 282 372 13889 8185 7406 292 5764 60644 385 1087 368 435 394 309 914 17991 826 1867 430 238 933 343 22869 691 614 899 2183 303597 9883 17574 7732 1434 257 4854 5034 1571 747 3175 47336 4493
internal_value=4.13554e-05 0.000664128 0.000787716 0.00243777 0.000380792 0.00882721 -0.00538458 0.00173484 0.00633126 0.0135222 0.00499008 -0.000421588 0.000678473 -0.00162623 -0.00186686 -0.00083362 -0.00102612 0.00505509 -0.00163 0.0215091 0.0137095 0.000971698 0.00200505 -0.00854628 0.00127138 0.00150833 0.00445404 0.009958 0.00180129 0.000972977 0.0068017 -0.000993836 0.011627 0.0116881 0.0168879 0.0265257 0.0353058 0.00270602 0.00685325 0.0108748 0.0161757 0.0116345 0.0183542 -0.00108296 -0.000452698 -0.000476855 -0.00165718 -0.000946133 -0.00081763 -0.000123733 0.00217838 0.000601486 0.00511051 -0.000967992 -0.00487179 -0.000694811 0.00257452 0.00667027 0.00938597 0.0134665 -0.00140523 -0.00128218
internal_weight=70250.4 31076.1 30458.1 6020.48 24437.6 590.965 617.976 5429.51 767.908 284.459 141.464 14279.3 7464.78 6814.54 6664.68 4865.82 4822.68 432.312 4390.37 142.996 99.6583 4661.6 483.449 108.552 4552.97 10158.3 1556.63 501.773 1054.85 8601.7 470.96 3248.44 481.132 98.3067 84.6326 55.4153 44.2004 2873.96 695.242 460.194 258.972 212.601 132.286 235.048 39174.3 39121.9 9004.74 7379.03 7337.27 30117.2 2978.23 2311.67 678.631 7273.32 1625.71 7053.55 1256.78 662.145 541.669 396.688 5796.77 1633.04
internal_count=835821 400493 393315 50178 343137 4295 7178 45883 5634 2223 1128 155300 72859 82441 79367 61817 61334 6984 54350 1095 829 40249 3411 654 38651 187837 22400 8845 13555 165437 6149 63783 8553 3139 2704 1617 1308 24762 6771 4294 2427 1997 1171 2477 435328 434943 90973 67847 67233 343970 40373 30490 8423 66334 23126 64151 11961 6927 5493 3922 52190 22067
is_linear=0
shrinkage=0.04


Tree=41
num_leaves=63
num_cat=0
split_feature=27 18 27 18 27 14 32 13 64 41 43 43 25 32 44 45 10 13 42 40 26 30 50 27 9 45 45 23 50 49 32 34 64 49 44 19 56 44 45 56 23 39 30 65 38 38 37 12 13 13 61 56 12 5 57 10 15 32 61 39 21 45
split_gain=20.1114 14.4741 13.2162 12.2715 25.094 13.6166 11.1579 12.2918 9.90462 10.5761 10.9172 12.3406 11.0955 13.9569 9.86244 10.0339 9.78997 9.70039 11.5952 11.3604 12.7869 13.6528 12.2665 11.6156 9.67118 9.89462 13.2014 11.7203 9.40343 11.0977 12.1412 14.408 10.9977 10.5127 9.29924 14.0259 13.093 15.8022 14.5855 11.3691 10.8929 10.5663 12.3944 10.364 9.89751 14.6856 13.5566 13.5868 9.78083 26.7388 9.77244 11.0871 9.61145 9.40153 9.35133 10.0537 9.31257 9.17321 9.13957 12.832 9.44344 9.05063
threshold=10.500000000000002 7.5000000000000009 14.500000000000002 1.5000000000000002 6.5000000000000009 0.14885114885114892 9.5000000000000018 0.14039408866995076 0.24621212121212124 1.1893137530140905 1.1690457038675783 1.0561554165219393 60.416666666666679 3.5000000000000004 6805.5000000000009 0.94039019053624018 0.58458211980409314 0.267948717948718 170.50000000000003 1.5000000000000002 75.500000000000014 7.5000000000000009 963.50000000000011 3.5000000000000004 1.7961093877505732 0.84656660138049322 0.46440931704847244 85.500000000000014 494.50000000000006 1.1625993756153379 1.5000000000000002 3.5000000000000004 0.69397993311036799 1.9224826394254786 485.50000000000006 3.7500000000000004 2.4000000000000026 153.50000000000003 0.88733251960902793 0.93095238095238042 53.500000000000007 1.0724570266666358 5.5000000000000009 -43.064583333333324 124.50000000000001 499.50000000000006 0.34777237877733985 37.500000000000007 0.77097902097902116 0.79705882352941193 0.15075757575757578 -5.8441295546558676 260.50000000000006 8.5000000000000018 0.54257246376811608 1.8520835961121007 0.95000000000000018 1.5000000000000002 0.95742753623188415 1.0689943004184974 -3.4999999999999996 0.95600837601257849
decision_type=10 8 10 10 10 8 10 10 10 2 2 2 8 10 2 2 2 8 2 2 8 2 2 10 2 2 2 10 2 2 10 2 8 2 2 10 10 2 2 10 8 2 2 10 2 2 2 8 8 8 2 8 10 2 8 2 10 10 2 2 8 2
left_child=3 8 -3 4 17 -6 16 -8 9 -2 11 -11 -12 -14 15 -9 -7 19 34 -1 22 -22 23 -21 25 26 27 -5 29 32 31 -31 -4 -30 35 36 39 58 40 48 41 -39 -43 -37 -41 46 -46 53 -19 -50 51 -51 54 -48 -52 61 -36 -58 60 -60 -38 -56
right_child=1 2 28 24 5 6 7 14 -10 10 12 -13 13 -15 -16 -17 -18 18 -20 20 21 -23 -24 -25 -26 -27 -28 -29 33 30 -32 -33 -34 -35 56 43 37 38 -40 44 -42 42 -44 -45 45 -47 47 -49 49 50 52 -53 -54 -55 55 -57 57 -59 59 -61 -62 -63
leaf_value=-0.007432508351648646 0.0048013853253116049 -0.0046198213761075128 -0.003454759479901559 -0.017754201810170268 -0.011225388003691552 -0.0089814335230867636 -0.015755846563575843 0.0080631125107822575 0.0065810853961389693 -0.0031645466415988429 0.012006918250355554 0.022731961484883902 0.0001349179578127431 -0.015280704166219823 -0.017197134990536964 -0.0035625069908124811 0.0065668132318494965 -6.492140355239728e-05 0.020550999933183826 -0.0062814104487912952 0.00053674428654189841 -0.0058992000461915578 0.00754971707628761 -0.0004710295947524614 0.0010574939966856655 -0.0028802219726512313 0.0012104935625405747 0.0051659661128329393 -0.011069652470074734 0.019887812964461807 0.012873429645949112 -0.0099337384105576895 0.014842919841464273 0.013232387846154938 -0.00029398008609142885 0.032502884825348202 0.0033122144841126028 -0.00098825340023257248 0.0034251945245024652 -0.0063927385244075775 -0.0052113767828392962 0.032705279866955012 -0.0036274501472517867 0.0057839931759228348 -0.013616483343733245 0.0042889212338531263 0.007148557984618849 0.037808306672719089 0.024592413049725585 0.020753783824319427 -0.009215908035088682 -0.013650082940776053 -0.01156326946410562 0.036871815464782694 0.0012550476633851066 0.038022993427201425 0.0055326116537823275 0.035535915603134877 -0.0063821053204869598 0.026002245465902653 -0.0083859948131727331 0.0072090177364946186
leaf_weight=458.29831337928772 755.13420759432483 683.09147345006932 328.6774207118433 108.43163400923368 86.863533734693192 63.033504613791592 67.438160220859572 288.45055305527057 1478.2415175264468 64.715760382357985 46.646034937351942 47.459441269747913 181.31995856761932 189.86563959019259 35.408448040019721 195.7441947539337 1783.5359632087639 3924.309167979809 39.292971934191883 1481.7490428464953 5776.4517488754936 575.30874736595433 148.71927169477567 875.5381764419144 1947.2923594454769 6169.9119017008343 1943.3728599034948 49.347210263251327 130.26339855429251 30.559688367764466 309.66933060216252 90.918145757983439 57.389773636939935 31.56496265437454 33072.075566755084 19.485819140565582 125.97587454703171 131.60611042426899 1208.8315460772719 89.015020197723061 784.40807339234743 34.137771673616953 22.899626221042126 614.19657971709967 17.329752493416891 597.42598642827943 104.08581039123237 47.767961756326258 85.753799294121563 12.978537531103937 81.426644325489178 98.091150625492446 64.302520891767927 16.380490473238751 887.07100244204048 9.1030750153586251 94.424230628588703 15.450820833328178 42.046079223509878 29.326136765768752 770.83051679981872 756.28750326822046
leaf_count=4225 5118 5656 2996 2665 672 769 632 2471 10772 411 261 291 1049 1150 268 1514 13559 62702 314 13396 44322 5622 1123 7511 16451 55509 23669 638 882 211 2232 665 1119 174 420716 1023 1902 2624 12773 1369 10604 551 319 11986 226 7990 1409 828 2407 348 1875 2255 2411 270 31353 126 4082 734 580 296 10442 13449
internal_value=-2.73081e-05 0.00258134 -0.000368185 -0.000202804 3.12608e-05 0.00392698 0.00448972 -0.00031292 0.0043529 0.00177434 -0.00254305 0.00829431 -0.00551623 -0.00784864 0.00182245 0.00337488 0.00601325 -0.000153965 9.53984e-05 -0.00132568 -0.0010057 -5.0371e-05 -0.00342217 -0.0041289 -0.00147654 -0.00207342 0.000296921 -0.0106472 0.00260664 0.0043523 0.0087247 -0.00194201 -0.000579769 -0.00607497 7.46837e-05 0.00110732 0.000737776 -0.0013922 0.000497289 0.00172603 -0.00313899 0.00539035 0.0190016 0.00685362 0.00597705 0.00741496 0.0171027 0.0205687 0.00109528 0.00337192 0.00235706 -0.00890913 0.00307572 0.0124985 0.0036503 0.00431019 -0.000254533 0.0111148 -0.00563102 0.00775549 -0.00673347 0.00400867
internal_weight=70276.7 4425.52 1662.13 65851.2 55632.9 2520.47 2433.61 587.041 2763.38 1285.14 530.007 112.175 417.832 371.186 519.603 484.195 1846.57 53112.4 43796.3 9316.07 8857.77 6351.76 2506.01 2357.29 10218.4 8271.06 2101.15 157.779 979.043 817.214 431.147 121.478 386.067 161.828 43757 10575.1 9941.39 3150.06 2181.88 6791.33 973.052 188.644 57.0374 633.682 872.005 782.99 185.564 168.234 5919.32 1995.01 1909.26 111.07 1798.19 120.466 1733.89 1652.46 33182 109.875 968.179 71.3722 896.806 1643.36
internal_count=835967 32987 13935 802980 704048 19885 19213 4885 19052 8280 3162 702 2460 2199 4253 3985 14328 684163 607964 76199 71974 49944 22030 20907 98932 82481 26972 3303 8279 7223 3108 876 4115 1056 607650 182118 169109 40091 26871 129018 14098 3494 870 13009 12092 10723 2733 2507 116926 54224 51817 2603 49214 1679 46803 44928 425532 4816 13220 876 12344 44802
is_linear=0
shrinkage=0.04


Tree=42
num_leaves=63
num_cat=0
split_feature=27 68 13 64 39 17 67 38 41 27 21 27 31 52 66 12 57 1 8 49 44 12 53 21 62 2 44 37 23 64 15 37 36 64 49 38 55 10 66 36 15 66 63 45 12 39 44 4 28 15 13 44 10 55 45 26 29 66 35 10 47 12
split_gain=18.84 14.6108 13.4374 13.2988 11.9841 13.6109 11.2931 11.0724 17.7848 10.4215 11.7821 14.0046 10.6745 11.2712 10.4076 13.7394 12.9796 11.0025 13.369 10.7037 10.3684 11.5075 10.2359 10.1248 10.1094 10.0794 10.8097 10.1637 10.0367 9.84823 12.2119 11.547 13.6432 11.756 9.80678 9.70112 11.4997 9.46573 10.5335 9.40234 12.2053 14.053 13.9201 11.6803 9.78844 9.36105 9.11597 9.07426 9.98616 10.8416 10.0608 10.3907 11.3018 10.2094 9.07075 10.4163 9.04399 9.0326 9.00994 8.95179 15.6379 9.4284
threshold=8.5000000000000018 8962.2650000000012 0.267948717948718 0.24621212121212124 0.72999548415946991 66.500000000000014 0.85504201680672276 6779.5000000000009 1.4422219246872117 5.5000000000000009 6.5000000000000009 -15.499999999999998 0.78359969683664132 2.5000000000000004 0.29238505747126442 6.5000000000000009 0.6984848484848486 4.5000000000000009 38.500000000000007 1.7568340115007921 7364.5000000000009 326.50000000000006 1.6551933208820009 -8.4999999999999982 0.45338603232048874 23.750000000000004 3313.5000000000005 0.52337825760489165 96.500000000000014 0.81980519480519487 0.46571428571428575 0.89664439424452935 24.500000000000004 0.48074074074074075 1.092800291159066 4576.5000000000009 1.558447624273221 1.0973715367613035 0.1079192546583851 1.5000000000000002 0.26563107031857036 0.14434523809523811 -0.028015602994859608 1.0894741980322498 25.500000000000004 0.87157466111105997 5115.5000000000009 10.500000000000002 3.5000000000000004 0.41053841991341994 0.17752100840336138 261.50000000000006 0.92505749289932326 1.0834397995994698 1.2220703189734545 108.50000000000001 2.8129485645933019 0.3585714285714286 0.64285905422246092 0.96935025301605726 0.88889486486483149 83.500000000000014
decision_type=10 2 8 10 2 10 10 2 2 8 10 10 2 2 10 10 10 8 2 2 2 10 2 10 2 2 2 2 10 10 10 2 2 10 2 2 2 2 10 2 10 8 2 2 10 2 2 2 2 10 10 2 2 2 2 10 2 10 2 2 2 10
left_child=2 4 6 59 37 46 9 -8 34 10 11 -1 28 -14 17 -16 -17 54 25 22 21 29 35 -22 -7 26 27 -19 -12 30 39 32 -32 -34 -9 36 -18 38 -2 40 41 42 -11 44 -43 -42 56 48 50 -50 51 -41 53 -53 -5 -56 -6 -31 -59 60 -3 -61
right_child=1 3 -4 14 5 24 7 8 -10 20 12 -13 13 -15 15 16 19 18 -20 -21 23 -23 -24 -25 -26 -27 -28 -29 -30 57 31 -33 33 -35 -36 -37 -38 -39 -40 47 45 43 -44 -45 -46 -47 -48 -49 49 -51 -52 52 -54 -55 55 -57 -58 58 -60 61 -62 -63
leaf_value=0.014683840216908536 0.036900736880348707 -0.0090762215023770208 0.00017257020257788796 0.010930442952818436 0.0020243372247325765 0.0071702447227688457 0.00073717173874352003 0.007723001703810373 -0.0092933098224472575 -0.0080473097985147117 -0.0056622111594292661 -0.0023735996732308327 -0.013382417111619409 -0.0033477847698361908 0.020885515603565791 -0.0061604101381872549 0.0018039559782908863 -0.0084340750964525986 -0.023415345928508472 0.015422602482562232 0.013017195788944277 0.012831692279299978 -0.015454111636549051 -0.0093344423911145089 -0.0039674042582163258 -0.013458900885032111 -0.0084757725124149051 0.0088353391509914721 0.010153744601845807 0.016201367387683917 -0.0022313608677843621 -0.0078101645142921944 0.0022168163044786258 0.038336966367366491 0.039824712848405053 -0.01328228403272917 0.021509867707431515 0.0038957933331510769 0.012048288965307033 0.01046365461487875 -0.026889635342384026 -0.0052122713831933122 0.015683656429503878 -0.0057895044863507886 0.01035795935876542 -0.0067591128958814084 -0.010449591213678049 -0.0015604185423535584 -0.0005994167454671783 -0.018997653163695581 0.0062407197472590381 0.031256810596141139 -0.00086456474816595363 -0.00077037637144323481 -0.0047403619158280777 0.0086459131822969916 -0.015061163580250248 0.023712091659797291 -0.0042410793354595386 -0.0036712871651631757 0.013678874632525699 0.0063890783488052714
leaf_weight=73.424034530296922 30.349115603370592 69.364935112884268 47017.136087567545 508.32657026243396 1035.8377002462512 1177.4894977892982 2430.1829184553353 30.67163305147551 31.392935135401785 52.568113974295557 174.76379403565079 4518.9512927035103 438.2430609932635 307.71915546129458 41.241169082466513 489.41197182936594 350.11810050904751 59.729185991105624 30.301822890760377 83.811994442832656 31.525806189980358 99.427599633811042 53.120962438522838 330.84876378637273 143.35378197580576 56.155227620620281 91.302558530122042 369.91062071023043 94.860051737516187 100.61919273203239 456.61984670627862 693.24204185715644 33.910516091622412 20.960237497929484 32.437104656826705 50.950703801703639 50.021202096249908 179.8139304589713 171.82467404066119 162.24269868060946 46.021236286265776 105.1992434442509 128.37512812251225 733.32051850145217 153.06870489544235 154.74489430955146 113.89717889158055 1582.3002682274673 226.4911897610873 61.364552536979318 960.13633452146314 29.189440496265888 1339.7077567637898 29.371228454634547 164.72736423276365 201.7032683333382 47.077312920242548 17.031628190074116 108.48795618384611 1657.5917171133915 135.73782981175464 159.18515759170987
leaf_count=711 264 620 647284 3817 7312 7150 20579 280 227 308 1621 41055 3953 2413 329 4918 3737 627 335 722 292 1070 460 2465 716 475 677 3169 830 837 3805 6015 323 214 251 499 462 1272 1589 1160 420 823 641 4674 1367 1079 695 15088 1593 451 6198 211 8807 193 1067 1276 263 207 1293 11877 1056 1598
internal_value=6.01199e-05 0.00195116 -0.000166508 0.000553587 0.00417443 0.00315953 -0.00117594 0.00127421 0.0143536 -0.00164258 -0.00295191 -0.00208521 -0.00684164 -0.00929285 0.00244318 -0.000469479 -0.00137959 0.00463573 0.000490867 0.00261789 -0.000682298 -0.000351825 0.000358899 -0.0072392 0.00595105 0.00193646 0.00370819 0.00636511 -1.42271e-05 -0.000542793 -0.000811659 -0.00446539 9.96219e-05 0.0180638 0.0259352 0.00237007 0.00450244 0.0107364 0.0165795 -4.47981e-05 -0.00292735 -0.00134441 0.00875827 -0.00322262 0.00403726 -0.0119149 6.67614e-05 0.000859074 0.00222256 -0.00477891 0.00303 0.00104091 -8.58088e-05 0.0163965 0.00749463 0.00264536 0.00121578 0.00758107 0.00031493 -0.00187711 0.00595034 -0.00277469
internal_weight=70328.9 7522.36 62806.6 4622.71 2899.64 2517.66 15789.4 2524.68 94.5017 13264.7 5607.96 4592.38 1015.59 745.962 2600.83 1118.68 1077.43 1482.16 607.399 588.023 7656.77 7294.4 504.211 362.375 1320.84 577.098 520.942 429.64 269.624 7194.97 6968.83 1204.73 511.491 54.8708 63.1087 451.09 400.139 381.988 202.174 5764.1 1373.3 1172.53 180.943 991.588 258.268 200.766 1196.81 4390.8 2808.5 287.856 2520.65 1560.51 1398.27 58.5607 874.757 366.431 1082.92 226.139 125.52 2021.88 205.103 1816.78
internal_count=835720 56982 778738 37721 19261 16136 131454 21337 758 110117 50583 41766 8817 6366 22570 11127 10798 11443 5283 5880 59534 56777 5158 2757 7866 4948 4473 3796 2451 55707 53370 10357 4342 537 531 4698 4199 3125 1853 43013 9312 7813 949 6864 2190 1499 8270 33701 18613 2044 16569 10371 9211 404 6160 2343 7575 2337 1500 15151 1676 13475
is_linear=0
shrinkage=0.04


Tree=43
num_leaves=63
num_cat=0
split_feature=27 18 1 27 56 66 65 18 40 27 26 7 25 10 65 25 60 42 29 1 42 26 51 25 52 44 26 31 37 50 35 39 38 14 6 61 64 12 27 60 2 12 12 43 48 31 52 39 2 10 19 47 62 41 29 61 51 60 66 46 10 35
split_gain=17.9663 16.4132 18.1561 14.4867 15.3662 15.8252 12.9954 16.2304 12.3852 11.8245 14.786 18.8638 19.3865 15.6423 15.8262 15.4018 15.0304 12.2662 11.5128 11.6379 11.5082 13.8092 15.5657 12.6757 11.8242 11.2473 11.0496 10.9027 17.808 11.4576 10.9406 10.5607 12.4769 11.0019 13.4591 11.4475 12.5188 13.0352 10.5484 12.1725 11.7862 10.533 15.5241 10.4465 10.4089 10.3569 13.7499 10.5072 9.99426 9.94295 9.89576 10.1045 9.87896 9.81 9.56635 9.55049 11.7109 10.4404 9.52895 9.42544 9.36949 10.273
threshold=7.5000000000000009 2.5000000000000004 5.5000000000000009 13.500000000000002 6.0172413793103425 0.22821969696969699 -9.4000000000000004 7.5000000000000009 39.500000000000007 -11.499999999999998 126.50000000000001 132.50000000000003 120.16666666666667 0.74165170436567851 13.547727272727274 133.16666666666671 -0.17579068237868825 42.500000000000007 2.2912110030191215 4.5000000000000009 32.500000000000007 74.500000000000014 1.0631412957888529 76.833333333333357 13.500000000000002 7364.5000000000009 129.50000000000003 2.0068917728341114 2.1935521270680454 220.50000000000003 2.2557580620154618 1.1092553533313023 3632.5000000000005 0.34814814814814826 121.50000000000001 0.41277890466531447 0.6984848484848486 46.500000000000007 -29.499999999999996 0.22854560150479322 20.750000000000004 216.50000000000003 196.50000000000003 0.32552707048810686 47.500000000000007 1.1162268593207476 10.500000000000002 1.1888350139179511 27.250000000000004 1.0408677653207679 1.2500000000000002 1.0133960456246187 -0.17241953224900583 1.0179607099641477 0.80024642396473078 0.15504807692307696 0.98791527859528327 0.096577627216455311 0.072478991596638662 45.500000000000007 1.4250268260277423 0.87499812535082733
decision_type=10 8 8 10 8 10 10 8 2 10 10 10 10 2 10 10 2 2 2 8 2 10 2 10 2 2 10 2 2 2 2 2 2 10 2 2 10 10 8 2 2 10 10 2 2 2 2 2 2 2 10 2 2 2 2 2 2 2 10 2 2 2
left_child=9 2 26 6 5 -5 -3 58 -6 10 13 12 16 14 43 -13 -12 50 19 -17 24 60 23 27 48 -4 -2 29 -29 30 31 33 -33 -23 -35 -36 49 53 52 -40 -41 42 -24 54 -14 59 47 -47 -15 -37 -16 -52 -18 -38 -1 56 -25 -57 -8 -43 -22 -62
right_child=1 3 25 4 8 -7 7 -9 -10 -11 11 15 44 20 17 18 38 -19 -20 -21 21 22 41 55 -26 -27 -28 28 -30 -31 -32 32 -34 34 35 36 37 -39 39 40 -42 45 -44 -45 -46 46 -48 -49 -50 -51 51 -53 -54 -55 -56 57 -58 -59 -60 -61 61 -63
leaf_value=0.033126331149196921 0.0060520098714410189 0.016644247646276485 0.0013554966813977421 0.011726838260709319 0.00041179801445891882 0.0021863960308650832 0.011255941538095044 -0.0054180984944689507 -0.020503669382499663 -0.00074491747346231124 0.00046958562100486435 -0.0062239564759889853 -0.0038973854640286299 -0.0014326806014864581 -0.0010669669179170793 0.017952695478848629 0.032104179246490581 0.016681637379196874 -0.013130100566894192 -0.003654860130357348 -0.00041416067868838116 0.036260308431892291 0.00065349335270432061 0.0032276571756423571 -0.015273266463193434 -0.021355376181736982 0.016927194487523764 -0.013300019536652765 0.024173839531635561 -0.00030523713608236503 -0.014815291812833281 -0.00017343424021505429 0.021355915977437915 -0.014147747077867296 0.0027406920584448131 -0.0065170697278240184 0.025327330382871806 0.0038698475297819614 0.037740989522283989 0.025176413017693737 -0.0038901416969658559 -0.014625675104984082 0.017107099421566768 0.0011173034594579518 0.0087207555563453883 -0.0054336299512993949 -0.015699673282506175 0.026565890604741155 0.021632682383035066 0.020456586621930905 0.027257011720122779 -0.0028458286995862309 0.0030802893981609603 0.065320856730993526 0.0062997871283032589 0.0034903908742870992 0.0285401261735777 -0.0056870314971499292 4.361472169772386e-05 0.0078265299531965725 -0.0097521120567655405 0.0010960808511418453
leaf_weight=24.222465025843121 1216.4481636296259 65.264862710493617 1139.9181127822958 509.96065484685823 614.41792805411387 611.25438930618111 119.89435925334692 940.74445648491383 43.889720097184181 34820.552736123034 84.379856345010921 348.65414712624624 201.226593742962 7746.099768390588 200.10246641258709 123.28180277801584 19.244917486794293 195.96050649171229 32.68402143754065 55.727532610762864 5035.4754236267763 48.764075746410526 3984.8019918327918 84.977146219811402 93.806938532507047 30.991079004947096 168.35503982100636 71.555042426451109 22.684090915950947 118.02606294339057 17.16185930755455 129.48832849483006 59.47422983055003 19.148735761176795 60.282469838857651 27.92708080552984 34.704370809951797 17.46236897923518 75.110501652117819 56.816323846811429 33.066582506056875 186.61755679349881 88.929719660896808 4147.2409600618412 208.09296588855796 23.919834358152002 31.324829291552305 38.826887044124305 25.191402413649485 70.769007711205631 42.029013378545642 27.344637182541192 88.90683150687255 20.38363885768922 91.111958991736174 638.54119530774187 40.836016212706454 281.74230331042781 4187.1185027182801 32.179568816209212 369.91002390463836 221.11729394714348
leaf_count=760 8688 847 9742 3137 4730 5109 1021 8008 255 377209 1263 4362 1840 120706 2511 1372 340 1638 274 568 70187 417 35272 908 900 216 1129 1021 328 1551 245 1554 680 410 1083 416 764 428 828 499 297 1696 759 100504 1589 295 270 346 480 830 611 272 1014 449 2986 8451 429 3284 31269 272 2987 2146
internal_value=-9.03183e-06 0.00159354 0.00433862 0.000602026 0.00372026 0.00655846 -0.0004449 -0.000673074 -0.00112669 -0.000264638 0.000386172 0.00448959 0.00854558 0.000161826 0.0022261 -0.0010876 0.0152852 0.00919005 0.00732029 0.0113095 -0.000335501 0.000455711 0.00176509 0.0049327 -0.00151978 0.000666148 0.00743028 0.00900834 -0.00351628 0.010914 0.0135105 0.0146459 0.00697857 0.0192903 0.0153446 0.0180313 0.0231834 0.0354687 0.0197713 0.0260697 0.0148418 0.000487179 0.00103321 0.00145582 0.00254535 -0.00652684 0.00440967 0.0148666 -0.00134405 0.0128779 0.0035376 0.0159979 0.00943532 0.0443298 0.0130762 0.00210645 0.0122203 0.000665199 0.000368422 -0.0112224 -0.000975919 -0.0057184
internal_weight=70166.1 9648.26 2555.71 7092.54 1779.52 1121.22 5313.02 5247.76 658.308 60517.9 25697.3 1327.19 766.845 24370.1 4728.01 560.348 357.525 465.437 211.693 179.009 19642.1 11777 6150.53 1763.93 7865.1 1170.91 1384.8 717.831 94.2391 623.592 505.566 488.404 188.963 299.442 250.678 231.529 171.246 72.5504 273.145 164.993 89.8829 4386.6 4073.73 4262.58 409.32 312.869 94.0716 62.7467 7771.29 98.6961 269.476 69.3737 108.152 55.088 115.334 1046.1 125.813 920.283 4307.01 218.797 5626.5 591.027
internal_count=834452 74151 19775 54376 13231 8246 41145 40298 4985 760301 383092 14246 7670 368846 109282 6576 4241 5032 2214 1940 259564 137478 62158 23248 122086 9958 9817 10176 1349 8827 7276 7031 2234 4797 4380 3970 2887 1641 2978 1624 796 38910 36031 104250 3429 2879 911 641 121186 1246 3394 883 1354 1213 3746 13072 1337 11735 32290 1968 75320 5133
is_linear=0
shrinkage=0.04


Tree=44
num_leaves=63
num_cat=0
split_feature=27 35 26 42 12 27 55 24 25 12 1 43 35 38 15 55 59 34 67 43 7 46 62 24 44 37 21 35 59 38 7 12 7 65 67 18 12 51 31 46 8 18 17 27 17 62 6 21 29 32 35 8 50 38 39 10 19 58 34 19 7 15
split_gain=12.4486 14.1989 15.7063 14.4506 14.5082 12.7542 12.4822 12.5678 12.4486 11.7728 13.5377 11.7201 14.4547 12.8132 12.2954 12.8127 12.2898 11.5291 26.7087 12.6784 11.5067 11.2572 11.2886 13.3117 10.9263 10.7529 10.6423 10.458 10.429 10.3047 10.273 12.1523 12.0205 12.2166 10.2028 13.0975 12.4761 11.9136 10.5088 10.0811 9.97435 9.94336 14.912 13.1995 15.0153 12.8305 11.3453 14.0085 11.5585 11.0747 10.8799 10.2962 10.0703 10.0562 9.73773 9.73756 14.8878 13.979 12.1858 11.9559 17.2564 12.8504
threshold=10.500000000000002 0.62500358257077948 74.500000000000014 50.500000000000007 285.50000000000006 4.5000000000000009 0.50749670694665128 59.500000000000007 73.166666666666671 227.50000000000003 5.5000000000000009 0.59365412313760713 0.59322912821378238 288.50000000000006 0.72802614052614067 0.6490435272143863 -1.4522727272727269 2.5000000000000004 0.85960591133004927 1.4399650099589203 71.500000000000014 9.5000000000000018 0.38749884459118195 60.500000000000007 331.50000000000006 0.32629276504908783 -26.499999999999996 0.278402914951355 -2.5669642857142851 2588.5000000000005 94.500000000000014 144.50000000000003 68.500000000000014 -7.6999999999999948 0.16397849462365593 -1.0000000180025095e-35 39.500000000000007 0.99156368449475274 0.66667411266087084 41.500000000000007 6.5000000000000009 6.5000000000000009 90.500000000000014 16.500000000000004 83.500000000000014 0.36880979542449854 123.50000000000001 -16.499999999999996 0.67329625661958536 7.5000000000000009 0.77112017116807363 24.500000000000004 529.50000000000011 288.50000000000006 1.2351396849776337 0.94983221821152852 -1.2499999999999998 9.0185185185185208 34.500000000000007 1.0000000180025095e-35 111.50000000000001 0.48393505684426413
decision_type=10 2 8 2 10 10 2 8 8 10 8 2 2 2 8 2 2 2 10 2 10 2 2 8 2 2 10 2 2 2 10 10 10 10 10 10 10 2 2 2 2 8 10 10 10 2 2 10 2 10 2 2 2 2 2 2 10 2 2 10 10 10
left_child=1 5 3 6 20 11 -3 -8 17 10 27 12 30 -14 21 -16 -15 18 34 24 28 22 23 26 -20 -24 -13 -7 -5 -18 31 -1 -33 -34 35 39 37 -36 -39 -4 -6 42 46 50 52 51 53 -48 -49 -46 -43 -44 -45 -2 -40 56 -10 58 -57 -60 61 -61
right_child=41 2 8 4 40 9 7 -9 55 -11 -12 14 13 16 15 -17 29 -19 19 -21 -22 -23 25 -25 -26 -27 -28 -29 -30 -31 -32 32 33 -35 36 -37 -38 38 54 -41 -42 43 45 44 49 -47 47 48 -50 -51 -52 -53 -54 -55 -56 57 -58 -59 59 60 -62 -63
leaf_value=-0.002853062401189722 0.028049589042680005 0.0075876755696426155 -0.0064300654334411367 0.016087896581140296 0.024486768246987381 -0.0029329738528083862 -0.00025002581314258058 -0.0059028686195827587 -0.0072283012672109013 -0.016705624062704018 0.0010427158801600629 0.031897907785412495 0.029631239213655514 0.029405525729848465 0.023636393015638243 0.0042978615856477274 -0.0070928268271903596 0.00088412940370365676 -0.0044342453768168475 0.0018439366566789606 -0.009092620951999723 -0.00061532365203704152 -0.014461109042017955 -0.0024475413311719325 0.025578794149162937 0.012490347596897189 0.0027621728689111048 0.0087354926230513025 -0.0027875128679286645 0.017487804374036915 -0.0093181608200126869 -0.0038052742659746785 -0.0021925316096909784 0.034722033546799029 0.01829897715711545 -0.030798683784076217 -0.0034224267394303422 -0.013097134413045363 0.0011570412531601872 0.024448888289090549 -0.010906350327753585 0.010048514529599466 0.013139887159377082 0.0017347393408439177 0.012632459409379942 -0.0031817855248494425 -0.015328258739582292 0.015503971405703889 0.00052022450483062133 -0.008648232571402785 -0.0031172733602201318 -0.0021874824155506136 -0.015458355288749826 0.0054938439390146412 0.015668913138128248 0.00015631296506245056 -0.00085981136986269563 -0.0031339328514762479 0.0016288352471816501 0.010130498825971763 -9.2091475606966879e-05 0.034296405527401166
leaf_weight=1370.6889660722809 38.95066328952089 295.81755037605762 93.36656758771278 42.329516928410158 45.27393922698684 137.90924283082131 7860.673354550614 679.09584724059096 728.08185558539117 39.082879258086905 1097.1271953288233 15.247969467774963 31.14001559605822 19.330773231806234 54.235687712905928 813.65995639306493 110.62105093046557 3245.5810322395992 20.399100114358589 67.072736653266475 474.85740649397485 5000.0603671645513 21.986338527873158 957.88239284651354 163.95344104594551 246.26748088037129 2955.197725898819 982.43211325525772 5582.46766634495 30.741783346282318 361.9471588084707 48.132574622984976 20.828100582701154 37.380733087542467 122.17405878810678 25.728252749890089 234.36484447459225 45.415169802727178 198.51397993974388 15.43935654836241 13.810599407646803 103.9525272208266 519.15248010470532 364.10261204489507 327.03347415430471 118.38310566497967 78.741899168817326 83.529717001947574 1190.484768037335 40.812396897468716 1299.6515789324185 79.442236094502732 58.9664054766763 125.66547311085742 113.77795918099582 25718.331304801628 2963.028884208994 2033.2944469340146 496.40850861335639 89.010544087970629 107.72107046376914 61.001026755548082
leaf_count=24873 351 4498 1725 397 711 1225 116617 12252 10409 572 10195 397 554 384 1293 22526 2020 42629 269 538 5738 54811 207 12147 1699 2299 47883 8124 65060 522 4983 1290 591 654 1408 280 2538 412 1834 150 281 1133 3580 3980 2042 688 918 643 7618 260 9511 657 416 1115 845 265519 40420 19263 6699 1193 1469 1016
internal_value=7.95353e-05 -5.85172e-05 -0.000368396 -0.00145828 -0.0029448 0.00105398 -0.00042104 -0.00070274 7.89473e-05 0.00381125 0.00420963 0.000538218 -0.00223015 0.00808448 0.00109765 0.00563481 0.00314088 0.00208719 0.00561612 0.0169324 -0.00314135 0.00066664 0.00219296 0.00164384 0.0222284 0.0100572 0.00296508 0.0072925 -0.0026313 -0.00133254 -0.00332513 -0.00183005 0.010892 0.0223848 0.00218449 -0.00773412 0.00409352 0.00776161 0.00395995 -0.00116676 0.0160084 0.00213111 0.00400631 0.000217111 0.00433424 0.00873989 0.00174827 0.000523559 0.00155939 0.0101871 -0.00210999 0.0111045 -0.000814165 0.0115004 0.00660778 -0.000192398 -0.00212409 5.80593e-05 0.000303775 0.00529849 0.012201 0.0207467
internal_weight=70317.8 65888.9 51537 14994.3 6158.74 14351.9 8835.59 8539.77 36542.7 2256.55 2217.47 12095.3 2030.81 191.834 10064.5 867.896 160.694 4345.79 1100.21 251.425 6099.65 9196.64 4196.58 3928.33 184.353 268.254 2970.45 1120.34 5624.8 141.363 1838.98 1477.03 106.341 58.2088 848.78 134.534 714.246 479.881 357.707 108.806 59.0845 4428.87 2234.35 2194.52 790.915 716.978 1517.37 1352.76 1274.01 367.846 1403.6 598.595 423.069 164.616 312.292 32196.9 3691.11 28505.8 26472.5 754.141 257.733 150.012
internal_count=836331 803419 605869 205554 72187 197550 133367 128869 400315 20116 19544 177434 35871 3480 141563 23819 2926 54327 11698 2506 71195 117744 62933 60427 1968 2506 48280 9349 65457 2542 32391 27408 2535 1245 9192 2155 7037 4499 3091 1875 992 32912 15570 17342 6698 4925 10645 9179 8261 2302 10644 4237 4396 1466 2679 345988 50829 295159 275896 10377 3678 2209
is_linear=0
shrinkage=0.04


Tree=45
num_leaves=63
num_cat=0
split_feature=66 48 57 57 18 41 7 26 9 44 36 66 59 44 58 9 26 66 17 15 58 61 7 39 47 7 9 43 41 65 56 39 65 19 9 15 2 45 64 41 7 3 54 20 14 7 44 38 31 39 51 19 17 65 64 60 2 59 34 7 59 65
split_gain=13.718 17.3062 13.887 13.4355 13.0734 13.8955 13.3016 11.3959 10.626 11.2256 11.8716 10.5905 11.0357 12.5849 11.6782 14.4955 10.1951 17.9351 18.4248 16.9828 14.349 14.5293 14.1294 12.1352 13.3301 12.0371 12.7773 11.3263 11.1408 10.3719 11.5679 15.7982 11.7634 11.1534 10.7555 10.2803 12.9726 14.7156 16.0547 17.543 14.0405 15.6524 13.9226 11.312 10.2405 10.0968 10.0895 9.94909 9.94782 9.83282 15.4736 9.90099 9.76157 13.1164 18.8327 14.3874 14.3871 14.8667 14.359 10.3594 11.7483 13.1811
threshold=0.14434523809523811 1.0000000180025095e-35 0.14400921658986179 0.4649014778325124 -3.4999999999999996 0.83969531828709565 107.50000000000001 126.50000000000001 0.45917254293116344 331.50000000000006 21.500000000000004 0.88284313725490204 -0.88888888888888895 4296.5000000000009 6.2554347826087033 0.76642702531149343 116.50000000000001 0.26726190476190481 85.500000000000014 0.48577394827394837 -6.6282894736842044 0.54006410256410264 110.50000000000001 0.97914409301843264 1.3182258683053789 120.50000000000001 0.86667604637907025 2.2023327832295201 0.29669034967193803 -2.3257575757575704 -5.8441295546558676 0.88864171591417518 -1.7947368421052585 -4.7499999999999991 1.6650389631424136 0.65223333039509523 16.750000000000004 0.83396915148244222 0.67156862745098056 0.8447211375194551 99.500000000000014 4.7500000000000009 28.500000000000004 1.5000000000000002 0.2891965877259996 58.500000000000007 780.50000000000011 324.50000000000006 0.79028164439514259 0.84713815281578642 1.1737072782515046 -1.0000000180025095e-35 60.500000000000007 -16.976190476190471 0.84698996655518399 -0.2265715063148688 5.7500000000000009 0.75431034482758641 1.0000000180025095e-35 52.500000000000007 -1.0976190476190471 -26.857142857142854
decision_type=8 2 8 8 8 2 10 10 2 2 2 10 2 2 2 2 10 10 8 10 2 2 10 2 2 8 2 2 2 10 8 2 10 10 2 10 2 2 8 2 10 10 2 8 8 10 2 2 2 2 2 10 10 10 8 2 2 2 2 10 2 8
left_child=1 -1 -3 11 6 8 7 -4 46 10 45 -2 47 -14 15 -15 22 -18 19 -19 21 -20 27 24 25 26 -23 35 -22 -30 31 -31 34 -34 -32 -5 42 38 39 -38 43 -42 52 49 -24 -10 -6 -13 -25 -39 51 -51 53 54 56 -56 -37 59 -55 60 -58 -62
right_child=3 2 4 16 5 -7 -8 -9 9 -11 -12 12 13 14 -16 -17 17 18 20 -21 28 23 44 48 -26 -27 -28 -29 29 30 32 -33 33 -35 -36 36 37 40 -40 -41 41 -43 -44 -45 -46 -47 -48 -49 -50 50 -52 -53 -54 58 55 -57 57 -59 -60 -61 61 -63
leaf_value=-0.018024002254200724 -0.0012449903451069216 -0.0006657629698092266 -0.0036934194728335834 3.8056245964737223e-07 0.0042593125122426844 0.0018933975993579092 -0.018715974485691299 0.014817343235520999 0.0017055537282874289 0.0039525755479465552 -0.0087567382746780477 -0.016119192414222716 0.0025675150647722486 -0.0075116221866344934 -0.0041966455764725318 0.027239063991967842 0.0071278539122197225 0.0073401943660941016 -0.0022453901104700974 0.046778501420735974 0.026147508098120248 -0.0044735372385029133 -0.011268120813447541 0.018519439526457789 0.038434391087368021 -0.0019184741931988273 0.033043654384926957 -0.0050843136880823012 -0.0044482552423763221 -0.010300278404874586 0.0013451398115720686 0.017872928277017856 -0.015220452271186697 -2.0886899499324637e-05 0.03765203325588256 -0.0087995082168922326 0.036953148059166246 -0.0074112610047430963 -0.0042289313475705618 -0.0021620453353528852 0.035541327481663873 -0.0010967881814128767 -0.0078962224326410788 0.019847058211404423 -0.0022689169008959847 0.019047629305772064 0.035408352709291359 -0.00037258447328563786 -0.0023787562718442551 0.039614584744477752 -0.0033830887436323621 0.010635472366858498 -0.0010013493546092516 0.011596465313326195 0.020413375866757781 -0.0025133201714364352 -0.0070428109407602224 -0.0072492294690295256 0.00068332630680257602 0.050968367052921189 0.0022640894594120921 0.04028297547637074
leaf_weight=66.975904347724281 19063.13324058475 2791.9800686215749 318.28705258865375 29334.594452909718 32.270588637562469 3871.7184588959208 73.996409604558721 58.706963462289423 72.209016449050978 1434.9516381409485 35.322608987800777 72.86531698226463 946.69803362188395 21.457100188708864 37.710797762265429 95.078363686450757 881.48415791441221 65.684019251028076 186.62146590196062 20.113648997619748 19.89154831180349 18.645475134253502 256.56511099089403 46.904660331085324 39.304775208118372 55.449048498878255 46.978788045002148 637.15544434613548 875.28184562467504 39.023882593843155 28.245461871963926 120.14644599019084 75.016832229448482 2229.2233993213158 19.907849401934072 19.980201086145826 30.741599080618471 85.571528731845319 262.55163624830311 36.625111948582344 62.052975794649683 25.443182397633791 253.61700594704598 87.054855265480001 910.61793774366379 217.3438197504729 33.132483638823032 367.22558503469918 119.27081200503744 23.562676145345904 89.278024762868881 73.816828291281126 1339.8793474363629 212.6998299624538 52.107039579888806 184.27539402234834 16.530899565550499 16.994474078994244 1700.7929798432742 28.677801867714152 21.789782347623259 43.345347096095793
leaf_count=748 196859 21769 4342 355025 285 26665 851 572 568 10862 335 1423 16502 328 564 1411 5845 691 2122 287 209 240 2372 519 534 929 573 5613 11875 537 328 1317 738 19585 205 800 814 1957 10574 863 874 376 4163 2771 11591 1815 268 5950 1382 419 1346 1511 28205 4537 3609 12539 674 855 39975 858 1368 2176
internal_value=5.93019e-05 0.00151648 0.00167287 -0.000154918 0.00273459 0.00325404 -0.00379078 -0.000654635 0.0061272 0.00549925 0.0121674 -0.000987031 0.00219772 0.00433255 0.0147449 0.0207948 0.000266472 0.00197923 0.000838762 0.0186526 0.000425594 0.00662714 3.24547e-05 0.0116551 0.0193414 0.0118647 0.022822 0.000178589 -0.000516921 -0.00071184 0.000596555 0.0108623 -0.000119627 -0.000547608 0.0184852 0.000277942 0.00202055 0.00672337 0.000296525 0.0170074 0.0114134 0.0254039 0.00107431 0.00770435 -0.00428671 0.0148252 0.0214331 -0.00313152 0.00388861 0.00353337 0.00861329 0.0192397 0.00170981 0.00328989 0.00999173 0.00285869 0.0209676 0.0257943 0.00192347 0.0309771 0.0214214 0.0286326
internal_weight=70304.6 9006.9 8939.92 61297.7 6147.94 5696.95 450.99 376.994 1825.23 1759.83 324.875 20604.2 1541.04 1100.94 154.246 116.535 40693.5 4887.19 4005.71 85.7977 3919.91 513.175 35806.3 326.554 160.378 121.073 65.6243 34639.1 3406.74 3386.85 2511.56 159.17 2352.39 2304.24 48.1533 34002 4667.39 776.698 329.918 67.3667 446.78 87.4962 3890.69 359.284 1167.18 289.553 65.4031 440.091 166.175 272.229 186.658 97.3795 3637.07 2297.19 383.701 236.382 147.319 127.338 1913.49 110.344 81.666 65.1351
internal_count=835898 69080 68332 766818 46563 40798 5765 4914 14133 13580 2718 223037 26178 18805 2303 1739 543781 47916 42071 978 41093 6299 495865 4177 2276 1742 813 481902 34794 34585 22710 1854 20856 20323 533 476289 121264 21505 12251 1677 9254 1250 99759 8004 13963 2383 553 7373 1901 5233 3276 1930 95596 67391 22879 16148 6731 5931 44512 5076 4218 3544
is_linear=0
shrinkage=0.04


Tree=46
num_leaves=63
num_cat=0
split_feature=27 1 66 56 56 67 43 17 13 19 61 39 8 5 36 37 17 47 56 2 47 13 54 34 29 9 13 27 43 61 45 27 4 65 59 5 15 56 26 32 56 58 13 65 36 24 13 26 36 35 68 7 45 56 67 32 17 32 57 66 67 10
split_gain=14.9993 16.0055 15.7043 15.5911 15.2424 11.4522 11.4106 16.2258 11.0771 15.7169 14.1264 13.3387 14.5949 11.3851 10.9296 10.6567 10.5786 10.2118 11.9633 10.0766 9.46735 9.33102 9.252 8.70646 12.1645 8.68871 8.63893 11.0088 12.7645 11.0345 10.9108 10.9024 9.02121 8.9052 8.53106 8.51851 12.5999 8.43906 10.1893 11.3143 10.6506 8.81225 8.42726 8.42312 12.0946 8.21202 11.3119 9.74713 10.2552 9.76814 8.68772 14.3581 8.17713 9.9734 11.384 10.9148 11.9164 8.16109 8.15287 11.5953 13.4323 14.4979
threshold=10.500000000000002 6.5000000000000009 0.23606811145510839 6.0172413793103425 -2.0200000000000027 1.205263157894737 0.58335064551691673 68.500000000000014 0.12701612903225809 -1.7499999999999998 0.78416149068322993 0.88621251695954451 8.5000000000000018 4.5000000000000009 72.500000000000014 1.7871557479432927 49.500000000000007 0.90909355385287638 3.1715686274509811 8.2500000000000018 1.3568620400522666 0.072751322751322761 3.5000000000000004 11.500000000000002 0.64767735010881511 0.88694184905986739 0.267948717948718 4.5000000000000009 1.8609497268840589 0.16954022988505749 1.5673579827876982 9.5000000000000018 6.5000000000000009 10.333333333333341 -1.7958333333333332 5.5000000000000009 0.45486562049062057 11.018518518518521 149.50000000000003 9.5000000000000018 12.454545454545462 11.199999999999998 0.83666666666666678 21.45804195804196 4.5000000000000009 47.500000000000007 0.072751322751322761 149.50000000000003 10.500000000000002 1.7607533186628619 12695.570000000002 89.500000000000014 1.6450310843989804 6.8000000000000052 1.4198717948717952 10.500000000000002 61.500000000000007 3.5000000000000004 0.23145604395604399 0.09232954545454547 0.81365740740740755 1.389770582642514
decision_type=10 8 10 8 8 10 2 10 8 10 2 2 2 2 2 2 10 2 10 2 2 10 2 2 2 2 8 8 2 2 2 10 2 10 2 2 8 10 8 10 10 2 8 10 2 8 10 10 2 2 2 8 2 8 10 10 10 10 10 10 8 2
left_child=5 2 3 8 15 14 7 -7 11 13 35 12 -2 -10 26 16 -4 -14 -19 -6 -18 -21 -16 45 -25 -13 27 28 -1 33 34 37 -32 -30 -31 -11 57 -28 39 42 -40 -41 -39 -5 -45 46 -3 48 -47 -50 51 -48 53 54 55 -8 -57 -37 -29 60 -60 -62
right_child=1 23 4 43 19 6 52 -9 9 10 -12 25 17 -15 22 -17 20 18 -20 21 -22 -23 -24 24 -26 -27 31 58 29 30 32 -33 -34 -35 -36 36 -38 38 40 41 -42 -43 -44 44 -46 47 50 -49 49 -51 -52 -53 -54 -55 -56 56 -58 -59 59 -61 61 -63
leaf_value=-0.0030386569784418937 0.034135924038331628 0.022904002148483787 -0.012347119749024587 -0.00327234481889942 -0.010955107733879197 0.029586485744526922 0.0042607054203208693 -0.003135926912161551 -0.024241761963175221 0.0072672984805223018 0.032902511019071386 -0.015696462566318552 -0.0090382013267508061 0.007525600348332607 -0.0013222082621973115 -0.0012939447529708363 0.015677011010230796 0.0022454309861767571 0.031753677016586136 0.016769519914420918 0.0019562536404340897 -0.0017232757033195081 -0.015916403899164301 0.016005203912192834 -0.0073819426864750052 0.003737981374835146 0.00025532624888892472 -0.0014728613596628863 0.0065432926103391707 -0.017268499843204336 0.0030373185958142853 0.010486172634706557 0.027743862428191841 -0.017783358307141638 0.0053181043531582992 -0.00089863385103428951 0.038178242178140309 -0.0036203158379249272 0.026968143005714384 0.013532046433338765 0.0006143468411883812 -0.0036102760371666941 -0.012158966617870451 -0.0038039897289963071 0.011685865353741156 -0.0048380561035576558 -0.0053958539936142915 0.021052032275752218 0.024243117689227302 -0.0054181111369830462 -0.013388624382704627 0.026306913098471073 0.01618818347887039 -0.007929444337618767 -0.007500881447348182 0.0013495528128820509 0.037455901419760081 0.021091895791044687 0.00030572421487488975 0.00026962198745702039 0.026029356316087094 -0.00048315615700404837
leaf_weight=4608.7559471642016 42.616441421210766 54.448457383899949 29.007308164844289 314.3260180731304 181.96867742028553 58.549599981866777 348.26454449584708 37.777325672097504 22.291897671646439 193.62504712073132 69.050468412460759 35.294860349968076 37.417171114124358 48.774573612725362 153.8697365737753 235.72423321323004 246.6185687603429 52.550341135822237 33.850282821804285 41.925749467802234 120.60831338423304 622.10822014452424 123.2737404233776 33.857192655559629 462.01998527219985 428.12218348309398 45064.890257938183 5073.9660286605358 37.234207235276699 25.381651796400547 40.074951671995223 159.20581089193001 57.882447216659784 53.878542168997228 224.33193631400354 45.648605282884091 40.482112539932132 839.78992131236009 29.602209148928523 91.95139269286301 85.178524571936578 91.699330603354611 235.21244060469326 127.50018980354071 205.66890514199622 431.42811417009216 49.472571163671091 24.574722008779645 36.152174045797437 28.576857007108629 37.555155541049317 35.418273995514028 61.656185708940029 137.29718976927688 104.16392397438176 25.276578932767734 31.01295131794177 59.736669203732163 164.78416826669127 7705.6212193184183 91.388942444697022 49.907958684489131
leaf_count=43303 236 438 353 1891 1381 835 3594 435 239 1177 428 203 264 443 2570 1792 2081 317 205 345 838 4708 1763 360 4391 2551 626338 35904 261 179 211 1359 423 336 1825 269 277 7137 288 807 732 1104 2732 676 1129 3512 564 144 358 209 378 390 387 1448 871 329 356 356 1255 64502 727 391
internal_value=8.54818e-05 0.00233749 0.00379658 0.00634729 0.000753191 -6.62198e-05 0.00466361 0.017232 0.00921591 0.0137829 0.0167727 0.00565713 0.0151949 -0.00337754 -0.000125071 0.00543045 0.00939715 0.00760368 0.0149109 -0.00275207 0.0112575 -0.000439078 -0.00798075 -0.00161661 -0.0056413 0.00210606 -9.08234e-05 -0.00083146 -0.00241737 0.00406903 0.0073056 0.00019745 0.0182746 -0.00801878 0.00272842 0.0130621 0.0202584 0.000161052 -0.00292197 -0.00396968 0.00825307 0.00510382 -0.00553623 0.00139905 0.00578947 0.00126395 0.00858304 -0.00128035 -0.00258548 0.0116986 0.00156615 0.00855876 0.00284394 0.0014558 0.0040413 0.00706845 0.0226753 0.0119573 -0.000219037 0.000575458 0.00814682 0.0169683
internal_weight=70240.3 4428.42 3234.92 1756.96 1477.96 65811.9 803.998 96.3269 1109.46 479.609 408.543 629.851 166.434 71.0665 65007.9 631.958 396.234 123.818 86.4006 846.003 367.227 664.034 277.143 1193.5 495.877 463.417 64730.7 18133.2 5047.54 438.784 347.671 46597.5 97.9574 91.1127 249.714 339.492 145.867 46438.3 1373.43 1258.65 114.781 183.651 1075 647.495 333.169 697.626 176.894 520.732 496.157 64.729 122.446 84.8908 707.671 646.015 508.718 404.554 56.2895 105.385 13085.7 8011.7 306.081 141.297
internal_count=835305 32903 22159 10661 11498 802402 8255 1270 6965 3189 2507 3776 1022 682 794147 5064 3272 786 522 6434 2919 5053 4333 10744 4751 2754 789814 149317 46538 3235 2638 640497 634 597 2004 2079 902 639138 12800 11780 1020 1911 9869 3696 1805 5993 1770 4223 4079 567 1332 954 6985 6598 5150 4279 685 625 102779 66875 2373 1118
is_linear=0
shrinkage=0.04


Tree=47
num_leaves=63
num_cat=0
split_feature=66 13 30 56 45 12 65 33 56 66 57 31 15 29 42 34 51 31 42 53 62 50 15 41 65 33 65 42 57 37 37 8 7 44 56 63 29 45 44 36 66 60 43 40 60 33 57 26 33 14 24 50 22 21 34 43 62 26 23 4 42 34
split_gain=11.9 16.1171 13.5708 13.3852 15.1122 13.1496 12.3439 12.1752 11.2843 13.905 12.5006 12.9075 10.6725 11.6602 10.1007 16.8468 10.5378 10.2326 9.44055 9.69478 9.5767 11.1918 13.0339 13.2946 9.34671 21.77 9.6698 17.4255 11.1799 9.32974 11.1545 9.38594 10.7743 12.5171 9.42463 9.24824 9.65281 11.8055 9.92879 9.54294 10.615 10.1463 18.8526 9.21904 12.2659 12.4338 9.18881 9.1679 9.15896 9.0665 14.9322 11.9829 10.5656 8.94686 8.9303 9.75144 8.9226 8.86902 14.0041 9.16204 8.85204 9.08768
threshold=0.20185185185185187 0.3585714285714286 8.5000000000000018 7.2565789473684186 0.85286628725639313 266.50000000000006 6.8000000000000052 0.24593914861601457 2.3333333333333326 0.39379699248120309 0.70900537634408611 2.275877415730962 0.46390775890775898 2.3843315569681818 11.500000000000002 22.500000000000004 0.9952751555305871 1.521939006751831 43.500000000000007 1.6200699181796974 0.15744684998374744 1177.5000000000002 0.33637924575424583 1.6125998899143317 4.0172413793103425 1.0309304431772335 14.222222222222227 55.500000000000007 0.58477011494252884 2.1935521270680454 2.1406984988682343 7.5000000000000009 134.50000000000003 6033.5000000000009 1.170289855072465 -0.35041549845051734 1.226024267172968 1.8707723630458217 233.50000000000003 40.500000000000007 0.27888888888888896 0.44276710161442068 1.5705394012034168 40.500000000000007 -0.14574978693352217 0.92886839146759359 0.37715517241379315 115.50000000000001 3.5162666062801939 0.57917609351432897 102.50000000000001 6.5000000000000009 1.0000000180025095e-35 11.500000000000002 10.500000000000002 1.1581063319862828 -0.055282339661706807 101.50000000000001 111.50000000000001 6.5000000000000009 54.500000000000007 3.5000000000000004
decision_type=8 8 2 10 2 10 10 8 10 8 10 2 8 2 2 2 2 2 2 2 2 2 10 2 10 10 10 2 10 2 2 2 10 2 10 2 2 2 2 2 10 2 2 2 2 10 10 10 10 10 8 2 2 10 2 2 2 8 10 2 2 2
left_child=2 8 3 5 57 49 -4 -3 9 10 24 -12 -6 -14 15 -8 -17 -18 19 -11 -21 22 23 -22 25 -2 -26 46 -29 30 -9 56 48 34 -34 -10 -37 38 -38 40 47 42 -42 53 45 -45 -28 -40 -33 -1 51 -51 -53 -16 -36 -56 -31 60 -59 -60 61 -5
right_child=1 7 6 4 12 -7 14 29 35 18 11 -13 13 -15 43 16 17 -19 -20 20 21 -23 -24 -25 26 -27 27 28 -30 31 -32 32 33 -35 54 36 37 -39 39 -41 41 -43 -44 44 -46 -47 -48 -49 -50 50 -52 52 -54 -55 55 -57 -58 58 59 -61 -62 -63
leaf_value=0.002027641835418112 -0.002609920243259416 -0.0099913412982361345 -0.017088038107248557 0.01631332756406282 -0.00032886056770907392 -0.0071799811595961386 -0.0020093185476706115 0.00015936898930936512 -0.011864458673608849 5.8177642865016356e-05 0.0026727890782071561 0.014695223493995933 -0.0045584821314866662 -0.025128621225437332 -0.0025121954242245089 0.025239886904620468 -0.0067249945994805093 0.020030532820012933 -0.0031375076937444537 -0.0094474022356246228 0.03313987240343437 -0.017876361654811972 -0.0063906477292442953 0.0036528097329983095 -0.0021566318061013155 0.019425793054669956 -0.0046014125002916224 0.0068380752462079072 0.02858812800004365 0.0077597643730008235 -0.0099700186166924911 0.0084591143316869507 -0.023738466567242253 0.020930328113347271 0.018747917782260294 -0.0036464177416685663 0.010384849508699836 0.018470839537475883 -0.012708831151014399 0.013924361243788413 6.0479584342960766e-05 -0.0068655918847740664 0.024163624714613641 0.030947827581729936 -0.00037135678363466328 -0.0022510704184507029 0.0035617046400590142 0.0036135858190739323 -0.010208426023926073 -0.0036383735535019295 0.027560873401777347 0.0086497074057409751 -0.0085912836850423908 -0.011971959868380056 -0.019968498185499842 0.0048204300337794668 -0.0046765484160408615 0.019091391443943315 0.020331692978563631 -0.004766803105751137 0.013097249274692168 -0.0071013482636044598
leaf_weight=8324.1401293714298 169.67072846507654 181.99945121700875 75.994339014869183 26.189777871128172 1981.1588376720902 227.27898696903139 247.06234962469898 33598.669861561153 175.74379975651391 4648.7178745875717 1358.4009715684224 155.27974580274895 754.75558448699303 42.2530606565997 1586.8346181942616 72.504718272131868 50.938691357150674 34.076680810656399 3983.3225344144739 355.48124960029963 33.561925486661494 36.405238824896514 85.195590861840174 70.929565401282161 2662.9627482547658 118.00143388472497 476.0755396655295 303.83760459069163 39.367805796675384 121.36925871309359 169.84787083999254 776.95727470389102 37.65912037238013 24.075836567906663 22.108260203385726 3363.11874404829 117.81143735023215 52.137384971603751 225.33962264750153 52.792375240474939 255.42878099810332 176.95447069220245 60.17596329934895 41.095254566054791 251.40023890417069 28.617924491409212 402.72447162005119 69.869911884889007 40.335058794356883 202.46105197037105 44.41048370837234 686.59748109942302 58.012636489933357 173.670804169029 43.705131659982726 49.819364800816402 338.23193856026046 138.52728270413354 24.829545873682946 100.93813762790523 60.220493785338476 178.0337932468392
leaf_count=57555 1494 3423 665 274 13430 2581 2137 518102 1881 50862 11292 1164 6070 313 13489 761 492 299 38842 3296 239 254 674 492 22809 1039 3184 1795 284 1650 2214 10168 646 276 217 27447 919 309 1614 486 1908 1169 407 334 1930 237 3272 450 447 2522 412 6405 614 1399 545 505 3173 1328 151 989 473 1683
internal_value=-4.3991e-05 -0.000319921 0.00093788 0.00146789 -0.000724368 0.00222756 -0.00171788 0.000188279 -0.00124484 -0.000711952 0.00084303 0.00395042 -0.00190571 -0.00579886 -0.00121472 0.00453212 0.0145382 0.00451633 -0.00167157 -0.000553199 -0.00539898 0.00103296 0.00502799 0.0142047 -0.000287597 0.00660645 -0.000805919 0.00213431 0.00970762 0.000242288 0.000106952 0.00337372 0.00554957 -0.00331302 -0.00766151 -0.00298744 -0.0026176 0.000807565 -0.000244231 -0.00178658 -0.00292063 0.000686176 0.00496137 -0.00233985 0.00385037 0.0180808 -0.000861544 -0.00884981 0.00748136 0.00246081 0.00606908 0.00492183 0.00725811 -0.00347665 -0.00165869 -0.00718923 -0.00134426 0.00544248 0.0105521 0.000776177 0.000234674 -0.00378054
internal_weight=70266.1 54854.1 15412 12849.8 3306.91 9542.9 2562.2 35404.8 19449.3 14899.9 5686.32 1513.68 2778.17 797.009 2486.2 404.582 157.52 85.0154 9213.61 5230.29 581.574 226.092 189.687 104.491 4172.64 287.672 3884.97 1222.01 343.205 35222.8 33768.5 1454.26 994.66 177.368 153.292 4549.37 4373.63 1010.51 958.373 840.561 787.769 492.559 315.605 2081.62 321.113 69.7132 878.8 295.21 817.292 9315.62 991.482 947.071 744.61 1760.51 115.633 93.5245 459.601 528.739 264.295 125.768 264.444 204.224
internal_count=835491 718948 116543 94800 24711 70089 21743 541366 177582 140992 46333 12456 19813 6383 21078 3689 1552 791 94659 55817 4955 1659 1405 731 33877 2533 31344 8535 2079 537943 520316 17627 12804 2189 1913 36590 34709 7262 6953 6034 5548 3484 2315 17389 2501 571 6456 2064 10615 67508 9953 9541 7019 14888 1267 1050 4823 4898 2468 1140 2430 1957
is_linear=0
shrinkage=0.04


Tree=48
num_leaves=63
num_cat=0
split_feature=27 26 2 50 64 8 65 13 27 68 6 31 27 14 7 47 56 33 6 38 7 61 33 44 10 51 4 39 39 39 48 56 33 36 65 50 60 55 10 43 48 48 45 13 16 33 55 26 27 64 64 62 32 53 65 68 56 58 63 63 71 44
split_gain=17.0676 13.5565 10.5247 12.2892 10.5219 9.65405 10.8099 9.60005 20.9024 12.1218 12.0642 11.9655 11.0697 10.8957 15.1261 12.1566 12.6714 11.9096 11.6065 17.0559 11.5159 11.0996 11.0561 11.973 10.5625 10.1621 9.92445 9.90446 13.0608 11.1211 10.7583 9.75353 11.689 9.27741 17.1197 14.1353 9.87185 17.2269 10.0674 9.15915 9.94025 9.15133 8.98352 8.91741 8.77848 9.77044 8.68484 11.255 8.66393 8.86811 17.5409 9.71126 8.5737 8.569 8.72281 8.80834 11.5517 12.3829 10.8376 11.7657 12.2292 8.73442
threshold=16.500000000000004 146.50000000000003 23.250000000000004 494.50000000000006 0.87026647966339421 6.5000000000000009 12.833333333333341 0.14495798319327732 7.5000000000000009 4723.2800000000016 135.50000000000003 3.1530096975956856 8.5000000000000018 0.27652918069584742 49.500000000000007 0.59125170387393677 1.2857142857142885 0.96156288139654855 156.50000000000003 3261.5000000000005 115.50000000000001 0.64852941176470602 0.84612371461598734 2172.5000000000005 1.389770582642514 1.1853454273528019 6.5000000000000009 0.79920022650718081 0.91443378008931342 0.78734648932990725 191.50000000000003 -0.12132352941176804 2.8720410843364439 7.5000000000000009 19.550505050505048 112.50000000000001 -0.30944963518274998 1.0651606576571846 1.0097132721886899 2.2844729317114627 81.500000000000014 79.500000000000014 1.0861581694701428 0.29520697167755999 0.45000000000000007 0.61647034570025105 0.81738758123804878 139.50000000000003 5.5000000000000009 0.43875000000000003 0.85092592592592597 0.051706478351026604 3.5000000000000004 0.83194525746911518 22.372685185185187 9858.1900000000023 -0.98529411764705788 -4.3717105263157938 -0.21438504597919214 -0.025451719272359393 1.0000000180025095e-35 848.50000000000011
decision_type=10 10 2 2 8 2 10 8 10 2 2 2 8 10 10 2 8 10 2 2 10 2 10 2 2 2 2 2 2 2 2 10 10 2 10 2 2 2 2 2 2 2 2 8 10 10 2 10 8 10 10 2 10 2 10 2 10 2 2 2 2 2
left_child=7 2 3 4 5 6 -2 10 44 -10 12 31 39 15 17 -11 -17 -15 19 20 33 43 23 26 -13 -23 -20 29 -29 -14 -30 32 46 34 36 42 37 38 -16 40 -1 -7 53 -18 -9 48 -12 -48 49 -46 51 -51 -22 -35 55 58 57 -57 -55 61 -61 -60
right_child=1 -3 -4 -5 -6 41 -8 8 9 13 11 24 27 14 18 16 21 -19 22 -21 52 25 -24 -25 -26 -27 -28 28 30 -31 -32 -33 -34 35 -36 -37 -38 -39 -40 -41 -42 -43 -44 -45 45 -47 47 -49 -50 50 -52 -53 -54 54 -56 56 -58 -59 59 60 -62 -63
leaf_value=-0.0013642215102714042 -0.0017454595475421501 0.025680096659526083 0.015324367296921828 -0.008763901732392004 0.024441897878443645 0.0025836167164627515 0.021541432598471525 7.9412093945885679e-06 0.017202092319237992 -0.012473643933960357 0.00682799362751043 0.020483858829900982 0.0051223970292479486 -0.017181716489385993 -0.021580454853498358 -0.004030080407023272 0.004901662736363486 0.0086053262012248874 0.016575269590001909 0.00020303933001448809 0.0087324518048588137 0.0044567382944936873 -0.0043644089333610787 0.022509008717018074 0.0010472218583463069 -0.019710399516897209 -0.0042607271106103028 -0.0061722407644725589 0.0013960403144474157 0.027826611048077373 0.019350090411755866 -0.0046203135507782876 -0.015784990136066327 -0.0040904393417327076 0.020388816235995456 0.0011786188192504138 -0.0051868532915417776 0.033322852669117803 0.011550171487084052 0.016953828566035296 -0.0094207132880244973 -0.015556850961844129 0.022935464562015867 0.019595643244515362 -0.012640151135220153 -0.0078730096959011425 -0.0020865866105258478 0.013173400557562394 0.033092376010413281 0.046033771372062722 -0.014490398900648165 0.0018257028232982887 0.029193347284830001 -0.00082050684265015206 -0.006140321586714243 0.0022438843275020938 -0.0075705833210827555 0.036459567309387694 0.05465370518201465 0.02605159244719395 -0.0025114887945206651 0.017113663522694188
leaf_weight=1822.3476607498014 49.592766281682998 44.269764828495681 112.90446555160452 125.94841496192385 35.336335548548959 521.43549017421901 80.95597040723078 55074.714209731144 89.935457297600806 116.54689266835339 239.70289284270257 56.471819160040468 417.75716212193947 85.226319757173769 21.898079676320776 458.21210092119873 390.67315788776614 38.310315264505334 45.5517052419018 478.65989608864766 68.308616446563974 57.596872929716483 351.06379569647834 53.519142365083098 166.48208639863878 46.351854468230158 127.64530447206926 375.36230306350626 2308.2582431784831 33.158556701382622 49.715172599535435 2696.9166229085531 75.201863032067195 52.948966676369309 66.276262131053954 195.15633853850886 245.40744004037697 27.756002028938383 27.578764427220449 34.705983567517251 278.59545741439797 43.622626083903015 128.93774053058587 76.186343513661996 38.628308484505396 418.11594088887796 1458.7711326600984 76.683960809605196 10.818965962971559 16.396646844223145 21.192587258992717 13.333782937726935 70.916623418685049 31.061893232166767 31.998080212855712 40.996816644561477 51.782782967900857 24.697577666258439 26.810975662898272 58.731927555985749 37.147220990154892 23.913825607392937
leaf_count=16199 441 259 756 821 743 4843 496 710001 636 880 2073 389 3622 1073 231 3599 2433 420 244 3555 520 424 2369 348 1104 299 1058 3042 16686 291 357 19589 577 440 471 1535 1913 195 221 250 2461 336 1038 610 735 8590 11607 679 202 373 613 161 614 285 266 457 519 281 244 442 273 190
internal_value=3.27742e-05 0.00517176 0.00410866 0.00255055 0.00454643 0.00336853 0.0129571 -4.27582e-05 0.000151525 0.00308259 -0.00118294 -0.00264245 0.000127026 0.00270204 0.00422486 -0.000509094 0.000899775 -0.00916115 0.00496577 0.00661682 0.00909718 0.00485781 6.16743e-05 0.00686163 0.00631163 -0.00672966 0.00153057 0.00162038 0.000708627 0.00707884 0.00181472 -0.00308792 -0.000848022 0.00764934 0.0026446 0.0103753 -0.00125591 0.0107906 -0.00374806 -0.00209815 -0.00245238 0.001059 0.0138555 0.00748179 -4.10603e-05 -0.00519646 -0.000172681 -0.00128419 0.00579782 0.000924693 0.0114246 0.0293242 0.0198053 0.0105174 0.0129078 0.0150408 0.00617334 0.016776 0.0205747 0.0249853 0.0154092 0.0400793
internal_weight=70345.2 1014.07 969.796 856.892 730.943 695.607 130.549 69331.1 59241 3647.81 10090.1 4770.23 5319.9 3557.87 2412.3 1145.57 1029.02 123.537 2288.77 1710.99 1232.33 570.808 577.78 226.716 222.954 103.949 173.197 3184.25 2733.34 450.916 2357.97 4547.28 1850.36 1093.1 388.917 704.184 322.64 77.2328 49.4768 2135.65 2100.94 565.058 509.028 466.86 55593.2 518.486 1775.16 1535.46 100.37 89.5513 50.923 29.7304 139.225 380.09 327.141 295.143 117.477 65.6944 177.666 146.604 95.8791 50.7248
internal_count=836379 8695 8436 7680 6859 6116 937 827684 748758 28083 78926 36018 42908 27447 19202 8245 7365 1493 17709 13690 10135 3766 4019 1650 1493 723 1302 23998 20085 3913 17043 34525 14936 9001 3031 5970 2560 647 452 18910 18660 5179 4435 3043 720675 10674 14359 12286 2084 1882 1147 534 1134 3397 2957 2691 1257 738 1434 1149 715 434
is_linear=0
shrinkage=0.04


Tree=49
num_leaves=63
num_cat=0
split_feature=27 18 46 1 46 54 17 63 36 13 7 63 27 10 67 39 47 13 41 66 37 39 19 24 41 21 23 57 29 24 62 53 53 44 14 24 18 63 50 42 48 7 41 6 13 66 53 39 64 24 52 56 18 33 7 39 63 49 13 35 67 37
split_gain=12.7245 14.4933 15.7923 12.7925 16.9166 14.8274 13.7783 13.3289 12.3666 14.5299 11.5278 11.4962 11.1684 11.414 14.7776 11.2779 10.7606 10.6247 11.6312 11.6324 10.5685 12.1571 12.2276 11.6372 14.0861 14.1206 11.5447 10.4859 10.2459 10.3614 14.436 10.2346 11.9151 10.188 10.1874 16.9755 13.1178 11.4537 10.0353 9.52775 9.63283 9.527 10.3411 11.5437 13.2776 9.89759 11.3546 10.7995 12.5006 9.36629 9.34627 9.29133 9.27759 9.21866 9.54306 9.59754 9.18174 9.232 9.09723 9.38864 9.02434 8.98838
threshold=8.5000000000000018 2.5000000000000004 12.500000000000002 1.0000000180025095e-35 15.500000000000002 14.500000000000002 131.50000000000003 0.099557035737203939 4.5000000000000009 0.093073593073593086 67.500000000000014 -0.45503454258022608 6.5000000000000009 0.58458211980409314 0.45227272727272733 0.8834922080790909 0.52107831789688441 0.6984848484848486 0.35278630278031303 0.81365740740740755 0.34079472621595824 0.9196156738300193 -0.74999999999999989 58.500000000000007 0.79998971412394304 1.5000000000000002 36.500000000000007 0.89791666666666681 0.77778281395914384 27.500000000000004 -0.17241953224900583 0.87498619046115989 0.91662411575712655 565.50000000000011 0.42500000000000021 59.500000000000007 2.5000000000000004 -0.25133307254072268 1094.5000000000002 21.500000000000004 42.500000000000007 130.50000000000003 1.262276262577398 127.50000000000001 0.14495798319327732 0.133974358974359 1.451772653117074 1.264805215715944 0.36451048951048953 93.500000000000014 1.5000000000000002 -10.904545454545454 47.500000000000007 1.8377500668374653 59.500000000000007 1.1213767572095767 -0.032882945761854569 1.288297115849357 0.15504807692307696 2.4489670902132796 0.35504201680672276 0.33365844718306537
decision_type=10 10 2 10 2 2 10 2 2 10 8 2 10 2 8 2 2 10 2 10 2 2 10 8 2 10 10 10 2 10 2 2 2 2 8 8 8 2 2 2 2 10 2 2 8 10 2 2 8 8 2 10 8 10 10 2 2 2 10 2 10 2
left_child=1 12 8 5 52 6 7 10 9 33 60 50 13 14 15 -1 -11 18 -16 28 -21 22 -22 24 25 -24 -26 -15 29 -20 -31 -12 -33 -3 -6 -36 -37 -38 49 -34 -41 42 43 61 53 -46 47 -47 -49 -19 -10 -18 -5 54 -45 -56 57 -30 59 -4 -2 -14
right_child=3 2 58 4 34 -7 -8 -9 11 16 31 -13 41 27 17 -17 51 38 19 20 21 -23 23 -25 26 -27 -28 -29 56 30 -32 32 39 -35 35 36 37 -39 -40 40 -42 -43 -44 44 45 46 -48 48 -50 -51 -52 -53 -54 -55 55 -57 -58 -59 -60 -61 -62 -63
leaf_value=0.0033940674686357081 -0.0053369543315184608 -0.0040997404680193925 -0.0083287598800532055 0.0049215888651378053 -0.0012438664196054586 0.0075993744029952941 0.017743857493014385 -0.0084372323369188776 0.028106664491044268 0.012776584455972418 -0.012665595979942924 0.00087861417186214908 -0.010983008425538471 -3.019131779672513e-06 0.018391461069490717 -0.0047716418557746535 0.014024724081792688 0.0077127038464971645 -0.0050655573773639943 -0.01182349108050371 0.00042893854386293474 0.0021012562396365351 -0.002490367867394191 -0.0055881708970390983 0.0012064450388216755 0.041136167862819671 0.049084968157755267 -0.0019826272530143992 -0.0078388985581023043 -0.0063106271215934533 0.015487477208868609 0.017514830707047825 0.0027932967895136192 0.022353484382983253 -0.003612917033154099 0.022802105052512078 0.027731922352492899 0.0028234270971937785 -0.011277845245076627 -0.010516980968493494 0.010976622842280626 0.015375297895430486 -0.0017316532152253975 -0.017337791249762605 0.0099965291864712331 -0.0015876802040752692 0.020903324008454179 0.022953399736426197 -0.0026737520298950124 -0.014319811367249604 -0.0038466835736922244 -0.01077102081364447 -0.0067924998406534379 -0.020329787569373144 0.010667398853284105 -0.013172743162323005 0.00095833740164635124 0.0040431391085602106 -0.0020258960117903054 0.00029701618329146891 0.014506411265474748 0.011848293744225111
leaf_weight=408.01569130725693 48.955780052230693 42.842576752766035 1029.294344812748 3074.3780499638524 1981.3195339505328 249.10134835029021 45.387124448549002 549.02839499211404 39.960939441574737 33.357384677859955 130.40389746509027 2245.817477668752 26.093124542851001 45207.236716609448 59.495026671560481 782.37087530724239 21.396171011845581 1073.8552839801996 94.875080069759861 36.854563490836881 51.25339167448692 176.84664845082443 36.969849991961382 17.134398584603332 9.8693144964054209 12.133355002384631 46.131357880076393 4724.05799181154 483.40976028773002 61.426751366001554 192.07819270226173 48.668343213270418 290.08362874900922 42.847650023642927 248.67307950591203 88.514229551423341 28.282388279447332 277.98736512777396 45.299960400559939 233.06525310641155 34.629383343970403 86.649867456639186 735.73436257278081 41.186314393766224 306.71953259897418 652.51599621400237 40.982838148251176 62.093138074502349 54.045542951207608 27.329663481330499 20.104381480719894 434.42852149775717 107.91305045387708 54.003860107623041 88.692567563033663 33.223120748880319 941.43260717543308 129.75625355378725 1466.8616926935501 250.44568894035183 119.17413387820125 345.37392027699389
leaf_count=10247 511 540 9026 21808 13205 1817 386 4457 889 341 1283 25986 243 538290 1009 12084 505 28881 1747 937 1562 3423 1061 564 394 415 1264 67712 9525 1219 2470 483 3010 380 1931 599 275 1982 707 2357 323 726 5427 342 2363 5464 296 401 393 1812 316 4725 1339 405 763 248 11978 1893 14689 1942 1261 3215
internal_value=0.000103048 -8.3667e-05 -0.00201958 0.00165332 0.00255598 -0.00134331 -0.00284931 -0.00355074 5.03628e-05 -0.00517252 -0.000556157 0.00136084 0.000107132 -1.32699e-05 0.00187308 -0.00197028 -0.00783682 0.00318263 0.00163599 0.00116159 0.0074343 0.00959802 0.0169668 0.0236117 0.0284095 0.0110951 0.0414376 -0.000190492 -0.000130834 0.00601937 0.0101857 -0.00272218 -0.000497971 0.0096308 0.000177614 0.00453045 0.00964096 0.00553211 0.00633153 -0.00221131 -0.00758625 0.00270403 0.00222366 0.00393058 0.00217501 0.00393766 0.00159508 0.000437168 0.0114096 0.00710364 0.0179379 -0.00946758 0.00451433 -0.00677313 -0.00181328 0.00390773 -0.00152395 -0.00531209 -0.00418678 -0.00664611 0.00874119 0.01012
internal_weight=70328.1 62772.5 5627.36 7555.56 5807.07 1748.5 1499.4 1454.01 2880.76 574.872 904.98 2305.88 57145.1 54617.8 4686.54 1190.39 489.182 3496.15 2349.67 2290.17 387.193 350.338 173.492 122.238 105.104 49.1032 56.0007 49931.3 1902.98 348.38 253.505 736.851 606.447 85.6902 2624.78 643.457 394.784 306.27 1146.48 557.778 267.695 2527.31 2440.66 1704.93 1333.46 1116.36 809.638 768.655 116.139 1101.18 60.0653 455.825 3182.29 217.106 163.102 121.916 1554.6 613.166 2746.6 1279.74 168.13 371.467
internal_count=835846 778819 59339 57027 41139 15888 14071 13685 33682 6491 9228 27191 719480 699194 93192 22331 5571 70861 39461 38452 9620 8683 5260 3698 3134 1476 1658 606002 28832 5436 3689 7456 6173 920 17992 4787 2856 2257 31400 5690 2680 20286 19560 14133 10675 8917 6554 6258 794 30693 1205 5230 23147 1758 1353 1011 23396 11418 25657 10968 1772 3458
is_linear=0
shrinkage=0.04


Tree=50
num_leaves=63
num_cat=0
split_feature=27 13 18 33 65 20 56 60 27 65 54 13 51 46 65 30 12 3 58 14 44 66 13 15 18 26 33 54 66 39 15 31 8 21 43 58 26 42 12 19 27 12 56 59 56 7 39 41 6 42 58 12 42 51 54 14 32 53 38 56 25 47
split_gain=12.1196 14.1633 16.2294 15.5017 13.6187 15.6517 12.6505 17.2975 14.9254 12.3791 15.3357 16.4683 13.1817 12.0073 11.8685 11.8486 11.6144 11.1527 18.3387 13.206 11.7802 10.7552 10.4752 12.3707 10.5793 10.3442 15.3124 13.7648 11.7423 12.0697 11.5868 10.1011 10.345 10.0223 9.75261 9.72038 9.7029 9.74445 10.2044 9.6843 11.1876 11.9976 12.2714 9.6635 9.62219 10.3197 12.5464 11.2162 10.3963 10.2937 12.2364 12.9479 10.9414 9.56953 9.50357 9.50073 9.48183 11.108 9.40495 9.36686 11.1574 9.25202
threshold=5.5000000000000009 0.15894736842105264 6.5000000000000009 0.37882666339265941 13.379807692307695 -1.4999999999999998 3.75595238095238 0.81489188225908671 16.500000000000004 10.333333333333341 21.500000000000004 0.39696969696969703 1.61903007086756 84.500000000000014 7.1702898550724692 2.5000000000000004 29.500000000000004 3.7500000000000004 -5.2666666666666719 0.25000000000000022 692.50000000000011 0.44590643274853808 0.267948717948718 0.46746381886087773 3.5000000000000004 76.500000000000014 0.62343504024810803 35.500000000000007 0.62284482758620696 0.79614469298387969 0.46033741842952369 2.8134029221013823 11.500000000000002 -14.499999999999998 1.49135593164395 8.674242424242431 140.50000000000003 19.500000000000004 11.500000000000002 -5.2499999999999991 9.5000000000000018 120.50000000000001 9.2052631578947395 -0.98333333333333328 6.8000000000000052 55.500000000000007 1.0973219885429109 0.48993787653119841 130.50000000000003 75.500000000000014 2.4615384615384603 15.500000000000002 93.500000000000014 1.459724177540674 11.500000000000002 0.52383496133496155 1.5000000000000002 0.82243600683954277 37.500000000000007 11.018518518518521 148.16666666666671 0.86553790784030327
decision_type=10 8 8 10 10 10 8 2 10 10 2 10 2 2 10 2 10 10 2 10 2 10 8 10 10 8 10 2 10 2 10 2 2 10 2 2 10 2 10 10 10 10 10 2 10 8 2 2 2 2 2 10 2 2 2 10 10 2 2 10 8 2
left_child=22 6 3 -3 9 36 7 8 13 10 14 -12 -11 15 16 56 17 -5 19 -19 -20 -18 23 24 25 27 -27 30 58 -30 44 32 54 -10 -25 -4 37 -6 -39 -7 -41 42 43 -42 45 46 47 -1 -49 -47 51 -51 -52 55 -9 -17 57 -2 -28 -24 -61 -8
right_child=1 2 35 4 5 39 61 31 33 12 11 -13 -14 -15 -16 53 21 18 20 -21 -22 -23 59 34 -26 26 28 -29 29 -31 -32 -33 -34 -35 -36 -37 -38 38 -40 40 41 -43 -44 -45 -46 49 -48 48 -50 50 52 -53 -54 -55 -56 -57 -58 -59 -60 60 -62 -63
leaf_value=-0.016561451968255661 -0.015804542686489322 -0.006117970288881132 -0.0010533442577440005 0.0014647467100379779 0.0053348406014095363 -0.01308074767516596 -0.0062993177321660392 0.016625878649436848 -0.010029432125244988 -0.0039803735948614749 -0.0089989967431537594 0.016213617511685582 0.011169715553066915 -0.017611920190045673 0.0082990343542915009 0.00021742880940949804 0.0038485619623236439 -0.0031709280536106614 -0.0095713503866077486 0.026523632492012256 0.0091956068456007754 -0.0094700078845205947 6.5899204410643211e-05 -0.0028972128481396259 -0.0051741263253859381 -0.0063315960037521749 -0.0099013981311536856 0.011041228178606817 0.010620739382760069 -0.0051250479537875556 0.015557973349491657 0.017884184279154506 -0.0074577455809042171 0.012747553221292524 -0.010023352670027845 -0.014126077870405792 0.0167808122816566 0.0072507486307399702 -0.0088756428350133358 0.006125197128398166 0.0084711366601539356 -0.0087621199660214075 -0.00096304296415048926 0.022986410403405034 0.0073390022901388789 -0.0084095166942121033 -0.012541822861595839 0.0048511053573470787 0.027239232280783815 0.019049720338329384 0.0018434816336300548 -0.0016714564179075356 -0.02392758959605789 -0.0074632193136232377 -0.0059959276350968673 -0.0093977678301632034 0.0046805599202007385 0.00065203707477913108 0.0021112963094748337 -0.0042494509444897278 0.012073067869669458 -0.0010102253326063604
leaf_weight=22.999899110756814 73.817614317173138 279.12575745361391 1000.8141806178028 742.88152865308803 215.5044816219015 31.446528623811901 717.86519273370504 100.22752268798649 32.078632147517055 787.69566876452882 260.96517844428308 44.389981003478169 99.07529754191637 57.988571765832603 791.89911308989394 1810.638747523888 167.9054850776447 28.601903289090842 77.709185388404876 116.64580047666095 147.40684895671438 218.00499647005927 43700.252245914424 1658.2943957182579 785.86440204235259 479.43309146387037 101.80915189930238 101.52177737199236 82.767235303181224 706.14500303054228 43.415199512150139 134.93008180567995 77.317061114590615 218.22707415767945 374.55876098515 95.237410133704543 46.760810670210049 76.541351582854986 278.43233163363766 1387.4315815527225 119.25207509892061 32.81542285066098 62.402172137051821 228.84157970477827 101.93122866097838 1028.8841850137105 63.858125309459865 128.74619336426258 41.201799789443612 68.353023267351091 50.713432658929378 138.90708591067232 48.432320512831211 391.51999221974984 38.402974447235465 175.82282018067781 1109.5520006219158 390.02276326378342 4615.9345034946455 1232.1190939684166 66.080573051003739 1984.5160368038341
leaf_count=232 581 2469 10094 6533 2180 353 5298 700 254 6136 2055 360 637 510 6425 15697 1594 247 708 1096 1290 2373 618070 17262 7194 4326 841 728 1144 7379 424 924 600 1372 3255 736 357 601 2613 9484 669 280 328 1444 766 8683 509 1287 334 520 360 1056 331 2984 257 1767 8772 2980 32592 11630 566 12950
internal_value=-3.12043e-05 0.000992174 0.00223313 0.00302123 0.00345383 0.00571729 -0.000253679 0.00101982 0.000311658 0.00183676 0.00322889 -0.00513164 -0.00223458 -0.000285127 0.00435194 -8.91064e-06 0.00224632 0.004315 0.00993643 0.0207653 0.00265012 -0.00370014 -0.000300727 -0.00142888 -0.000765151 -0.000319339 0.000487202 -0.00293895 0.00108608 -0.00341662 -0.00378517 0.00949173 0.00396184 0.00968925 -0.00423159 -0.00224824 0.000193714 -0.00129988 -0.00534597 0.0075427 0.00793161 0.0134538 0.0153138 0.0182041 -0.00432523 -0.00509265 0.00221535 0.00729283 0.0109022 -0.00650116 -6.09487e-05 0.00545001 -0.0112899 -0.0017893 0.0103687 -0.000655076 0.00267907 -0.00210755 0.00184185 -3.3748e-05 -0.00337547 -0.00242427
internal_weight=70292.9 14650.7 7337.79 6241.74 5962.61 2479.43 7312.93 4610.55 4259.67 3483.18 2596.41 305.355 886.771 4009.36 2291.05 3951.37 1499.16 1113.25 370.364 145.248 225.116 385.91 55642.2 10643.8 8610.92 7825.05 5986.09 1838.96 5506.66 788.912 1737.44 350.878 215.948 250.306 2032.85 1096.05 617.239 570.478 354.974 1862.19 1830.74 443.311 410.496 348.094 1694.03 1592.1 256.806 192.948 169.948 1335.29 306.406 207.26 99.1458 2377.98 138.63 1986.46 1573.39 463.84 4717.74 44998.5 1298.2 2702.38
internal_count=836197 116708 61062 50232 47763 18309 55646 37398 34917 29454 22681 2415 6773 33291 20266 32781 13841 9874 3341 1343 1998 3967 719489 89223 68706 61512 46282 15230 41956 8523 14502 2481 1557 1626 20517 10830 5751 5394 3214 12558 12205 2721 2441 2113 14078 13312 2362 1853 1621 10950 2267 1576 691 20448 957 17464 12333 3561 33433 630266 12196 18248
is_linear=0
shrinkage=0.04


Tree=51
num_leaves=63
num_cat=0
split_feature=27 18 21 64 53 4 6 26 58 13 39 13 64 35 45 14 15 24 35 26 17 24 41 42 44 64 26 17 17 33 61 35 36 26 50 49 68 2 27 29 14 9 68 47 67 33 27 6 65 32 45 32 60 15 25 46 37 57 47 33 30 61
split_gain=14.5385 12.6894 16.7914 11.4867 13.2267 11.3971 10.9179 10.4623 13.0012 10.0067 12.649 9.29846 8.70504 9.47689 12.0885 15.986 11.0254 11.5523 9.92396 9.41269 11.1838 8.95789 10.981 8.85312 8.77382 9.0052 8.70885 24.5786 13.3786 13.4255 13.8932 13.2647 12.594 12.8173 11.6149 11.2536 11.1417 10.9346 10.9228 10.217 11.1471 9.89715 9.70833 10.7533 9.64566 9.4627 12.755 11.2238 9.04994 8.93529 11.3288 10.1877 8.8931 8.79955 8.59444 8.56014 11.8214 8.60686 9.86856 8.53433 11.9738 9.60348
threshold=12.500000000000002 6.5000000000000009 -17.499999999999996 0.24621212121212124 0.78264513088907706 20.500000000000004 162.50000000000003 115.50000000000001 -2.5833333333333353 0.072751322751322761 0.85361813232161421 0.16954022988505749 0.5270467836257311 0.64285905422246092 1.528068876045509 0.39905118030118036 0.30336111111111119 29.500000000000004 0.38203026688735181 145.50000000000003 133.50000000000003 113.50000000000001 0.97885152033291656 119.50000000000001 434.50000000000006 0.59317129629629639 105.50000000000001 95.500000000000014 106.50000000000001 0.61869281221851236 0.11324786324786326 0.26796171085750137 11.500000000000002 119.50000000000001 1094.5000000000002 1.3368967141309502 8757.3750000000018 20.250000000000004 1.0000000180025095e-35 1.6051169899573099 0.26624381810140324 1.3861699852960787 14755.010000000002 0.80801835903711028 0.6043478260869567 0.50104407552903518 1.5000000000000002 154.50000000000003 15.66666666666667 1.0000000180025095e-35 0.97465978924528474 3.5000000000000004 -0.62115563949773001 0.46746381886087773 72.166666666666671 38.500000000000007 0.58930948601357991 0.35565476190476197 1.4762100140119818 3.3557290843846626 1.5000000000000002 0.33771929824561409
decision_type=10 8 10 10 2 2 2 10 2 10 2 10 8 2 2 10 8 10 2 8 10 10 2 2 2 8 10 10 8 10 2 2 2 10 2 2 2 2 8 2 10 2 2 2 8 10 10 2 10 10 2 10 2 10 10 2 2 8 2 10 2 2
left_child=12 2 -2 4 -4 6 -3 8 -5 -6 -11 -9 19 14 15 -14 17 -15 -17 20 26 24 -23 -20 -19 -26 27 -1 31 34 -31 -28 37 48 36 44 38 -32 -30 42 -41 -42 -35 -44 -29 46 47 -33 -34 -37 51 -51 -39 -52 -12 56 -22 -57 -59 60 61 -21
right_child=1 5 3 7 9 -7 -8 11 -10 10 54 -13 13 16 -16 18 -18 21 23 59 55 22 -24 -25 25 -27 28 35 29 30 32 45 33 39 -36 49 -38 52 -40 40 41 -43 43 -45 -46 -47 -48 -49 -50 50 53 -53 -54 -55 -56 57 -58 58 -60 -61 -62 -63
leaf_value=-0.00045346277844317533 -0.0080266657252820017 0.0018357976943943477 0.024780325008073218 -0.0047840747783984413 -0.012295493326896523 0.024765172099565382 -0.0069926840869932883 0.011752093538207895 0.013321126136549571 0.016536473137288059 -0.011875291689301659 0.034165921940868392 -0.008832788841194171 -0.013740349385602349 0.0091811823270539373 -0.00076584920608773898 -8.1741839560469189e-05 -0.0043330246885103715 0.0030481523370666044 0.019708658172397777 0.014305081995387183 0.012532793922524758 -0.01452061534589282 -0.0095527403099790742 -0.00055662162279029772 0.012114358367938026 0.029270780071865853 0.002336960414085629 -0.0068252864065180083 -0.0057890583363677875 0.0018555969033715637 0.0037977900329302567 -0.0040328524144168723 -0.00057228630517225756 0.014849393894777969 0.014152431494821156 -0.009572248428690892 0.017573812467541888 0.010461254159036044 0.036325048940180522 0.024999602790160513 -0.0022519570946938007 0.029058658772024529 0.0062138299006287067 -0.0085029797220229474 0.0024431073091537442 0.003960104051466861 0.043574823754790187 0.0096167855421377766 -0.0062335308792212133 -0.0089890641783032677 0.019554962216285096 -0.0026412884825808476 0.0056269567295411139 0.0044175304527964646 -0.0084628405710495663 -0.0095341499436219744 0.023876134082006499 -0.0035881852785964521 -0.0095722570023093045 0.00098541863644471231 0.004042128569833223
leaf_weight=27119.84709546651 108.02370207221247 1327.8493583960226 37.420031387824565 82.425469985697418 66.824827468022704 26.200408347416669 264.43890702095814 74.306913679232821 242.47509310254827 89.303932118229568 71.646141223609447 55.657849031034857 230.17501661088318 45.923810026026331 332.0594815799268 1740.4012914753403 21607.14654898888 80.891515484778211 4369.4013212146237 128.46163537725806 31.322251381585374 32.462373545276932 63.198933053296059 86.323025694233365 112.02306002262048 437.69853065058123 27.282633717171848 146.22843464033213 122.98253709473647 500.15363739943132 2809.7908089879202 19.078505778335966 249.19786116341129 159.684652924072 39.556765188463032 56.113596400478855 498.37506555160508 30.632199723273516 102.76731113973074 39.848125349264592 34.312163798138499 44.961059709545225 43.963004099437967 113.10400831955485 1139.4999783231178 1570.4120167188812 90.295649776700884 27.347112476592883 106.94520569208544 36.829523320542648 266.54766973783262 58.339550356380641 1646.3393404665403 83.240327080246061 154.94718103017658 54.043326343176886 489.37287640653085 41.164863986661658 36.205424231942743 60.786565062589943 368.7301241599489 124.00885429640766
leaf_count=254079 1283 10614 225 634 478 373 1785 464 1594 552 370 331 2881 559 3386 31862 331526 1001 84093 967 252 317 523 990 1239 4013 245 1666 1083 4068 21214 236 2648 1354 304 490 4974 362 757 327 299 387 624 1369 12674 13669 778 304 981 397 2249 623 13370 743 906 489 4758 373 306 391 3025 1152
internal_value=7.44734e-05 0.00300591 0.00657827 0.00841668 0.00358443 0.000822564 0.00035231 0.0127926 0.00872504 0.0012192 0.00422512 0.022261 -3.84614e-05 0.000483163 0.00179528 0.00140679 8.66048e-05 0.00476739 0.00179399 -0.000433069 -0.000517256 0.00602362 -0.00517361 0.00279359 0.00774953 0.0095505 -0.000425782 -0.000753331 0.000717912 -0.000110943 0.000549196 0.00383588 0.00115464 0.00578813 -0.00507743 -0.00529073 -0.00626034 0.000331195 0.00110017 0.0103472 0.0201367 0.0103269 0.00641001 0.0133073 -0.00726585 0.00334509 0.0132538 0.0291871 0.000142355 -0.000200905 -0.00214816 0.00976206 -0.00222089 -0.00548055 -0.00087923 -0.00569026 -0.00797769 0.00333333 0.0115865 0.00420732 0.00562136 0.0122415
internal_weight=70257 2601.52 983.031 875.007 420.142 1618.49 1592.29 454.865 324.901 382.722 315.897 129.965 67655.5 29137.7 6758.36 6426.3 22379.3 772.198 6196.13 38517.8 37835.8 726.274 95.6613 4455.72 630.613 549.722 37183.7 28906.6 8277.03 6542.61 5778.93 1734.42 5278.78 792.016 763.682 1786.8 724.125 4486.76 225.75 435.873 119.121 79.2732 316.752 157.067 1285.73 1707.13 136.721 46.4256 356.143 501.071 444.957 95.1691 1676.97 349.788 226.593 652.109 520.695 131.414 77.3703 681.987 621.201 252.47
internal_count=835986 19609 6837 5554 2531 12772 12399 3023 2228 2306 1828 795 816377 462390 123212 119826 339178 7652 116945 353987 348452 7093 840 85083 6253 5252 342274 272921 69353 54121 47003 15232 42935 7989 7118 18842 6814 34946 1840 4360 1013 686 3347 1993 14340 14987 1318 540 3629 4502 4012 1020 13732 2992 1276 6178 5010 1168 679 5535 5144 2119
is_linear=0
shrinkage=0.04


Tree=52
num_leaves=63
num_cat=0
split_feature=27 1 65 64 43 13 58 7 18 43 7 73 43 4 18 27 42 58 60 40 64 66 44 49 21 7 58 58 8 36 31 63 49 65 40 59 65 48 9 26 33 44 4 58 13 8 40 1 35 43 4 65 41 48 15 53 7 15 61 35 33 3
split_gain=12.1868 12.9182 16.3154 16.5064 13.7932 12.0285 13.7471 11.4752 11.4042 11.3035 11.1712 10.4338 11.6494 10.3651 10.1327 11.9997 15.4918 10.0456 10.064 10.5384 9.69371 10.5001 9.29407 11.4676 9.91856 9.23318 9.09714 8.87961 11.8632 8.69187 14.5797 12.0417 11.8111 11.0737 10.542 8.99476 8.5461 11.5725 10.6006 19.8554 11.66 13.7854 13.3271 12.2492 12.2649 10.4276 10.0601 9.24733 9.22239 15.9204 12.7369 11.9803 11.852 9.46237 8.7304 8.52814 9.24569 8.46003 8.30536 10.1942 8.23122 12.4398
threshold=10.500000000000002 5.5000000000000009 8.0147058823529438 0.86425061425061445 0.63974360486608972 0.085144927536231887 -3.3969696969696979 109.50000000000001 6.5000000000000009 1.7781289718621218 79.500000000000014 1.0000000180025095e-35 0.87027440616303597 6.5000000000000009 1.5000000000000002 7.5000000000000009 39.500000000000007 10.300000000000006 0.35115396747000122 6.5000000000000009 0.33771929824561409 0.46225071225071229 1149.5000000000002 2.0478948229444311 4.5000000000000009 55.500000000000007 -0.42857142857142344 6.7817460317460254 7.5000000000000009 4.5000000000000009 2.6827042905465555 -0.54137357113738227 0.3651860071436363 9.0147058823529438 55.500000000000007 0.70185185185185184 10.071428571428578 70.500000000000014 1.6908970374350203 134.50000000000003 2.8046619924235983 442.50000000000006 5.5000000000000009 -7.5669642857142838 0.078461538461538485 11.500000000000002 50.500000000000007 3.5000000000000004 0.51805539042672533 0.99657676785360849 7.5000000000000009 7.3000000000000052 1.5063505596310656 36.500000000000007 0.18335137085137088 0.9375277448949394 98.500000000000014 0.34428876678876685 0.41801075268817212 0.68470608463412097 0.85710910670597029 2.5000000000000004
decision_type=10 8 10 10 2 10 2 10 8 2 10 2 2 2 10 10 2 2 2 2 8 10 2 2 10 10 2 2 2 2 2 2 2 10 2 2 8 2 2 10 10 2 2 2 8 2 2 10 2 2 2 10 2 2 10 2 10 8 2 2 8 10
left_child=14 2 5 4 13 7 9 20 10 -7 -6 12 -12 -4 15 -1 25 18 19 -14 21 -2 26 24 -24 -17 -10 28 -27 30 32 35 -16 -32 36 -31 37 38 39 48 41 45 -43 -44 -45 -40 60 -42 49 51 -51 -33 53 -52 -46 -21 -57 -15 -36 -60 61 -39
right_child=1 -3 3 -5 8 6 -8 -9 22 -11 11 -13 17 57 29 16 -18 -19 -20 55 -22 -23 23 -25 -26 27 -28 -29 -30 31 33 34 -34 -35 58 -37 -38 46 40 -41 47 42 43 44 54 -47 -48 -49 -50 50 52 -53 -54 -55 -56 56 -58 -59 59 -61 -62 -63
leaf_value=-5.2144388537112017e-05 0.035777618837946223 -0.00084080386459950017 -0.00073339336666553197 0.026876321639374808 0.00036582028994771486 0.0057432088265121362 -0.0079679988559769703 -0.010674082773630331 0.015170089661685386 -0.019726175050338232 -0.0054062918978899114 0.024828232673302 -0.0033493649697094886 0.031734750267780582 0.019282557757894159 -0.0089453712601916466 0.0083351316386708705 0.028383019163146214 0.00035024241007280152 0.032294759018704322 -0.0012036717486263041 0.005381183337300594 -0.0007421951227582753 0.015048002784153851 -0.013470396607926797 -0.0097109825596063595 0.0015777120529743875 -0.0090532748860782837 0.0064827055975240936 0.0054472113354913591 -0.0029961105524036751 -0.0057344511251282764 -0.0049915546071715314 0.019731737794153478 -0.0020664895532786138 0.040196690846770008 -0.0021103822125232629 -0.018016768234846957 0.008444418012512795 0.022222795941753123 -0.011586913814821759 -0.003873507003037061 0.036137062632274668 -0.0081428356583103118 -0.0069998627546752935 -0.012640601743249649 0.01716683168160052 0.010411983626066578 -0.0010230508223124997 0.031051668151282862 0.0073079898852206728 0.018684656380177099 -0.0098986883883695857 0.037678709348629033 0.016173832365038898 0.00093723813892813567 0.02203896900324552 0.011529452915205711 0.0035153202718416995 -0.023471038262740482 -0.0084803770244954689 0.0054982142349171547
leaf_weight=54210.118458642391 40.533909375779331 1626.2058231945848 51.3359538866207 52.099751943838783 262.14630093611777 275.69503499753773 401.99669189681299 31.824753337888978 99.654011049657129 26.054204928921536 80.987954779760912 66.194242514204234 44.051410823129117 56.599997600540519 27.818900306941941 146.9760316555039 627.40175567520782 42.688265424221754 146.31372378673404 46.358416086994112 38.141610978171229 33.701402028091252 274.32371196057647 44.563233286142349 147.91056712064892 81.098072387860157 324.52465448051225 93.600163474911824 461.50082084327005 37.118133428972214 63.098331560147926 187.05557807430159 1854.284058285004 67.269420123659074 133.79040651535615 14.037393712089395 3445.8522204930196 39.629731583874673 65.360068184905685 59.963653536862694 94.022224211599678 76.570503266062587 32.889264752506278 41.088282014941797 25.692163457395509 75.853683920344338 28.717944424133748 39.733362001366913 2540.059868908138 47.268213656439912 70.485278558800928 33.641620255541056 40.51271412067581 17.944430039497092 298.890687549836 63.830346475122496 65.345561329741031 93.314733771141618 28.412432624725625 83.362877205014229 431.7169386401074 181.27482955926098
leaf_count=693275 290 13465 274 434 1559 2305 3543 269 657 180 524 384 258 413 352 1315 4391 232 845 302 348 256 1702 232 863 623 1990 695 3709 665 513 3656 16705 413 948 333 26854 415 608 806 897 481 389 420 242 903 244 284 29232 466 1226 351 571 219 3304 404 379 760 233 757 4514 1979
internal_value=-3.27735e-05 0.00199521 0.00363494 0.00563435 0.00498631 -0.000997815 -0.00316537 0.00933204 0.00379396 0.00325839 0.00718929 0.0103758 0.00819051 0.0147736 -0.000169638 4.27876e-05 0.00367843 0.0109184 0.00852567 0.013844 0.015211 0.0231886 0.00065432 -0.00322437 -0.00530641 -8.12583e-05 0.00491056 0.00202033 0.00399579 -0.00132933 -0.0036808 -0.000748279 -0.00458263 0.00902705 -0.000875414 0.0177127 -0.000617984 0.000544368 0.00141736 0.000349536 0.00565316 0.00796708 0.0112015 0.0141098 0.0116679 -0.00292646 -0.00423201 -0.00491223 -0.000134057 0.00549711 0.0142854 -0.00168069 0.00720941 0.0151575 0.0142612 0.0181321 0.0120354 0.019936 -0.00895303 -0.0167545 -0.00529701 0.000974285
internal_weight=70240.5 4436.4 2810.19 1962.24 1910.14 847.948 703.746 144.202 1708.89 301.749 817.916 555.77 489.576 201.251 65804.1 55620.7 1410.58 408.588 365.899 219.586 112.377 74.2353 890.976 466.798 422.234 783.175 424.179 636.199 542.599 10183.4 2012.47 8170.94 1882.1 130.368 8119.79 51.1555 7874.22 4428.37 3747.03 2996.93 750.1 616.345 475.131 398.56 365.671 141.214 681.339 133.756 2936.97 396.908 176.211 220.697 128.942 88.4297 324.583 175.534 129.176 149.915 245.566 111.775 652.621 220.905
internal_count=835856 32868 19403 12212 11778 7191 6028 1163 10331 2485 4887 3328 2944 1447 802988 704008 10733 2420 2188 1343 894 546 5444 2797 2565 6342 2647 5027 4332 98980 17983 80997 17057 926 79999 998 78061 51207 44055 36527 7528 6347 4836 4355 3966 1511 7152 1181 35721 6489 2482 4007 2016 1445 3546 1085 783 1173 1938 990 6908 2394
is_linear=0
shrinkage=0.04


Tree=53
num_leaves=63
num_cat=0
split_feature=27 13 59 27 20 57 66 2 6 27 35 67 35 6 9 9 67 66 10 1 9 21 43 44 35 2 9 59 50 65 49 25 13 13 63 32 1 16 42 50 26 65 48 56 10 6 3 19 60 32 30 44 56 27 18 18 65 67 56 66 47 5
split_gain=10.2024 14.066 16.6025 14.9899 11.3517 13.9196 21.4838 11.7839 11.0578 10.904 10.6964 14.2957 10.625 10.559 10.2973 15.5694 13.5849 10.5236 10.2027 11.2417 9.74268 9.65395 11.5713 9.63479 9.57609 9.35233 9.26544 9.25482 17.6404 9.08407 8.47874 10.5012 10.3611 12.4573 9.10803 10.2848 11.358 8.43725 8.28844 10.914 12.7323 10.1136 11.73 10.5553 9.71955 11.3327 8.49239 8.78131 9.47035 8.26681 8.22503 10.2949 9.49486 9.31627 15.59 13.1914 12.6554 11.3524 10.7803 11.6958 11.3712 9.89165
threshold=11.500000000000002 0.267948717948718 4.3798076923076934 3.5000000000000004 1.5000000000000002 0.12660256410256412 0.3136574074074075 16.250000000000004 118.50000000000001 9.5000000000000018 0.59833211501822936 1.072751322751323 1.036983332953233 161.50000000000003 1.5323393944384067 0.98673968211565966 0.13484848484848486 0.14434523809523811 1.1477490462241466 5.5000000000000009 1.0327811133693581 -32.499999999999993 0.57208734109205994 442.50000000000006 2.0329355107972051 26.750000000000004 0.42079288293248962 1.0000000180025095e-35 16.500000000000004 16.300000000000008 1.0544052862987454 50.833333333333336 0.6132478632478634 0.78019323671497598 0.026559819484032524 4.5000000000000009 4.5000000000000009 0.45000000000000007 45.500000000000007 844.50000000000011 149.50000000000003 11.204166666666667 29.500000000000004 0.51190476190475931 0.82963895499776918 157.50000000000003 5.7500000000000009 1.7500000000000002 0.67446004016619177 1.5000000000000002 12.500000000000002 1902.5000000000002 -7.7434210526315779 2.5000000000000004 2.5000000000000004 4.5000000000000009 -5.1818181818181825 1.2330316742081451 -0.37268518518519039 0.40161290322580651 2.3491682928240873 7.5000000000000009
decision_type=10 8 2 10 8 10 10 2 2 10 2 10 2 2 2 2 10 10 2 8 2 8 2 2 2 2 2 2 2 10 2 10 10 10 2 10 8 10 2 2 10 10 2 8 2 2 10 10 2 8 2 2 8 8 10 8 10 10 8 10 2 2
left_child=1 2 25 21 5 -2 13 -8 12 10 30 -12 27 14 15 16 29 -18 19 -11 -20 22 -3 -16 -17 26 -1 28 -5 -7 32 -32 -10 -34 35 -33 -37 -23 39 40 41 42 43 -6 -40 -46 47 48 -43 -22 53 52 -52 54 -28 -55 -56 58 59 61 -61 -57
right_child=4 3 -4 8 38 6 7 -9 9 18 11 -13 -14 -15 23 24 17 -19 20 -21 49 37 -24 -25 -26 -27 50 -29 -30 -31 31 34 33 -35 -36 36 -38 -39 44 -41 -42 46 -44 -45 45 -47 -48 -49 -50 -51 51 -53 -54 55 56 57 -58 -59 -60 60 -62 -63
leaf_value=-0.0078618262418669038 -0.003637802916051959 -0.015953278338451865 -0.019707130319259938 0.047751143642120762 -0.005340291279078274 0.02825348947100164 -0.005998272381357043 0.004290938175881393 0.00081559547198510737 0.028831791431700587 -0.00012222442945626744 0.011807821029994113 0.00054972127847051583 0.00044598125566401944 0.018671122898093855 0.019216098106519204 -0.020728499353901215 0.0073764544643381115 -0.012313477033827229 0.0027538421318436951 -0.008349128118994702 -6.2884588175134712e-05 0.018645103168078096 0.0023826320253186248 -0.0010127533158927051 -0.012238799924450134 -0.0014774126760981143 -0.00028316179500648912 0.0014625221038650404 0.0033246173393711833 -0.011098061010122421 -0.0030218729083785279 0.036672824815150017 -0.0051824008783282784 0.016192846815686203 0.037978717329195104 0.0034005779617325544 -0.0056416125713906204 0.012777185591538785 -0.020871517657244439 0.028589933740413676 -0.0038649936503045907 0.024505137669262905 0.017448563757042516 -0.0053958879228548804 -0.026622178129543147 0.010846412205513646 -0.015483003533686293 0.013048326768427758 0.015579788980296681 -0.021318200949675351 0.00055434133479248884 -0.0050466661115829061 0.0010647674623956356 0.0073014713178038574 0.0098274458813886675 -0.012684326577865839 0.0129456614234012 -0.0022439586666012728 0.00016424556232321933 -0.024335892538024435 -0.010766842808707319
leaf_weight=302.63263392064255 357.08535897289403 14.994486817857249 71.59216502297204 32.056519738747738 92.876977703999728 33.061017306521535 341.26164017769042 361.79360928572714 669.82189073250629 64.735108191147447 3623.1492919590091 163.16436342266388 59.249900502618402 241.63890878413804 64.366672598524019 381.25790112931281 45.127898710314184 33.582073898985982 43.23223121277988 44.464323452324606 28.195845420705155 41627.463715266727 77.302701626322232 371.07384127378464 40.92285821493715 113.71810763631947 2443.3831079155207 20.064753375132568 20.941578137455508 64.780939549440518 33.769979949109256 116.68558529298753 23.672833615797572 17.033927578479052 226.74353558896109 19.920380643918179 41.841041488340124 433.33040215389337 28.987832131329924 31.114575637504458 22.043402557261288 360.11508673848584 48.578006664873101 43.81285459024366 181.94232494861353 48.176121725002304 67.086456694640219 81.048042126465589 57.00662701157853 79.191011083894409 56.854911990696564 596.88960597268306 944.44175111944787 6919.8182558292756 55.750884887762368 338.48610043874942 351.40618045232259 82.795562555082142 6056.8341608271003 933.87841036811005 26.324852070771158 37.722724562510848
leaf_count=2810 2617 394 1021 414 1122 215 2747 2625 6684 568 32970 1376 674 1336 390 2288 320 264 334 544 227 591138 1576 2228 220 1241 22069 297 255 390 377 1023 356 360 1675 193 430 9576 353 201 164 3210 517 644 1474 349 512 675 392 607 719 5565 8896 55657 702 2646 3210 522 42804 9747 240 353
internal_value=-0.000100697 -0.000209509 -0.00111891 0.000160846 0.00203553 0.00359241 0.00490297 -0.000710514 0.00215891 0.00186087 0.00143504 0.000406774 0.0133684 0.00798707 0.00973845 0.0131329 0.00304527 -0.00901299 0.00977054 0.0187987 0.00283137 -9.19246e-05 0.0124933 0.00497502 0.0172664 -0.00104473 -0.000975064 0.0230626 0.0311636 0.0127122 0.00480562 0.0091457 0.00207917 0.0205074 0.0109476 0.00402303 0.0165624 -0.000121023 -0.0013872 0.000629264 0.00162383 0.000647857 0.00862972 0.00232213 -0.00753528 -0.0103113 -0.002021 -0.00384436 -0.00142633 0.00920501 -0.000862411 -0.00360314 -0.00607192 -0.000607463 -0.00269458 -0.0001934 -0.00989235 -0.00135789 -0.00152672 0.0017202 -0.000630035 0.00764831
internal_weight=70212.3 66813.6 19332.5 47481 3398.74 2335.95 1978.87 703.055 5327.93 5195.62 4935.8 3786.31 132.313 1275.81 1034.17 598.733 176.552 78.71 259.819 109.199 150.619 42153.1 92.2972 435.441 422.181 19260.9 19147.2 73.0629 52.9981 97.842 1149.49 438.961 710.529 40.7068 405.191 178.447 61.7614 42060.8 1062.79 803.682 772.567 750.524 185.268 136.69 259.106 230.118 565.256 498.17 417.122 107.387 18844.6 1598.19 1001.3 17246.4 2850.54 14395.9 407.157 7476.04 7393.25 1336.41 960.203 376.209
internal_count=835503 810250 158202 652048 25253 15640 13023 5372 49364 47724 45444 34346 1640 7651 6315 3697 1189 584 2280 1112 1168 602684 1970 2618 2508 157181 155940 966 669 605 11098 3698 7400 716 3321 1646 623 600714 9613 7437 7236 7072 2283 1766 2176 1823 4789 4277 3602 834 153130 15180 9615 137950 25981 111969 3912 56312 55790 12986 9987 2999
is_linear=0
shrinkage=0.04


Tree=54
num_leaves=63
num_cat=0
split_feature=28 56 14 58 37 51 47 29 14 56 38 40 56 10 64 58 46 41 12 38 43 42 5 12 38 12 23 25 19 28 15 33 12 39 15 33 12 36 28 40 50 17 30 5 31 65 12 19 31 45 48 39 64 26 5 28 24 7 68 50 50 45
split_gain=9.5918 13.8175 13.3469 10.3465 10.4551 10.0598 10.056 11.3546 11.4142 14.9995 23.4938 10.6561 11.3098 9.82073 9.1322 12.5108 9.59591 9.29735 8.62986 8.42176 9.05677 8.37952 8.36167 8.16849 7.40734 9.72203 11.2106 7.72153 7.78004 10.2347 8.74187 7.63202 7.38807 7.32278 12.0322 7.18116 7.16032 11.6433 11.3998 13.6578 15.7902 10.509 12.8947 9.17318 9.14722 10.3422 8.31563 14.4752 13.7789 9.87811 14.8519 12.4377 11.3014 10.917 11.8177 13.8276 11.3945 10.1268 9.85829 9.7834 17.4642 12.8127
threshold=7.5000000000000009 -14.118055555555555 0.4333573833573835 -10.78416149068323 1.0000070917743435 1.2456409153197943 0.84168680708254062 2.7862497798366346 0.48811366651923943 2.2247474747474816 131.50000000000003 22.500000000000004 3.63961038961039 1.4250268260277423 0.80277777777777792 0.42857142857142355 7.5000000000000009 0.87500318694046442 7.5000000000000009 5574.5000000000009 1.456659677389794 8.5000000000000018 8.5000000000000018 45.500000000000007 2260.5000000000005 26.500000000000004 71.500000000000014 72.416666666666671 0.75000000000000011 23.500000000000004 0.61779761904761921 0.26772762937694111 57.500000000000007 1.0158226915620572 0.42500148544266197 0.8324966244303228 4.5000000000000009 8.5000000000000018 3.5000000000000004 30.500000000000004 30.500000000000004 58.500000000000007 1.5000000000000002 7.5000000000000009 0.81824149011876945 14.404545454545458 15.500000000000002 -5.7499999999999991 3.9261470078709704 0.89003040918138232 112.50000000000001 1.1937509027451907 0.063508064516129045 116.50000000000001 4.5000000000000009 4.5000000000000009 68.500000000000014 134.50000000000003 10505.125000000002 14.500000000000002 16.500000000000004 0.9993869182823133
decision_type=2 10 8 2 2 2 2 2 10 10 2 2 10 2 8 2 2 2 10 2 2 2 2 10 2 10 10 10 10 2 10 10 10 2 10 10 8 2 2 2 2 8 2 2 2 8 8 10 2 2 2 2 8 8 2 2 10 10 2 2 2 2
left_child=36 2 -2 -3 5 13 18 8 9 10 -8 23 22 14 24 21 17 -17 -6 20 -12 -16 -13 -10 27 26 33 28 29 31 -30 -5 -25 -26 -35 -15 37 41 39 40 -39 42 -1 -40 -41 -46 47 -38 49 51 57 52 -49 54 55 56 58 -51 -53 61 -61 -48
right_child=1 3 -4 4 6 -7 7 -9 11 -11 19 12 -14 35 15 16 -18 -19 -20 -21 -22 -23 -24 32 25 -27 -28 -29 30 -31 -32 -33 -34 34 -36 -37 46 38 43 44 -42 -43 -44 -45 45 -47 59 48 -50 50 -52 53 -54 -55 -56 -57 -58 -59 -60 60 -62 -63
leaf_value=0.027345555897899092 -0.0084818374942872907 -0.016148598819186184 0.04082368311025604 -0.0056235950346482507 0.0030326027225879822 -0.0076700704986563586 0.042486577959251245 -0.01430203052350916 -0.013183677107689605 -0.0035172991617719706 0.0066720027500784627 -0.0095019335505970148 0.021788179607423713 0.0022571962822105977 0.0095812548086859298 -0.0037558112836012128 -0.0091824256561217309 0.040927363116814434 -0.0093093891562945879 0.024996310158469315 -0.012312250112757439 -0.025250162393219679 0.019193209235525338 0.028327044004967876 -0.016427783401251807 0.014013289824534656 0.019480854909334617 -0.0021975543216380435 -0.0070975607343318559 -0.010285071867348622 0.023961839574728441 0.017190634641477864 -0.0053064614693498118 -0.020243256583813412 0.014039538759190609 -0.021157847160728514 -0.016946557338882205 0.0051201274106041908 -0.0081923400356651559 0.011100350387039553 0.020472711383423464 -0.0069799418234905717 -0.0056897781399988289 0.014611147576948365 -0.017341155848355091 0.010150915349368858 -3.9912371454212922e-05 0.025156305902609599 0.02446260883508811 -0.0019184476449442787 0.0023538669904628502 0.0042206054291972729 0.0014184516869220468 0.013884322688736437 -0.0094271742449611139 -0.024614620047903383 0.027694795129758951 -0.012455679324497895 -0.015903643904862846 -0.0057965829017457213 -1.8175644512583197e-05 0.0023460443019027557
leaf_weight=31.113579239347018 11.877758831251414 82.798268551006913 17.898090343456715 23.267087088897824 102.96243622130714 176.37880732538179 26.068518511019647 95.294738102238625 213.46070706180762 263.48217030055821 205.0406371303834 73.519722716649994 34.699217104818672 37.168684220872819 11.127568794763645 11.204341433825904 24.269633849849924 13.436528711579738 642.22702385217417 26.948994114529341 44.924709963146597 47.701175832538866 15.614443973172454 10.628285819664596 85.734757534228265 50.645806590095162 20.612029374577105 89.668759906548075 64.590960319968872 23.705616218037903 13.318265364505349 276.8567180079408 27.942412276053801 21.026302486658096 39.254163972102106 40.58788411738351 84.055834740051068 243.49874001718126 127.72755266539752 50.234278041403741 193.14384449145291 246.62934007972945 36.729343234095722 31.025447428924963 66.946753004100174 27.586450643837452 7702.7520026505226 27.379642511485144 29.548778506927192 9034.2776546237292 1380.5986689149868 226.56643125531264 3895.0230542038335 47.119996499619447 423.3143692453159 26.161219134228304 22.974723180057481 143.52532447758131 41.835712773608975 852.0470921092201 35525.967020581476 6757.4428302482702
leaf_count=304 158 1630 463 344 1031 1924 298 903 3150 2272 2242 989 397 417 328 219 384 234 8335 261 427 1267 249 174 1096 766 216 1018 961 352 261 3499 575 177 416 443 1496 2214 1055 405 1576 2100 341 318 558 145 135691 295 203 90203 13524 2349 57711 440 4443 228 186 1314 579 11187 391834 77068
internal_value=-9.70308e-05 -0.00232126 0.0227638 -0.00261391 -0.00219361 0.000928699 -0.00406586 -0.00150689 -0.000144302 0.00343149 0.00943334 -0.00550767 0.00399385 0.00265805 0.00396802 -0.00666369 0.00788217 0.0234034 -0.00759526 0.00562339 0.00308554 -0.0184273 -0.00372269 -0.010163 0.0056197 -0.000528157 -0.00522747 0.00831589 0.0106607 0.0133537 -0.000663216 0.0153588 0.00614852 -0.0092449 0.00144685 -0.010505 1.19329e-06 0.00326332 0.00599087 0.00856934 0.0120661 -0.0031497 0.0102977 -0.00342575 -0.00202806 -0.00921157 -5.10021e-05 -0.000865726 -0.000771863 -0.00082869 -0.00150802 0.000694033 0.00161597 -0.00387645 -0.00509158 0.000744795 0.00339853 -0.00208992 0.000850367 0.000195574 -0.000154296 0.0010755
internal_weight=70241.2 2965.94 29.7758 2936.17 2853.37 1070.56 1782.81 1037.62 942.33 566.465 302.983 375.865 123.833 894.176 816.42 107.739 48.9105 24.6409 745.189 276.914 249.965 58.8287 89.1342 252.031 708.68 217.273 166.627 491.407 401.739 323.829 77.9092 300.124 38.5707 146.015 60.2805 77.7566 67275.2 1054.64 740.163 581.41 436.643 314.472 67.8429 158.753 144.767 94.5332 66220.6 15382.4 15298.3 15268.8 10558.4 4710.38 3922.4 787.972 740.852 317.538 291.377 9177.8 268.402 50838.2 36378 14460.2
internal_count=835643 37876 621 37255 35625 14322 21303 11937 11034 5500 3228 5534 1635 12398 11538 2432 837 453 9366 2930 2669 1595 1238 3899 9106 2671 1905 6435 5417 4195 1222 3843 749 1689 593 860 797767 9016 6271 4898 3790 2745 645 1373 1108 703 788751 172971 171475 171272 105041 66231 58006 8225 7785 3342 3114 91517 2928 615780 403021 212759
is_linear=0
shrinkage=0.04


Tree=55
num_leaves=63
num_cat=0
split_feature=27 18 18 3 28 7 48 8 61 64 27 55 68 12 15 31 14 66 27 10 65 26 29 12 32 47 12 49 35 38 29 15 34 27 33 37 64 26 23 64 18 40 47 63 51 51 37 23 1 43 49 68 32 5 64 15 67 4 51 37 40 21
split_gain=13.7723 10.7737 11.6733 11.3212 11.308 11.735 11.0384 17.7923 11.3372 10.5814 10.488 15.6195 12.0608 10.3134 12.374 10.083 9.91896 9.84294 9.78396 12.2099 13.7452 12.8515 12.4802 11.5099 11.0802 17.5675 13.1437 11.8128 13.0492 13.6484 11.166 11.0637 11.8649 13.0229 15.22 10.9954 14.5743 10.7877 10.2016 12.4675 10.1563 10.0838 12.8906 10.8584 10.4055 12.3093 10.0363 10.0736 9.91882 14.6065 11.3493 9.74992 18.5433 13.2303 10.0871 15.3057 10.0602 15.9021 11.2298 10.6698 10.6387 10.4847
threshold=10.500000000000002 3.5000000000000004 21.500000000000004 4.7500000000000009 7.5000000000000009 88.500000000000014 3.5000000000000004 24.500000000000004 0.14434523809523811 0.38675213675213682 6.5000000000000009 0.41221228691265338 4232.0900000000011 290.50000000000006 0.37048534798534799 3.9261470078709704 0.36113199665831258 0.67902930402930417 -10.499999999999998 0.81889005744975651 15.881944444444445 76.500000000000014 0.47278743340662416 11.500000000000002 9.5000000000000018 0.94609412105207791 177.50000000000003 1.0707808285228466 0.98103892728517728 3340.5000000000005 2.0689868993931753 0.54873033828916196 21.500000000000004 4.5000000000000009 1.7027185569287397 1.4230883406798982 0.92450142450142458 56.500000000000007 45.500000000000007 0.24621212121212124 -6.4999999999999991 17.500000000000004 1.0197558228050181 0.38077185761010396 0.75416191550018941 0.92833913470228302 1.0266120700281831 54.500000000000007 5.5000000000000009 1.500208373239911 1.288297115849357 6928.2400000000007 16.500000000000004 5.5000000000000009 0.10620300751879701 0.35417150831624522 0.57417582417582425 9.5000000000000018 1.177568354910276 1.280647102624848 40.500000000000007 8.5000000000000018
decision_type=10 10 10 10 2 10 2 2 2 8 10 2 2 10 8 2 10 8 10 2 10 8 2 10 10 2 10 2 2 2 2 10 2 10 10 2 8 10 10 8 8 2 2 2 2 2 2 10 8 2 2 2 8 2 8 8 8 2 2 2 2 10
left_child=1 4 6 -4 10 -6 7 17 -8 -9 18 -12 16 -10 -15 -2 -13 -3 19 20 23 22 37 -1 -23 30 27 28 -27 -30 35 38 33 -33 -35 36 -26 -21 39 -20 -24 42 44 -43 -22 -46 -29 -48 -34 50 -50 52 53 56 -55 -56 -40 58 -58 -59 -60 -61
right_child=15 2 3 -5 5 -7 8 9 13 -11 11 12 -14 14 -16 -17 -18 -19 31 21 41 24 40 -25 25 26 -28 46 29 -31 -32 32 48 34 -36 -37 -38 -39 51 -41 -42 43 -44 -45 45 -47 47 -49 49 -51 -52 -53 -54 54 55 -57 57 59 60 61 -62 -63
leaf_value=-0.0039918136773183007 0.0020261587423432486 0.0043319806806227327 0.0077890131799062713 -0.0088343421401002441 -0.0014815841540657564 -0.0097010537007356269 0.0010581369664878699 0.036142085325198518 -0.0038859874905660171 0.0026651379434526512 0.024572155322263312 0.0011253622430498133 0.0015646210009562954 0.028474698027432039 -0.0093116285785932139 0.020211552984899933 0.029553820866819763 -0.014916200689788819 -0.0041275634166085757 -0.0096543846759291653 -0.015571213695980671 0.00043380403327867635 0.013284331021338896 0.00213229056544486 -0.0072177334451178025 0.0034577388498425649 -0.012623847558184981 -0.0043173911248002217 0.039456185641715567 -0.0027629638122679701 -0.016366953467753284 -0.00298524552849331 -0.00052533609312741176 0.0053588389586368126 -0.013845710643663578 0.013351174944381679 0.018488072863967097 0.029820412141157108 -0.0030638580061688211 0.014967965134600048 -0.0022019923545158909 0.0092941184663294305 -0.0081428322720654631 0.02954156790094185 0.033987639387914041 0.0062530252954944862 -0.013174451978589163 0.017673313463559933 0.0079963853164636087 0.028773620522583754 -0.013317459762758511 0.0004543579591165426 0.0077191673437665403 -0.01489287556294969 0.0023976808974659524 -0.0062759334549198154 -0.0055511157092225432 0.0076068533001546236 1.4368213678044402e-05 -0.0090731544396460643 0.017476740433263686 0.019127414659086329
leaf_weight=534.34511977731017 4430.7035056058085 186.38940003002062 341.22766309417784 76.455810436513275 2272.5826760263299 312.13616292574443 1028.434016486397 35.8401771010831 3913.6974420929328 25.32627318019513 44.116566441836767 35.323333837091923 4056.0039506210014 29.315159352263436 20.014744243584573 44.401639856398106 40.409456759924069 49.643937367247418 81.819430698989891 13.110035882098598 17.615608309512027 13960.67977862159 63.893799390411004 5518.4622424049303 186.24053200229537 36.66785453306511 28.672583472449332 68.694992754142731 67.374141428968869 13.992529115872456 55.498822150868364 5839.5061206736136 638.20630436355714 549.8968026736984 70.111461299005896 95.569269248051569 38.345906298374757 31.035868393955752 1429.1382824027678 149.82477634469979 4421.6232057597954 189.82720031030476 99.358292928081937 53.17765461653471 31.774155217804946 94.824547618161887 15.745920782210304 126.80789259274025 233.59448119217996 41.825614659348503 43.331407639547251 14676.655907299486 319.34490403637756 143.54691027035005 440.3511293490883 1219.3135900034104 572.47317005530931 671.89277201856021 271.90889252326451 119.28690694179386 65.244244979694486 20.577361784875393
leaf_count=14365 32709 1855 5109 1337 29987 3962 8233 416 38294 557 358 226 31936 302 351 264 293 1210 934 322 272 164402 1407 120852 3284 649 468 917 1100 212 793 80510 8438 5442 672 1830 806 554 11976 2303 60142 1580 951 341 481 1159 271 1757 3796 545 658 149303 3428 1425 3644 11928 4344 6860 1741 1181 394 190
internal_value=8.29872e-05 -6.30571e-05 -0.00172328 0.00467765 9.46503e-05 -0.002491 -0.00223275 0.00519818 -0.00267996 0.0235296 0.000211011 0.00214029 0.00187136 -0.00365013 0.0136975 0.00222895 0.0171851 5.81465e-05 5.98462e-05 0.000620369 0.00211268 0.000112314 -0.00174929 0.0015888 0.00068657 0.00546123 0.0117373 0.0140157 0.0239543 0.0324562 -0.000594777 -0.000463435 -0.00178401 -0.00239982 0.00309377 0.00234896 -0.00252167 0.018308 2.21857e-05 0.0082785 -0.00196685 0.00854708 0.00270403 0.0142312 0.0101996 0.0142408 0.00803702 0.013935 0.0023636 0.00806663 0.00448431 -7.57319e-05 -0.00155017 -0.00215491 -0.00488228 -0.00397431 -0.000588625 0.0014693 -0.00215826 0.00552255 0.00359961 -0.0044072
internal_weight=70303.2 65828.1 5706.34 417.683 60121.8 2584.72 5288.66 297.2 4991.46 61.1665 57537 4175.85 4131.74 3963.03 49.3299 4475.11 75.7328 236.033 53361.2 25763.3 6539.38 19224 4529.66 6052.81 14694.3 733.61 357.956 329.283 118.035 81.3667 375.655 27597.9 7416.47 6459.51 620.008 320.156 224.586 44.1459 20181.4 231.644 4485.52 486.577 243.573 243.005 144.214 126.599 211.249 142.554 956.958 318.752 276.926 19949.7 5273.08 4953.73 1803.21 1659.66 3150.52 1721.38 909.626 811.757 337.153 139.864
internal_count=836026 803053 57664 6446 745389 33949 51218 4038 47180 973 711440 32813 32455 38947 653 32973 519 3065 678627 378915 140001 238914 62425 135217 176489 12087 5374 4906 1961 1312 6713 299712 100061 86624 6114 5920 4090 876 199651 3237 61549 4784 2863 1921 1912 1640 2945 2028 13437 4999 4454 196414 47111 43683 16997 15572 26686 14710 6479 8231 2135 1371
is_linear=0
shrinkage=0.04


Tree=56
num_leaves=63
num_cat=0
split_feature=27 36 68 67 38 71 43 47 55 63 60 4 27 29 13 58 40 13 17 65 47 53 41 32 54 53 41 47 56 8 37 38 13 31 14 32 29 50 34 8 56 58 15 6 4 15 33 37 64 20 38 63 63 31 8 10 25 57 62 44 13 68
split_gain=9.79759 13.1143 11.9689 11.3425 18.5984 13.576 16.4289 16.5936 12.8021 12.147 12.1063 12.8998 11.3539 13.186 11.3018 10.6362 10.2831 13.6371 13.3105 14.17 11.1025 14.2547 10.3083 10.0926 9.81466 11.0901 11.2052 10.1092 9.66822 9.65068 10.101 10.049 9.5163 10.2254 15.112 11.2739 11.0512 11.2783 10.1708 9.43563 9.37536 9.33133 9.32909 9.936 10.9131 9.24337 9.06529 11.9964 20.3942 17.9571 11.7019 12.7108 11.561 9.51338 9.47055 9.30059 10.4762 9.18475 12.6512 9.38303 10.6289 10.0989
threshold=8.5000000000000018 4.5000000000000009 5410.5750000000016 1.0678160919540232 155.50000000000003 1.0000000180025095e-35 1.0611604688784544 0.57646628869152294 0.81190194727125486 0.11175673368219897 -0.2265715063148688 14.500000000000002 4.5000000000000009 0.56123585291577671 0.57979626485568769 2.1999999999999962 55.500000000000007 0.13484848484848486 81.500000000000014 15.256578947368423 0.87248230615458999 1.5628567832079809 1.9169717356136029 16.500000000000004 60.500000000000007 0.84509377025020593 1.8322970577162843 1.5552240260437438 -4.9852941176470571 7.5000000000000009 1.4043524614540115 288.50000000000006 0.093073593073593086 2.1627878266379854 0.39905118030118036 6.5000000000000009 3.1677988826815651 619.50000000000011 3.5000000000000004 16.500000000000004 4.0166666666666666 3.9852941176470584 0.45486562049062057 131.50000000000003 8.5000000000000018 0.60357767232767245 0.68973240143645997 0.9470588484876874 0.43875000000000003 2.5000000000000004 1790.5000000000002 0.10860025047056561 0.064439955740630231 0.80000532807629821 10.500000000000002 0.98298159628381232 72.833333333333357 0.72821969696969713 -0.024320987646874067 814.50000000000011 0.16954022988505749 7870.5850000000019
decision_type=10 2 2 10 2 2 2 2 2 2 2 2 10 2 8 2 2 8 8 10 2 2 2 10 2 2 2 2 10 2 2 2 8 2 10 10 2 2 2 2 8 2 8 2 2 10 10 2 8 8 2 2 2 2 2 2 10 8 2 2 8 2
left_child=3 14 29 16 9 10 7 -7 -8 23 -6 -12 13 -9 -2 -10 24 -18 19 41 -20 22 42 -5 -1 -26 27 -27 -16 -3 -31 -32 -4 35 36 46 37 38 -35 -14 -11 -19 -22 44 -44 -43 57 48 -48 -50 51 52 -49 -52 55 -55 -57 59 -59 -34 61 -61
right_child=1 2 32 4 5 6 8 12 15 40 11 -13 39 -15 28 -17 17 18 20 -21 21 -23 -24 -25 25 26 -28 -29 -30 30 31 -33 33 34 -36 -37 -38 -39 -40 -41 -42 45 43 -45 -46 -47 47 50 49 -51 53 -53 -54 54 -56 56 -58 58 -60 60 -62 -63
leaf_value=-0.00022803986241860629 -0.0024045983250341714 0.021949757929886564 -0.00076288874356951757 0.024888340688121447 -0.0068723078378951016 -0.019473920627753417 0.032452084821458976 0.028399256274539909 0.015376673836503452 0.009448133392547034 0.0021365693885737613 -0.015675391638317993 0.033697296799946076 -0.0023952001457712385 0.020921430727963226 -0.00030628972691643905 -0.014456194577052571 -0.010761716830816486 -0.006194429961549344 0.0098305438766667814 -0.00052031446425808328 -0.0051403806088587143 0.024940815547942155 -0.006464769203182179 -0.00613370601062706 0.0090067620557446586 -0.0038712483341058848 0.030743288447790784 -0.00079908902530013222 0.011423830801137253 -0.020619343362069619 0.005349388432982021 -0.0098807157522178141 0.014693559647249015 0.0096488541501688584 0.00059721135175487745 -0.023265637103098227 -0.016081043832232033 -0.0023456260831131383 0.00029374802546335558 -0.022852897116428711 0.0057633873665952811 -0.0065850744199569666 0.022559027258967572 0.014866957151986189 -0.01467796416841519 -0.0061425014324228483 0.010752817402073593 0.029209228166804071 -0.0057394615944787808 0.016990818805208859 0.020798266932016245 -0.011706848869049789 0.013995218389646812 0.0093861889964850179 -0.020288813682496541 -0.00063813052392173249 -0.0014461845043379992 0.020846862907526457 0.0090404685041259678 0.012240619498017496 -0.014060828893411169
leaf_weight=57735.926969137625 1732.392356742057 73.547282370273024 1579.2660744957393 114.98001857253257 361.8289422809612 52.357999127474613 40.898721384583041 19.450218917569146 173.11497332190629 38.337499035638757 1345.6113394022686 63.375166409416124 28.518055987078696 242.07553130749147 58.899116395681631 112.82960443827324 153.34900428215042 494.63273836800363 243.87844029557891 75.357365476433188 215.71437128668185 202.1039298188407 43.760260208044201 16.935300919227302 101.9399562481558 267.56685212696902 89.100852231262252 36.141356206964701 66.62069614988286 170.07111364288721 33.721420215442777 58.137067316100001 148.25638276757672 59.019953369162977 159.58373791945633 1041.6775009345729 39.226215477101505 78.73725772742182 445.2856569995638 22.837840357329696 16.533620739821345 123.65744069777429 68.787408607080579 74.134847058332525 74.083075549802743 43.826931873569265 222.747393717058 370.64730961679015 55.316117873764597 36.242299920297228 81.55728225747589 213.33704192820005 36.532150042243302 42.275105336681008 183.34753757854924 52.599696425721049 177.58407866000198 84.894163797143847 72.237674438860267 45.552277377806604 100.48365907906555 71.966679569333792
leaf_count=725253 12002 414 12037 1840 4708 779 474 328 2139 493 14482 1276 240 3899 1107 1146 1112 5003 2640 478 1704 1608 353 265 1006 2503 657 297 823 1152 198 337 1209 387 1246 8374 220 529 3099 228 166 1016 615 716 1008 470 1607 2990 441 475 603 1414 259 268 1363 316 1236 904 559 268 750 572
internal_value=5.2216e-06 0.00136188 0.00230778 -0.000159156 0.00239954 0.00146212 0.00619075 0.000332846 0.0126332 0.0143996 -0.00039818 0.0012828 0.00390151 0.000384851 -0.00155568 0.00928949 -0.000272259 -0.00323447 -0.00215748 -0.00614449 0.00104593 0.00367434 0.00742775 0.0207741 -0.000179747 0.00540179 0.00843489 0.0120495 0.0098041 0.00958482 0.00576675 -0.00475607 0.0018471 0.00292596 -0.00114762 0.00397475 -0.00397127 -0.00248639 -0.00022682 0.0201868 -0.00138042 -0.0080227 0.00539202 0.0111485 0.00466509 0.000143913 0.00573191 0.00733507 0.000395044 0.0157944 0.00920913 0.0129398 0.00862017 0.00482154 0.00248336 -0.00224724 -0.00546442 0.00119583 0.00912936 -0.00228492 0.00298645 -0.00510288
internal_weight=70285.4 7591.76 5733.85 62693.6 2649.68 2462.9 692.083 365.24 326.843 186.786 1770.82 1408.99 312.882 261.526 1857.91 285.945 60044 1813.29 1659.94 737.474 922.462 678.584 476.48 131.915 58230.7 494.749 392.809 303.708 125.52 335.477 261.93 91.8585 5398.37 3819.11 781.853 3037.25 622.269 583.043 504.306 51.3559 54.8711 662.117 432.72 217.005 142.87 167.484 1995.58 1472.19 314.306 91.5584 1157.88 620.517 407.179 537.364 455.806 272.459 230.184 523.391 157.132 366.259 218.003 117.519
internal_count=836061 57159 43227 778902 32463 29699 9233 5474 3759 2764 20466 15758 4695 4227 13932 3285 746439 16723 15611 6967 8644 6004 4396 2105 729716 4463 3457 2800 1930 2101 1687 535 41126 29089 5481 23608 4235 4015 3486 468 659 6489 4043 2339 1623 1486 15234 10972 2523 916 8449 4663 3249 3786 3183 1820 1552 4262 1463 2799 1590 840
is_linear=0
shrinkage=0.04


Tree=57
num_leaves=63
num_cat=0
split_feature=27 23 29 38 67 24 9 9 38 52 52 26 67 62 50 28 38 39 26 25 41 68 27 18 53 44 33 25 38 26 17 24 23 58 23 4 10 14 66 33 17 24 21 38 10 4 55 22 44 53 24 63 47 31 33 26 14 37 17 44 39 66
split_gain=12.375 14.3157 13.6631 11.6677 11.6205 14.5358 11.4825 15.2083 13.734 13.4738 11.9161 10.9524 12.0984 10.941 12.0044 10.7904 10.6388 12.1422 15.7123 14.4336 12.0427 10.326 10.0914 18.8499 12.2579 12.4699 12.1559 10.5462 10.8454 10.1614 19.9964 18.2222 17.6749 13.5993 13.3883 12.3456 14.6022 14.5507 11.8105 11.7772 11.5039 11.4535 15.7627 12.2456 11.3991 18.7597 11.3591 11.2709 11.2397 11.0702 13.2536 10.1759 11.3577 10.3794 10.0981 15.855 10.0644 10.0511 10.8544 10.385 11.8873 9.95902
threshold=17.500000000000004 146.50000000000003 3.2558669038844417 3969.5000000000005 0.79057017543859665 43.500000000000007 0.76642702531149343 1.2061267281265404 3501.5000000000005 11.500000000000002 1.5000000000000002 47.500000000000007 1.134848484848485 0.19885781710228037 46.500000000000007 7.5000000000000009 489.50000000000006 1.3143427958114575 88.500000000000014 84.416666666666671 0.72216725644040103 9616.715000000002 11.500000000000002 6.5000000000000009 1.5282489044797722 1418.5000000000002 1.4112112900194969 79.166666666666671 519.50000000000011 105.50000000000001 107.50000000000001 95.500000000000014 95.500000000000014 -6.196153846153833 86.500000000000014 10.500000000000002 0.94513489756322266 0.64675925925925937 0.49375000000000008 0.62343504024810803 104.50000000000001 65.500000000000014 -2.4999999999999996 519.50000000000011 0.57692931157774463 9.5000000000000018 2.0673057107375041 1.0000000180025095e-35 36.500000000000007 0.41630269507399165 23.500000000000004 -0.1039095029230379 1.7057945650758259 0.77783374267659344 1.7419771863998788 126.50000000000001 0.8889033189033192 2.9636644119754019 83.500000000000014 2978.5000000000005 0.90875927364820475 0.072478991596638662
decision_type=10 10 2 2 10 8 2 2 2 2 2 8 10 2 2 2 2 2 8 8 2 2 10 8 2 2 10 10 2 8 8 10 8 2 10 2 2 8 10 10 10 10 10 2 2 2 2 2 2 2 8 2 2 2 10 8 10 2 10 2 2 8
left_child=2 57 3 4 15 6 11 9 10 -8 -9 12 -6 -7 16 22 -15 18 -18 -19 -20 -17 29 24 25 -24 -26 -27 -29 31 32 40 34 39 35 -31 37 -37 61 -32 49 42 -36 -43 45 -40 51 48 -34 50 -1 52 54 -53 -41 -56 -13 58 59 -2 -61 -35
right_child=1 -3 -4 -5 5 13 7 8 -10 -11 -12 56 -14 14 -16 21 17 19 20 -21 -22 -23 23 -25 26 27 -28 28 -30 30 33 -33 47 38 41 36 -38 -39 44 46 -42 43 -44 -45 -46 -47 -48 -49 -50 -51 -52 53 -54 -55 55 -57 -58 -59 -60 60 -62 -63
leaf_value=0.036024015394526702 0.0038127776310306668 0.028237194671138603 -0.0063707872328196205 -0.001415566700299793 0.0050606311851720013 -0.0010618395611998489 0.0079994202565751935 0.0036396155534998203 0.017687136981199555 -0.0043080535158916437 -0.0052358045520423599 -0.0011931111742786466 0.033946183467454483 -0.0013143967954808106 -0.00010205807648715072 -0.0012705359113037407 0.0075074191936081352 0.01006971118926242 0.0016212278113266951 -0.017185599691698319 0.032022315345959333 -0.0078638709501396391 0.0056849684540648338 -0.0011243078192375142 -0.010182443605801002 0.0059277195888779071 0.0089754747395200292 0.0026971072556679207 0.030117657968125801 0.011532389327265946 -0.0057351276829214135 -0.012686728832371435 0.02064395673125621 -0.0098708338956827613 0.03090386950437846 0.02985032034850069 -0.0090008628599838793 -0.018304062490361754 0.03076896460506371 0.0033891497742150568 -0.0050844278707300175 0.0069830657283454457 -0.0011631958420953489 0.041402064638737503 -0.0023963843280842153 -0.014597142191258397 0.02881239427194672 0.016913130800043114 0.00057517008038185868 -0.00051932098191451474 0.004766468616727867 0.014159850183947031 0.031336034320722919 -0.002340886273547367 0.0307085935611843 -0.0060096806904612696 0.024654183525184812 -0.015001127578590477 0.010579329980946661 0.010974376795343022 -0.018379255643958158 0.00065444280108615778
leaf_weight=21.193900555605069 385.80520529136993 34.243345079012215 571.5362317567924 10480.866258191061 154.99963222641964 4415.6262909082579 1556.6850441392162 511.49964674771763 66.155097109498456 153.48468322493136 450.53072422696277 1463.9612756925635 22.872972977114841 181.29106302640866 946.8286221321905 1264.3661945617641 240.49380916007794 71.598826019093394 27.35528702638112 47.34374577505514 90.771524665993638 539.95553763594944 461.78202632779721 949.99344162689522 112.8359245210886 86.737055310513824 91.41112525947392 30.682324589695781 103.01735876197927 244.8984812226845 138.9447233871324 196.11879038030747 41.028730543330312 141.23070904263295 31.79803476203233 30.621444770833477 128.76677143049892 10.120384106994605 35.930559444939718 228.32775700464845 882.39938595157582 27.205229625920765 72.518096021842211 49.148325267713517 3921.8301208170597 18.933011696790345 31.00911140057724 71.441412227926776 1506.3308003053535 26923.478766096407 139.95477554714307 71.435665675555356 33.120412347721867 297.35983104433399 55.665146901970729 25.193786130752414 19.509971785708331 39.932992265559733 287.54503174428828 26.907307550311089 73.272404271177948 8819.8658421158325
leaf_count=357 4461 190 4650 106685 5135 52149 24504 7188 750 1829 5411 21068 618 1685 7061 16012 1970 458 286 356 856 7354 3287 6977 618 539 488 199 658 2776 1937 1934 512 1637 443 576 2151 434 436 4376 14124 345 884 574 45987 384 281 718 13434 356075 1522 793 460 3730 761 351 612 248 1850 272 572 90020
internal_value=-0.000179788 0.0046096 -0.000238693 -0.000187247 3.38365e-05 0.00124388 0.00299014 0.00457948 0.000729124 0.00688551 -0.000522434 0.000364582 0.00960166 -3.35068e-05 0.00278892 -0.000229869 0.00691299 0.0100175 0.0136469 -0.0010346 0.0253339 -0.00325992 -0.00011076 0.00279054 0.00696872 0.00952666 -0.00159869 0.0172699 0.0241491 -0.000231619 0.000572131 -0.000689199 0.00409693 6.15607e-06 0.00996245 0.00587605 -0.00239226 0.0171954 -0.000322048 0.00480027 -0.000602813 0.0189249 0.00957803 0.0303213 -0.00213481 0.0152019 0.00679798 0.00191671 0.00117208 -0.000455894 0.00983777 0.00564352 0.0105578 0.00100196 0.00786879 0.0195843 -0.000771503 0.00344855 0.00449123 0.000818004 -0.0103482 0.000483148
internal_weight=70157.8 847.706 69310.1 68738.5 58257.7 10421 4399.7 2738.36 1028.19 1710.17 962.03 1661.34 177.873 6021.31 1605.68 47836.7 658.854 477.563 358.621 118.943 118.127 1804.32 46032.3 1836.46 886.466 682.219 204.247 220.437 133.7 44195.9 16032.7 28163.1 2213.88 13818.8 595.077 414.407 169.509 40.7418 12937.8 881.056 27967 180.67 104.316 76.3536 3976.69 54.8636 742.112 1618.8 1547.36 27084.6 161.149 711.103 342.307 368.795 309.187 80.8589 1483.47 813.463 773.53 485.985 100.18 8961.1
internal_count=835008 7593 827415 822765 716080 131936 67115 39682 13349 26333 12599 27433 5753 64821 12672 584144 5611 3926 3112 814 1142 23366 560778 12766 5789 4683 1106 1396 857 548012 174000 374012 22847 151153 8183 5937 3161 1010 138464 12689 372078 2246 1327 919 46807 820 10752 14664 13946 357954 1879 10471 5948 4523 5488 1112 21680 7403 7155 5305 844 91657
is_linear=0
shrinkage=0.04


Tree=58
num_leaves=63
num_cat=0
split_feature=27 23 36 55 12 7 67 2 23 26 10 24 6 66 62 41 44 24 7 37 35 56 27 17 17 60 54 21 41 55 62 67 67 50 21 24 50 29 45 62 25 57 51 21 46 67 24 44 5 17 36 12 18 35 12 9 44 44 45 42 24 59
split_gain=11.3824 11.321 13.5101 11.9948 14.712 10.6047 9.24095 11.8908 11.9671 11.8207 11.596 14.0797 14.1603 14.191 13.5545 14.2127 13.014 11.9438 11.5417 13.751 17.454 17.4129 13.6015 11.5284 11.5029 11.3073 11.1308 10.9878 10.8476 10.8005 10.677 10.6161 10.6124 10.5753 12.0191 10.3674 10.1311 14.0314 13.9968 12.9184 12.1321 11.7091 10.9431 12.6682 14.075 12.3958 10.8324 10.5541 10.2015 13.4841 11.7107 10.4997 10.0871 9.95017 9.88101 14.931 9.78472 9.76144 9.63385 9.54102 14.2056 9.91185
threshold=12.500000000000002 128.50000000000003 2.5000000000000004 0.88889382228191638 17.500000000000004 80.500000000000014 0.45643939393939398 6.2500000000000009 16.500000000000004 64.500000000000014 1.0051036901788692 41.500000000000007 112.50000000000001 0.22361111111111112 0.29949435253873402 1.9465311768805804 2806.5000000000005 11.500000000000002 86.500000000000014 0.34079472621595824 0.56024595170521108 2.7875939849624065 -42.499999999999993 91.500000000000014 51.500000000000007 -0.3303327853893348 40.500000000000007 -1.4999999999999998 0.38207457503829484 0.62420519561809928 0.37789551096244511 1.3038461538461541 0.70185185185185195 1464.5000000000002 8.5000000000000018 13.500000000000002 6.5000000000000009 0.52640460415297452 1.0979086211481499 0.59190679585450745 59.416666666666679 0.80860805860805873 0.68512486728459943 6.5000000000000009 13.500000000000002 1.205263157894737 19.500000000000004 670.50000000000011 5.5000000000000009 63.500000000000007 17.500000000000004 28.500000000000004 4.5000000000000009 0.80000701707128963 26.500000000000004 1.2466463564158137 135.50000000000003 10456.000000000002 1.9674457765297555 30.500000000000004 61.500000000000007 -2.0816666666666661
decision_type=10 10 2 2 10 10 10 2 8 8 2 8 2 10 2 2 2 10 8 2 2 10 8 8 10 2 2 8 2 2 2 10 10 2 8 8 2 2 2 2 10 10 2 8 2 10 10 2 2 8 2 8 10 2 10 2 2 2 2 2 8 2
left_child=6 2 3 4 -2 -6 27 59 -9 10 11 12 -10 24 16 -16 31 -18 19 21 26 29 -20 52 -14 -13 -21 57 -27 -11 56 -15 -32 -29 35 -35 37 -22 48 40 -40 -42 43 46 -45 -44 -38 -48 50 54 51 -39 58 -47 55 -50 -12 -1 -24 60 61 -8
right_child=1 -3 -4 -5 5 -7 7 8 9 18 30 25 13 14 15 -17 17 -19 22 20 36 -23 23 -25 -26 28 -28 33 -30 -31 32 -33 -34 34 -36 -37 42 38 39 -41 41 -43 45 44 -46 53 47 -49 49 -51 -52 -53 -54 -55 -56 -57 -58 -59 -60 -61 -62 -63
leaf_value=0.00061280895713589057 -0.014045925571154874 0.0086587634197487252 0.0029304765980294953 -0.0094739743925992513 0.029857961137061202 -0.0011828898585388371 0.016838421383651755 0.01339562058015549 0.028413836682424809 0.016037812968322535 -0.016510235897252101 0.011495385979991817 0.022777751546975426 -6.8039382487730213e-05 -0.009740509764161456 0.024009110109708548 -0.0080748049069879063 0.012019998858817398 0.021058758979005821 0.0081523033753324106 0.031583410495494436 0.005769851098400793 -0.0032427867200565891 0.00069860906978179579 0.0040075199324699625 0.017311966327289516 -0.0095506709484570497 -0.0010344003931639434 -0.0068539254312195968 -0.014637804319228058 0.027051212737777611 0.027256840097825741 -0.0019871546067454222 -0.018356688411322503 -0.0033918690299484951 0.0059425099017232277 -0.022286159768606376 0.0058702387751909044 -0.0076438782353481973 -0.010467842090424622 0.016364696677732667 0.00014064265197855099 0.00054754288491466198 0.0039931317519551609 0.047485338802750007 -0.0049976050133691777 0.024946024928767727 0.0025042326339044132 0.042903513550657912 0.0024906574347454691 -0.010302664545761276 -0.005804558265322589 -0.013015645155576351 0.01596547278451612 -0.0028689466180185793 0.001644308197679664 -0.0035776662423723893 -0.0095565165047929966 0.021158399354921888 -0.0015878433294524074 -0.0040114446839269527 0.0025629118977210769
leaf_weight=14145.235382662911 33.123216793639585 416.85018394398503 1832.2983075601514 281.94802164181601 36.756326207541861 29.816056856419891 76.885866348515265 121.71042088564718 27.461046725395136 16.062016039039008 97.055217181099579 62.222021294757724 81.807757457718253 1434.2194175412878 264.01336263632402 16.835912145674229 52.520158496685326 296.21585130563471 43.407134799286723 1137.7479902334744 26.06616911967285 139.72913735057227 568.24239524669247 3549.3825575588271 138.05355797498487 26.481598425307311 55.736135768238455 26261.35758162319 633.30801053205505 202.66324987262487 29.907596429577097 18.11570743448101 46.107529127155431 24.263961408054456 363.76018546789419 872.99894880293868 16.475284352782182 343.79486600146629 45.861035886802711 43.811899586580694 368.68602074752562 88.028487059636973 5267.1999365482479 23.381454670685343 21.585147907375358 45.423327098134905 39.102885428001173 145.65748458565213 37.001819659024477 230.96533063077368 164.80418764275964 185.87700297997799 174.31909483461641 141.95312694087625 19.516049660625868 21.693192703882232 1224.1753895631991 147.66706669540145 22.154897940345109 5710.6878770636395 569.62405090325046 1673.2128428814467
leaf_count=181156 360 2788 13558 2253 441 242 1101 4146 843 213 1363 949 703 31234 3311 164 1197 4896 745 13322 379 1318 6411 39152 1291 424 496 306020 8659 2518 254 282 436 311 2996 7096 330 3852 587 327 3357 1046 53753 371 285 384 613 2016 413 3602 1948 2676 1692 1193 299 213 14851 1806 154 65724 7199 24135
internal_value=7.25715e-05 0.00265136 0.00150329 -0.005298 0.00640045 0.0168441 -2.79725e-05 0.000567496 0.00114503 0.00105671 -0.000725682 0.000657005 0.00216993 0.00179592 0.000762953 -0.00733277 0.00204216 0.00892233 0.00165806 0.00248905 0.00281459 -0.00513649 -2.65408e-05 -0.000262828 0.0113429 -0.00420511 0.00728917 -0.000395214 -0.00576108 -0.0120771 -0.00373672 0.000365144 0.0104022 -0.000862428 0.00270891 0.00518732 0.00207621 0.00490998 0.00436132 0.00948264 0.0113078 0.013273 0.00128914 0.00945297 0.0275331 0.00091233 0.00484335 0.00778599 0.00154008 0.00752218 -0.00115784 0.00175725 -0.00470083 0.0108858 0.0213383 0.0289806 -0.00458633 0.000504439 -0.00215713 -0.000709453 0.00145173 0.00323625
internal_weight=70233 2630.79 2213.94 381.644 99.6956 66.5724 67602.2 25787 17756.5 17634.8 4448.5 3051.25 2329.24 2301.78 2081.92 280.849 1801.07 348.736 13186.3 8828.82 8470.37 358.454 4357.51 4314.1 219.861 722.012 1193.48 41815.3 659.79 218.725 1397.25 1452.34 76.0151 27522.4 1261.02 897.263 7276.88 1576.11 1550.04 546.387 502.576 456.715 5700.78 246.202 44.9666 5454.58 201.236 184.76 1003.65 309.176 694.476 529.672 764.716 187.376 78.2111 58.695 1321.23 14292.9 590.397 8030.41 2319.72 1750.1
internal_count=835854 19642 16854 3296 1043 683 816212 316827 218668 214522 70857 53953 43921 43078 41084 3475 37609 6093 143665 95511 91462 4049 48154 47409 1994 10032 13818 499385 9083 2731 16904 31516 690 316423 10403 7407 77644 18699 18320 5317 4990 4403 58945 3615 656 55330 2959 2629 13003 4527 8476 6528 8257 1577 925 626 16214 182962 6565 98159 32435 25236
is_linear=0
shrinkage=0.04


Tree=59
num_leaves=63
num_cat=0
split_feature=32 27 17 44 43 24 43 1 3 18 36 41 9 27 48 68 53 8 17 45 45 48 12 37 5 14 46 29 38 40 14 1 68 25 13 65 65 19 7 45 15 29 10 39 46 41 65 13 6 31 43 15 31 9 66 12 43 25 19 26 43 12
split_gain=9.92367 8.1571 15.1984 13.0844 15.6651 16.7737 11.5621 10.5302 12.7603 9.73127 17.5285 12.4979 12.2528 10.9659 15.5636 10.4739 11.3794 12.1083 10.7098 10.4714 10.1529 10.0382 11.2377 9.92525 9.89325 10.9332 10.5341 9.83266 9.70506 12.298 10.5085 9.52698 9.45587 9.4429 9.3954 9.24625 10.1271 9.20971 9.15103 8.9229 9.44715 13.797 12.1196 9.56143 9.31643 12.1374 11.1265 12.1922 11.0358 11.3007 9.89123 9.54132 9.10382 14.3966 12.398 11.9422 11.181 11.1072 10.0598 9.20974 9.01461 13.9196
threshold=50.500000000000007 17.500000000000004 83.500000000000014 2084.5000000000005 0.84859043124073252 76.500000000000014 0.82439632087416814 3.5000000000000004 4.7500000000000009 2.5000000000000004 4.5000000000000009 0.45849292674787473 1.7961093877505732 8.5000000000000018 177.50000000000003 5410.5750000000016 1.1909437804658791 7.5000000000000009 97.500000000000014 0.75729517390931556 1.528068876045509 30.500000000000004 84.500000000000014 1.4136402929796748 6.5000000000000009 0.19907407407407415 35.500000000000007 0.88265922014025133 26.500000000000004 2.5000000000000004 0.14885114885114892 4.5000000000000009 23788.750000000004 85.416666666666671 0.15192307692307697 7.5590277777777795 12.833333333333341 -7.2499999999999991 142.50000000000003 0.81125354542029504 0.51809794372294393 3.010699048465495 0.53477070782629232 1.2074686052120061 8.5000000000000018 0.60233988385223836 26.166666666666671 0.54006410256410264 120.50000000000001 2.021924947064202 0.99137938795373237 0.31857621996166896 1.8909864574531265 0.94737892434129434 0.19292803970223329 4.5000000000000009 0.37054438518448424 104.58333333333336 2.7500000000000004 99.500000000000014 1.0561554165219393 12.500000000000002
decision_type=8 10 10 2 2 8 2 10 10 10 2 2 2 10 2 2 2 2 10 2 2 2 10 2 2 10 2 2 2 2 8 8 2 10 10 10 10 10 10 2 10 2 2 2 2 2 10 8 2 2 2 8 2 2 10 8 2 8 10 10 2 8
left_child=1 9 3 4 33 -6 -5 8 -4 27 11 -11 20 14 21 16 17 -15 -17 -20 -13 22 28 -19 26 -26 -21 37 -12 -30 35 -22 -27 -3 -33 -31 -37 -1 -14 40 42 -42 43 -29 46 51 52 50 -47 -50 -48 -46 53 56 -54 -55 -44 59 -57 -58 61 -41
right_child=-2 2 7 6 5 -7 -8 -9 -10 10 13 12 38 15 -16 18 -18 23 19 24 31 -23 -24 -25 25 32 -28 39 29 30 -32 34 -34 -35 -36 36 -38 -39 -40 60 41 -43 44 -45 45 48 47 -49 49 -51 -52 -53 54 55 -56 58 57 -59 -60 -61 -62 -63
leaf_value=-0.011732786139367228 -0.011530248755428463 -0.01656146839638941 -0.0017163750615213445 0.0067054645952935102 0.016979331983063777 -0.0055528526696441358 -0.017089599904419564 0.020802692662333856 0.016604130350202254 0.0081448726666069043 -0.016539012683995064 -0.0054566025846658744 0.0016092077417210447 0.021490034730889951 -0.020304985366957577 -0.00044602491332656086 0.019898674071169461 0.0050292300785032456 -0.0098015929380211014 0.014818013417772811 -0.019988456797688754 -0.0036036727769272687 0.0085674153021621565 -0.017888698494283636 -0.0082542420566420974 0.0096949589675881243 -0.0019232617131761699 0.0075375653540500987 0.009049015164014183 -0.0023951361415406507 -0.0018690695523178771 -0.016078758354867349 -0.0034938229416456375 0.005434991549438513 0.012658575175588407 0.035340234374635952 0.0048286114024071406 0.001106140671229675 -0.012205847801679649 -0.0021266539830358893 -0.0035999732913756782 0.022952036845473374 -0.022641358492775644 0.041543648636405098 -0.0055601728382584353 0.01925409448205289 0.0032088258122642999 -0.014473665307113543 -0.0024758329810266331 0.011980093095295163 0.026239394762334591 0.01555554242109067 -0.024595359895088272 0.029749668732654829 -0.0048007612745897335 -4.1654199821367939e-05 -0.0043532100105109668 -0.016898253821815562 0.014136859516428022 0.006041561609140691 -0.00046565691535964724 0.0012660104935981612
leaf_weight=84.899171613971703 113.04239695589058 71.980564606608823 150.47364230663516 43.053298973711208 156.95262780203484 75.493570612743497 106.370006255107 102.47850563749671 96.171250795014203 120.30590606771875 54.156231277040206 1309.3656293997774 563.40864744863939 34.584656863939017 65.34001313149929 2933.1914874085924 92.124664725735784 73.846631013671868 70.833761047571898 259.28295214287937 153.98237330769189 1788.7656593353022 234.35996796819381 44.417945037595928 117.89797252044082 261.9744119765237 76.476640560198575 82.572908622445539 206.44091820006724 53.63532843044959 1836.61881138233 30.59429575316608 125.85512211848982 49.255823942716233 32.306834028102458 28.94498248398304 39.562654656358063 17012.84134210943 83.6875680454541 2225.799730658473 2640.0418286979548 26.765538649866357 48.662101009045728 11.654429159592835 40.301212718943134 42.237984929117374 64.957359278574586 25.151025681290776 681.1955454753479 94.020621470175683 52.834444388048723 162.15270169882569 58.18061262764968 18.928404773119837 275.03600222896785 948.6267062597326 735.48292692739051 89.397691108868457 82.443798401276581 162.57716918410733 18308.346948353108 14600.756708772387
leaf_count=1692 1791 1182 1047 416 1749 654 849 509 649 1162 786 11958 3934 199 632 22075 516 508 650 1897 1041 17365 3833 276 950 1743 551 1522 2569 477 20714 196 1314 538 239 227 284 224365 569 25457 64142 392 768 156 402 624 574 333 8694 941 413 2428 505 151 3420 17874 10154 1371 1223 2221 174839 185116
internal_value=5.78502e-05 7.73525e-05 0.00395536 -0.000508166 0.00368807 0.00969853 -0.0102384 0.0103039 0.00561509 2.93578e-05 -0.00108006 -0.00417508 -0.00487419 -0.000232804 -0.00164034 0.00124971 0.00918433 0.00230087 0.000732978 0.00450535 -0.00682439 -0.00132932 0.000332648 -0.00395478 0.00576044 0.00218647 0.0110326 0.000231937 -0.00055423 -0.000117234 -0.00110388 -0.0147729 0.00542505 -0.00776346 -0.00147362 0.010023 0.019247 0.00103898 -0.000257354 -0.000100819 -0.00148096 -0.00329103 -0.000165274 0.013625 -0.000546505 0.00267845 -0.00183291 0.00882521 0.000482574 -0.000657035 0.0141868 0.0113195 -0.00247953 -0.00148861 -0.00856947 0.00180884 -0.00482287 -0.00383513 0.0011548 -0.0024484 0.000148525 0.000816734
internal_weight=70233.1 70120.1 852.229 503.106 353.683 232.446 149.423 349.123 246.645 69267.8 10692 2293.65 2173.35 8398.31 4307.82 4090.49 244.974 152.849 3845.51 912.321 1526.25 4242.48 2453.72 118.265 841.487 505.728 335.76 58575.9 2219.36 2165.2 1958.76 216.884 387.83 121.236 62.9011 122.143 68.5076 17097.7 647.096 41478.1 6343.22 2666.81 3676.41 94.2273 3582.19 1019.91 2562.28 142.943 817.454 775.216 117.792 202.454 2419.34 2086.12 333.217 1050 1036.12 987.458 1031.07 898.06 35134.9 16826.6
internal_count=835826 834035 7593 5388 4123 2403 1265 2205 1696 826442 96665 19099 17937 77566 46887 30679 1499 983 29180 7105 13434 46255 28890 784 6455 4007 2448 729777 25057 24271 21702 1476 3057 1720 435 988 511 226057 4503 503720 118308 64534 53774 1678 52096 13089 39007 1320 10259 9635 987 2830 37687 33762 3925 19248 14514 13746 19097 12375 385412 210573
is_linear=0
shrinkage=0.04


Tree=60
num_leaves=63
num_cat=0
split_feature=27 18 18 45 37 39 38 38 8 44 63 33 35 12 63 38 27 10 46 62 49 24 12 18 12 27 15 38 30 33 61 66 0 17 37 48 14 33 49 57 68 32 51 18 54 32 14 62 15 26 50 35 43 66 37 56 2 45 50 62 66 44
split_gain=12.2123 8.72176 9.45873 12.0261 10.5472 10.233 10.3218 9.04746 8.58732 9.87082 8.21367 7.95853 7.84553 12.8052 13.7339 14.7516 11.5089 14.4568 13.7737 25.81 16.5162 12.9573 11.0039 10.5749 10.4069 10.0743 13.1508 11.9699 12.1758 11.6287 10.6498 10.2735 13.8562 11.2799 10.5762 9.95495 11.2438 11.0146 12.4675 13.2304 9.8917 11.0622 13.7726 12.086 10.2594 11.2007 9.85462 9.77373 10.5774 9.65771 9.34974 18.2579 14.668 13.0232 9.35742 9.30776 9.22836 9.18301 9.1469 9.99361 9.23333 9.01086
threshold=12.500000000000002 -1.0000000180025095e-35 9.5000000000000018 1.5364323386044898 2.0000199804191898 1.5016313484957287 895.50000000000011 4195.5000000000009 15.500000000000002 3636.5000000000005 -0.053272834428393638 1.0741173679196792 0.54591513082078802 3.5000000000000004 0.14002956190173863 539.50000000000011 4.5000000000000009 1.139721296300541 3.5000000000000004 -0.060117344491911744 0.61597049829997952 97.500000000000014 16.500000000000004 -8.4999999999999982 49.500000000000007 -17.499999999999996 0.53334998334998363 834.50000000000011 11.500000000000002 1.1020509271843897 0.36899313501144165 0.53390804597701158 1.0000000180025095e-35 99.500000000000014 0.46206990325044522 9.5000000000000018 0.63069291819291839 0.41336196768671246 0.6748632691255666 0.44543650793650796 11915.840000000002 25.500000000000004 0.93506762089294138 -1.4999999999999998 2.5000000000000004 32.500000000000007 0.41965048840048852 0.34334283035310348 0.49746753246753256 117.50000000000001 250.50000000000003 1.695292304292259 0.84859043124073252 0.12660256410256412 0.5543818051153776 -5.0871212121212173 19.750000000000004 0.57193255661457665 16.500000000000004 0.034145352857806961 0.45119047619047625 574.50000000000011
decision_type=10 8 8 2 2 2 2 2 2 2 2 10 2 8 2 2 10 2 2 2 2 10 8 8 10 10 8 2 2 10 2 8 2 8 2 2 10 10 2 10 2 8 2 10 2 10 8 2 8 10 2 2 2 10 2 10 2 2 2 2 8 2
left_child=12 -2 3 5 11 7 -7 -3 10 -10 -4 -5 16 14 15 -14 17 21 -18 20 -20 25 23 -15 -22 27 35 30 29 31 -1 32 -29 -34 -33 -27 37 -37 39 -39 41 -25 -43 -44 45 -45 -36 -40 -49 -32 52 54 58 -53 -52 -28 -41 -54 -42 -60 -61 -59
right_child=1 2 8 4 -6 6 -8 -9 9 -11 -12 -13 13 22 -16 -17 18 -19 19 -21 24 -23 -24 40 -26 26 55 28 -30 -31 49 34 33 -35 46 36 -38 38 47 56 50 42 43 44 -46 -47 -48 48 -50 -51 51 53 57 -55 -56 -57 -58 61 59 60 -62 -63
leaf_value=0.020533526027855364 -0.0082656232928549865 0.0061708706881285769 0.0073950911072970362 0.016129666240444665 -0.016234349785267704 -0.00042698265442827477 0.023974252938869626 -0.0047734725829529133 -0.010798636338535514 0.012870201904324566 -0.0012260566805352361 -0.0078106529764688524 0.019766998633917617 -0.012445497559405907 -0.0036451250990959705 0.0034111918208073696 -0.0026629083466643373 -0.0023242443316539934 0.0024956229722308018 0.0020980949967189123 0.021269875495643374 -0.013401280322002503 -4.3963587815701054e-05 -0.00031086287137780804 -0.0060407437166232567 0.0070906966503880087 0.0026842133986149683 -0.016079065295297863 0.030104835766495811 -0.022245262955004647 -0.0011629146386233958 0.0034413863126833361 -0.017437494539210636 0.015445315671286392 -0.0097923196255207002 0.0084929029581837876 0.018639505589387512 0.016850606856236117 -0.0052467205453172999 0.0049016736476573718 0.0050339280524465983 -0.014168713142614626 -0.017983675467503422 -0.001657735786625719 -0.0053075511493748959 0.02034071058809472 0.015504250155616994 -0.00033050836653709259 0.023407355749403176 0.023619942245137981 0.016477800166425437 0.023599824578156382 0.013017244039284394 0.0034907508487456956 -0.0051975153596696931 -0.0028150039696733624 -0.013484200291249068 -0.01155487531170611 -0.007829283730903842 0.012691894761303075 -0.0057894034925072184 -0.0050151862976537225
leaf_weight=36.10442111233715 107.66265002894215 1166.8159930077381 275.36811928090174 39.625992126762867 71.329897166229784 39.145225252956152 88.748277789913118 131.07421317580156 174.89084178814664 29.06764193426352 475.63903374562506 39.873602775856853 145.92948673933279 130.49911384901498 165.32485552155413 218.70630420546513 428.40208927617641 2509.2348834968871 145.0689075733535 1078.0610806734767 265.69799784384668 90.197144888574257 41634.506299985747 10256.880738151667 22.213501332444139 619.24995501781814 658.21067993098404 61.722548126475886 31.762120576458983 17.352222859975882 762.20788208814338 284.61513780301902 17.265346382861026 66.456614650436677 23.23317551787477 222.73041435237974 51.204557749442756 106.69323593634181 771.34582377766492 152.00050328020006 339.37777990137693 205.73538702575024 51.576976421172731 70.834117967984639 141.08634402765892 71.036577733932063 341.09632587159285 118.50987093220465 35.168184020556509 21.012975767254829 28.697490797378123 54.477718280628324 33.46194927993929 407.53559254074935 650.92301320901606 1912.5489191251108 55.516687788534909 473.22175988205709 301.3655758916866 89.290248710196465 75.804006334976293 1203.5951493908651
leaf_count=792 1321 7565 2839 218 420 224 496 808 1896 262 3465 221 1312 1809 1141 1984 4616 27192 1563 8272 2504 951 500488 109553 323 8584 14310 595 770 406 18813 6318 259 897 341 2537 731 1172 8037 1961 5441 2773 749 781 1383 847 7777 995 302 290 283 406 621 3888 7290 27263 662 5865 4718 790 1142 13836
internal_value=-2.36056e-05 0.00264315 0.00312246 0.00502046 -0.0055821 0.00615766 0.0167705 0.00505152 -2.08979e-05 -0.00719817 0.00196302 0.00437056 -0.000127825 -0.000316658 0.00584281 0.0101357 0.000854572 0.000249396 0.00364428 0.00543534 0.0136258 0.00125068 -0.000375235 -0.00132052 0.0190956 0.00146863 0.00052083 0.00413981 0.00746991 0.00640536 0.000686921 0.00716642 -0.00237575 0.0080636 0.00930686 0.00283981 0.00108256 0.000406198 -0.00107553 0.00575058 -0.00121581 -0.000606156 -0.00615796 -0.00109532 0.00224188 0.00967467 0.0137804 -0.00341266 0.00566814 -0.000352404 -0.00301216 -8.88403e-06 -0.00437211 0.00608917 -0.0041686 -0.00140452 -0.000218589 -0.00646335 7.87641e-05 -0.00354157 0.00428536 -0.00688965
internal_weight=70294 2639.24 2531.58 1576.61 150.829 1425.78 127.894 1297.89 954.966 203.958 751.007 79.4996 67654.7 56749.9 529.961 364.636 10904.9 8965.44 1939.44 1511.04 432.98 6456.2 56219.9 14585.4 287.911 6366.01 4703.18 1662.83 843.503 811.741 819.325 794.389 145.445 83.722 648.945 2132.42 1513.17 1461.96 1239.23 314.21 14454.9 10797.2 540.269 334.534 282.957 141.871 364.33 925.024 153.678 783.221 3657.75 1141.63 2516.12 462.013 679.621 2570.76 207.517 1710.28 805.838 466.46 165.094 1676.82
internal_count=836068 19735 18414 9952 859 9093 720 8373 8462 2158 6304 439 816333 667100 4437 3296 149233 131955 17278 12662 4390 104763 662663 162175 2827 103812 66554 37258 17363 16593 19895 16187 1751 1156 14436 24981 16397 15666 13129 3795 160366 116086 6533 3760 3011 1628 8118 9334 1297 19103 44280 11867 32413 4294 7573 41573 2623 20322 12091 6650 1932 19701
is_linear=0
shrinkage=0.04


Tree=61
num_leaves=63
num_cat=0
split_feature=12 29 66 13 44 15 12 59 44 61 1 59 8 43 44 50 47 1 19 43 58 57 44 47 62 33 19 60 67 43 39 64 38 43 4 57 23 64 15 44 61 43 35 46 19 59 38 13 43 6 44 66 50 12 53 64 46 39 40 36 46 63
split_gain=11.7433 12.2621 9.29679 14.1214 12.0942 12.4222 12.0137 12.1403 11.2476 14.3729 10.3922 12.9946 10.3305 14.6675 11.8949 10.0389 10.0306 13.1297 12.7821 10.7801 16.281 15.717 10.7887 9.95206 10.0393 9.90307 9.58154 10.246 10.2863 12.4355 12.3253 11.5121 10.1527 10.0363 10.6388 17.9676 11.8119 11.906 10.8828 12.1047 9.70607 12.815 9.54556 9.46481 9.44372 17.786 19.8582 9.30979 9.25249 9.23913 12.5969 12.024 9.22674 9.88125 9.17974 9.98714 9.15578 14.8167 11.0014 9.32345 9.56685 9.04759
threshold=4.5000000000000009 0.63160467779078611 0.20185185185185187 0.35504201680672276 261.50000000000006 0.41667388167388181 72.500000000000014 2.1846590909090913 4451.5000000000009 0.91485507246376818 1.5000000000000002 0.70185185185185184 15.500000000000002 0.3599471144374628 4072.5000000000005 2764.5000000000005 1.8038624160340155 5.5000000000000009 0.75000000000000011 1.2720771550121512 -0.31009615384616035 0.45080645161290328 4530.5000000000009 2.1266011031240843 -0.55763139007557405 0.66385561271843774 -4.7499999999999991 -0.47436860360760191 0.50862068965517249 1.1358480231290711 1.3644507020328869 0.10172413793103451 1876.5000000000002 1.0769638171622573 8.5000000000000018 0.28679653679653688 120.50000000000001 0.18301435406698566 0.29324703074703079 1105.5000000000002 0.94590643274853814 1.3415999141495616 0.18583946647635985 10.500000000000002 2.2500000000000004 3.1846590909090913 1239.5000000000002 0.14495798319327732 0.9718239801833739 154.50000000000003 36.500000000000007 0.37715517241379315 619.50000000000011 188.50000000000003 0.74085865290326536 0.29520697167755999 13.500000000000002 0.60921230367267831 45.500000000000007 28.500000000000004 22.500000000000004 0.65332412418521491
decision_type=8 2 8 8 2 8 10 2 2 2 10 2 2 2 2 2 2 8 10 2 2 8 2 2 2 10 10 2 8 2 2 8 2 2 2 10 10 10 8 2 2 2 2 2 10 2 2 8 2 2 2 10 2 10 2 8 2 2 2 2 2 2
left_child=1 -1 4 6 5 10 16 -8 12 15 11 -2 13 -6 26 -10 42 18 -18 20 -20 -22 -21 24 54 -11 -15 40 30 33 -29 32 -31 34 36 -36 52 -38 47 -40 41 -28 -4 -25 -26 -46 -47 -37 -41 61 -51 -52 53 -30 -5 -56 57 -3 -59 -58 -61 -44
right_child=2 56 3 23 8 -7 7 -9 9 25 -12 -13 -14 14 -16 -17 17 -19 19 22 21 -23 -24 43 44 -27 27 28 29 31 -32 -33 -34 -35 35 38 37 -39 39 48 -42 -43 49 -45 45 46 -48 -49 -50 50 51 -53 -54 -55 55 -57 59 58 -60 60 -62 -63
leaf_value=-0.007799485174181579 0.00037587994820314287 0.031435008620278537 0.017559452985508813 0.017630519631548852 0.014050931615756402 -0.005657204048599599 0.0020760578056001882 -0.016606056051827276 -0.0019061516113049585 0.020566855296052594 0.0041312718169047276 -0.014329530708957339 -0.00010340786079666533 -0.0094788325540421554 0.011278108722221151 -0.015383549771326261 0.0015785488223211367 0.0061329028879128561 -0.013314507508201604 -0.017038280384812123 -0.0074358566937074797 0.025237039016412322 0.0066375263646861202 -0.0093819344784810948 0.00010141918966116833 0.0018276387964788923 0.036341272884271379 -0.0021823250696586145 -0.0018800929386441954 -0.013108918536060304 0.0053710751108881688 0.0018282584384402938 0.0025850780555180613 0.01258560927618739 0.002785757389062686 -0.013702059971585663 -0.0084523848285317591 0.01420908564639169 0.021759051302031041 0.0120808252827513 0.004308810113056635 0.00041255029733107282 -0.0013335522531085177 -0.0013676172569019799 0.0019234836417371967 0.0062395535095245615 0.056738746054938075 0.0097466114851463836 -0.0085031797954057981 0.01095382208130047 -0.0019331191966253213 -0.0070190071440481882 -0.016318040410824353 0.018337987924083185 0.012239645346731389 -0.012075423601155188 -0.0011107344116598316 0.0082803049070568208 -0.017371434758179191 -0.0027789680467601684 0.020418271344981514 -0.010736200556102669
leaf_weight=124.47385567054152 345.25188932707533 38.494703254662454 35.151826916378923 17.321239931625314 168.43833894282579 878.15050531469751 2101.5827412442304 52.202310499618761 1752.8763856007718 67.381219207076356 616.45015697903 128.12292196205817 3403.0271924088011 109.82533249864355 222.98997858201619 88.317433509975672 842.92219339625444 584.01871350547299 69.850734400562942 176.35807646904141 37.543632121756673 50.950489779934287 34.292510750936344 306.96420876821503 30175.117311798851 122.74987523816526 39.027811674866825 1550.9570200392045 563.82107469625771 160.401477686828 439.3945724023506 2194.3605266154045 107.33073758147657 239.53956437809393 920.95990273635834 39.626205499749631 44.862022126093507 152.27205809904262 207.49765648436733 153.65952777443454 120.6873990460299 25.029617995023727 11518.451941781794 974.86956971453037 3460.0763220577501 37.088229615823366 14.955429252935572 63.962218162836507 40.920299198711291 83.729087413055822 1560.2907958179712 1425.5570244116243 60.564408957958221 36.502251255325973 26.522255431627855 227.04553150583524 435.05534934799653 475.30604074639268 23.730497211567126 44.606835004175082 68.604720841045491 161.22463452164084
leaf_count=1263 2669 473 415 637 1382 8604 21590 1129 12462 509 4313 1249 30509 1226 1448 551 6156 4666 578 1246 295 396 222 3770 455779 858 383 10603 3182 1075 2546 13942 675 1586 7700 277 245 854 1876 1309 977 196 107489 9212 57457 1017 378 500 327 809 11889 13239 328 249 565 10786 3271 4224 184 382 562 1133
internal_value=-2.08527e-05 0.00387704 -8.94596e-05 -0.000334693 0.000788973 -0.00213116 -0.00122191 0.00158584 0.0012284 -0.00150477 0.000722895 -0.00371244 0.00173058 0.00254461 0.0022768 -0.00259254 -0.00158701 0.0012331 -0.0011436 -0.00729995 0.000606543 0.0117192 -0.0131195 0.000137072 0.00026788 0.00882553 0.00199319 0.00217561 0.00192466 0.00289425 -0.000505539 0.000868694 -0.00688533 0.00486435 0.00402908 0.00614001 0.000504029 0.00897048 0.012162 0.0151077 0.011352 0.0233489 -0.00192988 -0.00331582 0.000330068 0.00229161 0.0244525 0.00055878 0.00764741 -0.00198226 -0.00393389 -0.00436899 -0.0020698 -0.000509428 -0.00733154 -0.00934466 0.00524523 0.00893082 0.00690027 0.00158376 0.0115473 -0.00146788
internal_weight=70249.3 1210.27 69039 53974.1 15065 1967.98 18734.1 2153.79 13097 2031.32 1089.82 473.375 11065.7 7662.63 7494.19 1841.19 16580.3 1795.94 1211.92 368.995 158.345 88.4941 210.651 35240 33958.1 190.131 7271.2 7161.38 6976.63 4986.28 1990.35 2462.09 267.732 2524.19 2284.65 1426.63 858.022 197.134 505.666 402.077 184.745 64.0574 14784.4 1281.83 33687.2 3512.12 52.0437 103.588 194.58 14749.3 3069.58 2985.85 660.888 600.323 270.889 253.568 1085.8 537.531 499.037 548.267 113.212 11679.7
internal_count=835822 10359 825463 710853 114610 16835 171252 22719 97775 14380 8231 3918 83395 52886 51504 13013 148533 13559 8893 2737 1269 691 1468 539601 526619 1367 50056 48830 47274 34125 13149 15692 1750 18433 16847 11989 4858 1099 4289 3512 1556 579 134974 12982 514631 58852 1395 777 1636 134559 25937 25128 3759 3431 11988 11351 9096 4881 4408 4215 944 108622
is_linear=0
shrinkage=0.04


Tree=62
num_leaves=63
num_cat=0
split_feature=19 47 26 7 7 37 27 64 25 62 27 17 48 6 14 18 25 12 43 35 38 28 31 60 14 33 68 29 39 10 56 45 5 51 14 25 2 45 38 63 62 49 57 14 18 26 26 26 7 25 23 17 26 38 7 21 40 47 14 52 12 14
split_gain=11.0875 15.8718 11.3281 21.5273 18.894 16.6145 12.9612 11.269 11.9842 11.3672 10.6683 13.7921 10.7441 9.95569 11.6055 9.81397 13.8846 13.1112 11.662 10.0456 9.81387 9.92 11.4397 9.55279 13.5631 9.80193 14.2158 9.25354 9.19135 10.3444 15.5947 10.0362 10.0757 9.06083 8.98859 10.6656 9.67075 11.1158 9.35047 8.90775 12.6018 14.7242 11.4359 13.4046 8.88502 8.70077 8.64049 8.60013 16.8214 17.5379 12.872 12.7023 11.75 14.0215 10.8157 13.8465 11.7172 11.1481 10.7461 10.5597 14.5872 10.4619
threshold=-4.7499999999999991 1.6238110812848712 127.50000000000001 130.50000000000003 122.50000000000001 0.41475704581829792 14.500000000000002 0.39736842105263165 110.16666666666667 -0.16625080547270335 -13.499999999999998 124.50000000000001 36.500000000000007 160.50000000000003 0.63334018922254232 -1.4999999999999998 122.83333333333336 76.500000000000014 1.5192067662575381 1.4138508685539606 21.500000000000004 7.5000000000000009 1.8351915730624329 -0.13329288797543745 0.63069291819291839 1.3989176208199521 7380.1950000000006 1.5166947750644966 0.72999548415946991 1.2494756770920921 10.789473684210526 1.3710686617591203 7.5000000000000009 1.3095134328614579 0.75514346764346774 84.833333333333357 23.250000000000004 0.93163329235201675 1144.5000000000002 -0.27026972884823969 -0.43755463998361194 1.3368967141309502 0.28452380952380957 0.36113199665831258 -1.0000000180025095e-35 126.50000000000001 90.500000000000014 101.50000000000001 91.500000000000014 78.833333333333357 58.500000000000007 92.500000000000014 98.500000000000014 2035.5000000000002 102.50000000000001 -19.499999999999996 1.0000000180025095e-35 1.1142323059624697 0.77086640211640234 21.500000000000004 16.500000000000004 0.74623293373293398
decision_type=8 2 10 10 10 2 10 10 8 2 10 8 2 2 8 8 10 10 2 2 2 2 2 2 10 10 2 2 2 2 8 2 2 2 8 8 2 2 2 2 2 2 10 10 8 8 8 10 10 8 8 8 10 2 8 10 2 2 10 2 8 10
left_child=1 7 4 10 13 -5 39 -1 9 -9 11 12 -4 20 45 -13 17 18 -17 -18 -2 47 -23 -11 25 26 -25 -26 -12 30 31 32 -30 -31 -16 -36 37 38 -37 40 -7 -42 -43 -44 -28 -15 -3 48 -22 52 -51 -52 53 61 55 -49 57 -56 -55 60 -53 -50
right_child=2 46 3 5 -6 6 -8 8 -10 23 28 15 -14 14 34 16 19 -19 -20 -21 21 22 -24 24 27 -27 44 -29 29 33 -32 -33 -34 -35 35 36 -38 -39 -40 -41 41 42 43 -45 -46 -47 -48 54 49 50 51 59 -54 58 56 -57 -58 -59 -60 -61 -62 -63
leaf_value=-0.010886618523263796 -0.0035943796652111526 0.027837140506313168 0.039893665300512783 0.023890949573188075 -0.004937445050763746 -0.012620144088406495 0.011810008756734831 -0.0099047669856230664 -0.011286976174525764 -0.0033021264671915362 -0.0061407223662945896 -0.0013623114681492561 0.0015572005731692279 -0.0023521972965500878 0.0064578124713571983 0.033917210258521513 0.021605273617472984 -0.0011744961256983466 0.0060842358858955326 -0.0014450800355390134 0.00051010623720621081 -0.00075499879802307633 -0.0075228213015261806 0.04443095152603644 -0.0095294446725811902 0.0012526366729484085 0.022777053079478488 0.024122358750822179 0.024210666353150261 -0.0013072835835727895 -0.008634476855457842 0.0012335751448599543 0.0087748173602328599 0.0057558917827475872 -0.011177549900536064 -0.018664892025083975 0.016987635260290908 0.0035567490984406819 0.011575225533728487 -0.002092882059386863 0.015974940440908747 -0.019760678585205301 0.020190083360713432 -0.011329819646115768 -0.0091619889606735644 0.012163625329302555 0.0034014736258777397 -0.0076055316352109346 0.0057032559657846657 0.024262618107664839 -0.0087491075016006992 -0.0096566478187878751 -0.010633486096769394 0.010303557300417265 0.0037626450307597526 0.0051758457220189335 0.00058784361142677824 0.024527949414194769 0.038958048054565993 0.012509195290618303 -0.0011945879146153984 -0.0088267878057300148
leaf_weight=394.2277678863029 1001.9366879619192 23.116834482294507 35.139351665391587 39.777849035337567 1183.2081137466012 50.408919573877938 122.32470358582214 101.82637597213034 159.55779436870944 126.87499922444113 143.64842466008849 138.24445099977311 17.09828825504519 5016.1025874977349 479.90724372235127 82.630250519607216 33.20185631304048 36.473704704316333 36.717376596992835 142.79940717876889 41115.291416457389 2257.1773446154548 480.96307925041765 33.379422688740306 60.57000086712651 37.244358429685235 30.074177494039759 11.387758539756758 131.04026665189303 572.15939102636185 61.961902420269325 96.588749795220792 152.86241699615493 582.35774270829279 122.3266586009413 70.426911036251113 54.439286298351362 275.99023065320216 17.214549730299041 2392.7009591844399 159.82885058189277 36.177673596888781 42.401748033007607 35.233246401301585 19.523676138720475 62.063327203388326 142.46328590414487 141.93056212109514 322.2073584983591 20.943481776164845 692.14573215052951 411.13058560504578 76.197959998855367 94.323472959222272 129.32004235952627 1853.5236912260298 6301.4867902786937 57.475454797269776 24.496040578233078 67.803457678994164 1512.5390840203036 99.839439961360767
leaf_count=4744 17313 402 490 379 13877 928 842 3402 1913 2395 1442 1683 197 47016 7484 821 244 378 269 990 514314 29599 5305 388 1292 501 484 195 1069 4872 435 785 1579 4011 3205 1816 780 2714 395 22430 2229 402 523 548 258 472 1390 1703 5668 357 6820 5251 1126 1337 1479 19482 59332 541 535 731 19441 2753
internal_value=0.000140109 -0.00376343 0.000204806 0.00201015 5.9487e-05 -0.000285465 -0.000665603 -0.00571046 -0.00213191 0.00143059 0.00492479 0.00991767 0.0285777 0.000154081 -0.00138089 0.00756507 0.0112494 0.0197566 0.0259433 0.00337997 0.000319399 0.000390169 -0.00195533 0.00514528 0.0106645 0.0186258 0.0259094 -0.0029826 0.00340247 0.00427738 0.00944451 0.0124624 0.0161952 0.00226496 0.00250334 -0.00103549 0.00202909 -0.000410396 -0.012421 -0.00124799 0.00492743 0.00832841 -0.0026301 0.00606535 0.0105169 -0.002163 0.00752892 0.000511699 0.000288805 -0.00244712 -0.00383475 -0.00409874 0.00361671 0.00570331 0.00167834 0.00425001 0.000884764 0.0106248 0.0175456 -0.00246462 -0.00302346 0.00220292
internal_weight=70224.4 1140.25 69084.2 5141.78 63942.4 2878.85 2839.08 974.666 580.439 420.881 2262.92 522.305 52.2376 62759.2 6098.47 470.067 331.823 155.821 119.348 176.001 56660.7 55658.8 2738.14 319.054 192.179 120.222 82.9773 71.9578 1740.62 1596.97 442.453 380.491 283.903 1154.52 1020.3 540.398 418.071 363.632 87.6415 2716.75 324.05 273.642 113.813 77.635 49.5979 5078.17 165.58 52920.7 44436.9 3321.63 2704.56 2683.62 617.064 540.866 8483.74 1995.45 6488.28 186.795 118.82 1991.47 1923.67 422.047
internal_count=835756 17364 818392 47546 770846 28281 27902 15572 10828 8915 19265 5072 687 756969 63882 4385 2702 1468 1090 1234 693087 675774 34904 5513 3118 1631 1130 1487 14193 12751 3868 3433 2648 8883 16394 8910 5705 4925 2211 27060 4630 3702 1473 1071 742 47488 1792 640870 558333 44019 32600 32243 11419 10293 82537 21185 61352 2020 1872 25423 24692 8421
is_linear=0
shrinkage=0.04


Tree=63
num_leaves=63
num_cat=0
split_feature=64 59 45 19 19 24 49 24 44 44 50 73 26 36 58 51 42 26 28 68 54 65 26 24 56 38 65 62 50 45 7 59 15 10 44 59 30 10 68 53 10 64 35 2 42 14 29 7 12 34 10 15 67 10 59 68 50 23 36 59 19 4
split_gain=8.94336 12.4342 11.5786 11.3927 10.6021 10.2739 10.6331 10.204 10.8017 10.5562 10.1716 10.0664 10.0162 9.97143 10.813 9.92432 9.84307 19.854 12.89 12.8001 11.8354 18.0172 14.8399 12.1357 11.4307 16.5702 12.6524 12.2187 11.2567 9.61917 11.24 10.6568 9.77341 16.2392 16.2091 9.60118 9.72773 10.964 9.51681 11.9556 11.0905 9.41622 11.9219 10.6832 9.85149 9.35836 9.35666 9.34136 9.16001 9.08863 9.20682 9.05239 17.0299 9.835 9.18547 8.99505 12.8269 9.87945 9.52623 9.41154 13.8006 8.95285
threshold=0.63245614035087727 1.0833333333333335 0.43433612939669114 -4.2499999999999991 0.75000000000000011 84.500000000000014 0.73387638547070833 125.50000000000001 86.500000000000014 1598.5000000000002 2416.5000000000005 1.0000000180025095e-35 56.500000000000007 29.500000000000004 3.1132478632478642 1.1441798536975323 18.500000000000004 46.500000000000007 5.5000000000000009 4232.0900000000011 32.500000000000007 -14.485294117647056 126.50000000000001 46.500000000000007 -6.1999999999999948 1029.5000000000002 -2.4880952380952404 -0.15730911984110976 15.500000000000002 2.1802337465884642 131.50000000000003 -0.56832298136645931 0.35667090706564397 1.4632464420802491 908.50000000000011 -0.25543478260869529 2.5000000000000004 0.49763265104290938 9111.6800000000021 1.7095147381419997 1.0666751239520897 0.37715517241379315 1.1016977112019926 17.750000000000004 55.500000000000007 0.79172077922077955 1.9445213911972918 48.500000000000007 30.500000000000004 10.500000000000002 1.3500630529237401 0.31272932949403548 0.267948717948718 1.8123932936418485 0.83333333333333337 7880.1950000000015 12.500000000000002 30.500000000000004 34.500000000000007 2.7857142857142865 0.75000000000000011 6.5000000000000009
decision_type=10 2 2 8 10 10 2 8 2 2 2 2 8 2 2 2 2 8 2 2 2 10 10 10 10 2 10 2 2 2 8 2 10 2 2 2 2 2 2 2 2 10 2 2 2 10 2 8 10 2 2 10 10 2 2 2 2 10 2 2 10 2
left_child=3 2 35 5 10 11 49 16 -9 -10 45 41 15 14 -12 55 17 24 20 -20 22 -22 51 -24 25 27 -26 -4 -28 30 32 -31 -25 34 -34 -2 37 -37 40 -40 46 42 -1 44 48 -5 -19 -6 -44 -7 -51 52 -18 -54 -53 56 59 -58 -59 60 -3 -32
right_child=1 12 7 4 47 6 -8 8 9 -11 13 -13 -14 -15 -16 -17 18 38 19 -21 21 -23 23 29 26 -27 28 -29 -30 31 61 -33 33 -35 -36 36 -38 -39 39 -41 -42 -43 43 -45 -46 -47 -48 -49 -50 50 -52 54 53 -55 -56 -57 57 58 -60 -61 -62 -63
leaf_value=-0.010488212465188584 -0.015555642677854342 0.041178696150630557 0.038027354287134336 0.00022883624518794132 -0.0082876942867842474 -0.012981169253051808 -0.013965796921052445 0.020376333363786598 -0.01358404298408902 0.00029281604994211001 -0.0030948487288541904 -0.010224654038074255 -0.0024795091084975273 0.012097113749120215 -0.017179439324115777 -0.0088351912326268302 -0.0020164140070880023 -0.00031884621725471895 0.025300337075827951 -0.005860909477066265 0.011782144536863161 -0.0035340107217300652 -0.0065207055903360204 -0.0031333954436485161 -0.0048278033475452637 0.058606256061089122 0.048272114063901292 -0.0015051025898276365 -0.0030509556640044644 0.00094007615133164467 0.0095246804700583228 0.037945339617175063 0.02493253972589821 0.033420297891507314 0.00064684264422851918 -0.015102961285612448 -0.010053968385541743 0.022642725752287297 -0.0022828389686503528 -0.016235555870647844 0.0054069591916797921 0.0064595805096383154 0.0030085768052362221 -0.0080724445729133832 -0.0097893195054015898 -0.018679212794238498 -0.015464129168101297 -0.001030789382345529 0.030204357426311796 0.030966041673476885 -0.0053432156846672093 0.0017764367798654126 0.025269457418091008 -0.0015535177459465965 0.0090119868787651037 -0.0043093027590836259 -0.021159997400315673 0.024683161538468737 -0.0035405092939892512 0.003974598537276627 -0.0032150999217974065 -0.0019843542699386489
leaf_weight=183.82472167239757 115.82177832687739 47.313040639157407 14.154371830809394 36046.677982306632 285.36851024592761 25.625908442540094 253.34677810792346 19.809789943043143 180.93173718790058 165.63819659891305 257.67613195953891 171.62842275825096 2643.0366902077803 39.689010750968009 129.12215450592339 59.923450659378432 103.8084632079117 1257.6692166908178 17.212450603256002 457.01589266641531 135.13348244188819 997.4180003288202 83.07204498257488 43.775960464263335 68.804870637133718 13.595863314229062 11.263055605930278 35.026284376857802 10.832506528939119 19.175088593736291 209.46856403059792 31.935443172696978 67.94999688398093 65.80551528732758 111.39181190449744 13.103554782224817 58.821699828025885 39.050880772003438 1615.3362773995614 99.889063128153794 606.19691542186774 251.89618576457724 36.41736548463814 65.692805130733177 22.299306047614664 36.931214819662273 63.85281087574549 12829.611259521451 41.920610077213496 20.622021035058424 17.566280524013564 9240.1501483496395 97.901586262043566 27.067598156863824 284.91932213457767 59.844438249827363 17.670046007609926 29.031428329879418 41.269684323924594 29.608613498101477 13.38114655704703 215.26944373955484
leaf_count=2311 4780 1352 1199 356021 4602 266 2337 1370 7964 3739 2082 2270 49453 406 929 1355 1106 22849 269 6571 2253 10446 1050 392 2539 712 269 1577 223 207 1452 328 685 608 1042 845 1855 1857 30546 1213 7164 3569 349 724 212 725 766 127349 488 252 218 145302 854 271 4810 2588 722 806 998 1185 528 2994
internal_value=-2.55038e-05 0.000701479 0.00112627 -0.00030563 -0.000216523 -0.00433986 -0.010345 0.0012516 -0.0053051 -0.00704195 0.000133923 -0.00182751 -0.00169369 -0.00597116 -0.00795584 0.00520087 0.0014033 -0.000375134 0.00195629 -0.00447772 0.00221811 -0.00166277 0.00263329 0.00769571 0.0134765 0.0259379 0.00396695 0.0123318 0.0271907 0.00927227 0.00794989 0.025383 0.0139752 0.0170318 0.010275 -0.0077529 0.000710089 0.0126677 -0.000977133 -0.00314023 0.000950666 0.000630782 -0.00359428 0.0041085 0.0120656 0.000206899 -0.00110616 -0.00119179 0.0185007 0.00400028 0.0155791 0.00218952 0.00997121 0.0196235 0.00199749 0.00884217 0.0132541 0.00211342 0.00897975 0.0234268 0.0318915 0.00373635
internal_weight=70255.3 19539.3 16598.3 50715.9 49625.1 1090.84 317.161 16371.5 366.38 346.57 36510.1 773.679 2941.08 426.487 386.798 298.042 16005.1 3796.62 12208.5 474.228 11734.2 1132.55 10601.7 847.844 153.677 62.7765 90.9004 49.1807 22.0956 764.772 713.661 51.1105 288.923 245.147 179.342 226.798 110.976 52.1544 3642.94 1715.23 1927.72 602.051 350.155 166.33 100.637 36083.6 1321.52 13115 78.338 63.8142 38.1883 9753.85 228.778 124.969 9525.07 238.118 178.274 87.9712 70.3011 90.3028 60.6942 424.738
internal_count=836204 331094 272107 505110 492114 12996 3073 262770 13073 11703 360163 9923 58987 3417 3011 9534 249697 69057 180640 6840 173800 12699 161101 8758 6519 3488 3031 2776 492 7708 7173 535 2727 2335 1727 9337 4557 2702 62538 31759 30779 7653 4084 1773 1049 356746 23615 131951 837 736 470 152343 2231 1125 150112 8179 5591 2526 1804 3065 1880 4446
is_linear=0
shrinkage=0.04


Tree=64
num_leaves=63
num_cat=0
split_feature=36 34 66 60 19 29 23 59 64 23 48 54 53 67 62 63 47 14 33 68 68 54 45 10 51 53 59 29 49 63 62 62 21 39 39 38 50 48 48 29 50 26 58 2 42 47 53 19 63 60 53 48 58 26 14 62 57 62 57 33 47 49
split_gain=8.44408 13.5918 11.5892 14.4011 11.5404 10.4563 10.3934 10.3113 10.0446 11.3141 10.0958 10.5582 12.1469 10.089 10.6423 10.0622 11.5376 11.2017 10.0644 10.2669 10.0118 13.6369 13.3054 9.88919 16.6312 9.76927 10.5703 10.2736 14.2045 10.0126 9.65518 9.31395 9.1146 9.30217 9.08597 9.06197 8.90118 11.0508 9.76615 8.84024 9.41847 13.0671 12.263 12.4774 11.9857 13.1921 12.4048 11.8335 11.7228 11.5143 11.4192 14.9134 12.0192 12.4983 12.1704 10.4648 10.4669 10.2237 13.5915 10.4238 10.131 9.26876
threshold=2.5000000000000004 16.500000000000004 0.45119047619047625 -0.11831198795208363 -3.7499999999999996 0.85730572996695831 59.500000000000007 0.25543478260869584 0.56904761904761914 57.500000000000007 170.50000000000003 61.500000000000007 1.0484412380259813 0.41277890466531447 -0.077446218225470584 -0.23022544640743423 1.9838107854333193 0.63640127987954087 0.8324966244303228 9836.510000000002 7366.6000000000013 32.500000000000007 1.2470987745643922 1.3500630529237401 1.2958410134176834 0.90896398607803885 -0.1846590909090908 0.88265922014025133 1.2753405971736316 0.045238979976917067 -0.55763139007557405 0.15744684998374744 4.5000000000000009 1.0299886752913194 0.94531354251172406 1190.5000000000002 116.50000000000001 2.5000000000000004 60.500000000000007 1.8806833878190916 8.5000000000000018 115.50000000000001 2.68990384615384 20.250000000000004 38.500000000000007 0.44437634741138149 0.93342128049250417 1.0000000180025095e-35 0.48815098129770124 -0.039083405190731606 0.69943208537796264 43.500000000000007 1.5092592592592526 70.500000000000014 0.35064935064935077 -0.3037166579933237 0.35805860805860812 0.017063687573805556 0.27003205128205132 1.5775695265285694 0.80801835903711028 1.3441265798097686
decision_type=2 2 10 2 8 2 10 2 10 10 2 2 2 10 2 2 2 10 10 2 2 2 2 2 2 2 2 2 2 2 2 2 10 2 2 2 2 2 2 2 2 10 2 2 2 2 2 10 2 2 2 2 2 10 8 2 8 2 10 10 2 2
left_child=1 2 4 6 5 -1 36 -8 10 -10 30 12 -12 15 -15 -11 17 23 19 -19 21 22 25 24 35 26 -5 28 -27 -28 -6 -25 33 -20 -9 -17 37 -4 -39 40 48 44 43 -43 45 46 -42 49 55 50 51 -46 53 -52 -55 56 -32 58 -44 61 -50 -59
right_child=-2 -3 3 20 8 -7 7 34 9 13 11 -13 -14 14 -16 16 -18 18 32 -21 -22 -23 -24 31 -26 27 29 -29 -30 -31 39 -33 -34 -35 -36 -37 -38 38 -40 -41 41 42 57 -45 47 -47 -48 -49 60 -51 52 -53 -54 54 -56 -57 -58 59 -60 -61 -62 -63
leaf_value=0.0097509823727526153 0.00034461695527789228 -0.0083266066479074467 0.03278287416946956 -0.014019177979603455 -0.0178958144308165 -0.012187702773292657 0.0014485596952549006 0.0019347592797919254 -0.013394545466289461 0.013744465600813511 0.0022998650777949704 -0.013518334592717342 0.02478778930186645 0.026237039202986211 0.0069704740419707914 -0.0081503455412045359 0.01552869585810554 -0.012957121676191292 0.041985334700259259 0.019611084574741235 -0.0050288547289880064 -0.014855750235909397 -0.0054689025041377883 -0.0044935277935372548 -0.018401479098698739 0.026415522097851092 -0.0042602354158452378 0.0038179283632825728 -0.0071453523522608886 0.014355410156925626 -0.021165440778412373 0.012639672014996257 -0.0020942232436721069 0.010295006593365231 -0.014725038249503939 0.00869452648981308 0.019291268086514296 -0.0058422198186681967 0.02254743328685925 -0.0066450867170005671 0.018024019948762883 0.014804302472149936 -0.024748362967906581 -4.6103676836128121e-05 0.040489332299388385 -0.0037775833995334447 -0.016394281723871432 0.0052172673231114224 -0.0050479809579749456 -0.0020222537154936022 -0.00135088150820148 0.0041254270739058945 -0.0071388096402998005 0.0036503447576322367 0.02441461254959772 0.00076035899729026181 0.016006760226680933 0.018395871550832447 0.0073507005853378658 -0.0069621830122513504 0.020756076210128552 4.429137939264422e-05
leaf_weight=38.17425845831167 54718.800336796208 361.17059466033243 12.391743669926653 85.130530620925128 44.043273055460304 194.31957895652158 1051.0905178792309 85.288649107154924 52.636220818792935 109.78362879506312 80.432070943992585 23.548136147204787 70.638799209380522 57.407708969549276 197.25697666138876 103.07079808588605 73.574511611601338 46.956284244311973 24.374077667482197 17.1702223517932 2301.4542645286419 95.036581635824405 397.40152965544257 104.14750577975065 131.45542229432613 72.506078088423237 122.66262599785114 452.93221151339822 24.826095837168396 67.698510440648533 9.1341934648808074 90.665724095888436 28.025585921597667 39.132936142734252 126.55337329563918 91.930559108732268 80.749629734142218 111.09075926663354 18.285680603468791 312.49520431365818 75.875497808447108 244.02060845633969 50.638078330084682 142.17971010133624 25.309772955602966 2411.4737916042795 16.943555955193006 661.91005176410545 29.990512914955616 2231.6600405399222 183.8367689489387 47.833756237057969 154.49406553152949 99.982484548352659 80.657799817621708 1189.1354055659613 117.91218754358124 79.551161948591471 31.011816149577498 102.94500248506665 94.417215606779791 91.943533831741661
leaf_count=393 641833 4358 800 1472 2095 2129 15452 2177 2315 1451 741 223 546 761 1551 1030 477 550 379 230 36082 1012 4090 724 937 1773 3123 9053 445 980 115 538 308 418 2025 784 2239 4870 497 1783 974 1399 330 858 267 26290 218 4193 256 22021 2069 406 1196 557 522 15547 3650 483 210 567 746 504
internal_value=0.000110745 -0.000710997 -0.000527473 -0.00207986 0.000257514 -0.00845604 0.00123355 -0.000183473 0.000466911 0.00394235 -1.2928e-06 0.00938363 0.0132722 0.00481696 0.0117352 0.00271302 0.00101905 -0.000660274 0.00858989 -0.00344906 -0.00343946 -0.000656009 0.000503267 -0.00347788 -0.00769039 0.00339304 -0.00272312 0.00645206 0.0179244 0.00255805 -0.000198812 0.00359699 0.016766 0.0246344 -0.00812777 -0.000190244 0.00910335 0.00284092 -0.00114005 -9.64704e-05 0.000157831 -0.000470874 0.00451726 0.00940641 -0.00109227 -0.0032003 0.0112243 0.000424664 0.00308741 -0.000705987 0.00423037 0.018494 0.00206277 0.00600694 0.0133297 0.00194995 0.012634 -0.000842135 -0.012836 0.00289205 0.0145809 0.00883701
internal_weight=70289.2 15570.4 15209.2 5105.1 10104.1 232.494 1485.45 1262.93 9871.6 1167.59 8704.01 174.619 151.071 1114.95 254.665 860.287 750.504 676.929 155.659 64.1265 3619.65 1318.19 1223.16 521.27 326.457 825.756 275.492 550.264 97.3322 190.361 8529.4 194.813 91.5326 63.507 211.842 195.001 222.518 141.768 129.376 8485.35 8172.86 6732.27 742.29 386.2 5989.98 2504.29 92.8191 3485.68 1440.59 2823.77 592.115 73.1435 518.971 364.477 180.64 1316.18 127.046 356.09 81.6499 274.44 124.408 171.495
internal_count=836022 194189 189831 86090 103741 2522 28060 19654 101219 12453 88766 1510 1287 10138 2312 7826 6375 5898 1885 780 58030 21948 20936 4013 2751 16846 5575 11271 2218 4103 87256 1262 1105 797 4202 1814 8406 6167 5367 85161 83378 63064 4351 2257 58713 27482 1192 31231 20314 27038 5017 673 4344 3148 1079 19312 3765 2094 540 1554 1002 987
is_linear=0
shrinkage=0.04


Tree=65
num_leaves=63
num_cat=0
split_feature=31 56 37 45 65 38 26 33 9 31 7 26 17 23 17 6 44 42 26 23 67 43 41 26 19 7 64 38 31 35 19 59 6 32 2 26 17 59 4 5 17 63 23 46 18 63 36 33 49 21 49 2 53 27 56 49 56 67 7 29 59 23
split_gain=8.92853 11.401 10.3972 9.91622 9.33282 8.78464 8.70955 13.3569 12.7262 19.5258 12.1407 12.6423 14.7084 17.4566 11.8986 11.4468 10.7805 16.633 10.6097 13.4004 19.6563 14.9015 15.8435 16.9442 13.0123 12.7225 15.1025 12.9806 14.1265 12.5988 15.2137 11.9289 11.916 11.69 11.5886 11.123 16.0322 14.2982 15.5375 15.0629 11.8487 10.8753 20.7451 17.3298 12.321 10.7569 13.7347 13.1232 15.2267 10.5361 10.7452 10.4123 11.2267 10.2667 10.0499 11.9314 10.0287 12.6803 10.0065 14.5263 11.2431 9.99028
threshold=3.6581395246774728 -0.59629629629629466 3.5905868860200756 1.1861772007657125 -2.6396103896103891 3676.5000000000005 145.50000000000003 3.3557290843846626 2.668179486095434 1.3221551615037652 135.50000000000003 126.50000000000001 126.50000000000001 122.50000000000001 109.50000000000001 160.50000000000003 434.50000000000006 8.5000000000000018 74.500000000000014 61.500000000000007 0.68857758620689669 1.8175437283551832 1.7964812927747862 71.500000000000014 -2.2499999999999996 77.500000000000014 0.12701612903225809 1706.5000000000002 0.70591439383000354 0.86666770883688204 -2.2499999999999996 1.0000000180025095e-35 118.50000000000001 43.500000000000007 19.250000000000004 101.50000000000001 117.50000000000001 2.3397435897435903 5.5000000000000009 6.5000000000000009 102.50000000000001 0.20183198498666574 57.500000000000007 4.5000000000000009 -1.0000000180025095e-35 -0.12710802220230802 8.5000000000000018 0.88235942267955714 1.2365154614084235 -10.499999999999998 0.35234058364375359 18.250000000000004 0.43578356796240375 -10.499999999999998 3.935416666666669 1.0000077027918082 -0.59629629629629466 0.56385869565217395 148.50000000000003 0.83350877192982475 -1.1999999999999995 78.500000000000014
decision_type=2 10 2 2 10 2 10 10 2 2 10 10 10 10 8 2 2 2 10 10 10 2 2 8 8 10 10 2 2 2 10 2 2 8 2 10 8 2 2 2 8 2 10 2 10 2 2 10 2 10 2 2 2 8 8 2 10 10 8 2 2 10
left_child=2 4 6 -3 -2 -5 10 8 58 -10 11 15 13 14 -13 18 17 -16 19 24 21 32 23 -23 54 26 -20 28 31 30 -29 34 -21 51 45 37 -37 39 -39 49 41 -41 -43 44 -44 47 -47 56 -49 -27 -51 52 -26 -22 -1 -56 -28 -58 60 -60 -8 -42
right_child=1 3 -4 5 -6 -7 7 -9 9 -11 -12 12 -14 -15 16 -17 -18 -19 25 20 53 22 -24 -25 33 35 27 29 -30 -31 -32 -33 -34 -35 -36 36 -38 38 -40 40 61 42 43 -45 -46 46 -48 48 -50 50 -52 -53 -54 -55 55 -57 57 -59 59 -61 -62 -63
leaf_value=0.0093961887399801446 -0.0048913773457661298 0.010057258664604796 -0.0079253831639139148 0.00083449444215591211 0.022846308273222902 -0.019805230134881325 0.020263739367706885 -0.013808275320618237 0.035354170569144271 0.0031582918753404621 -0.0045173985083362149 -0.0017931590633894351 -8.2637022460208662e-05 0.0028290020509740446 -0.0041881197704508313 -0.0016968084475716908 0.011151173526599747 0.037857305279049694 -0.0026039040054191649 0.0071842544375446786 0.017633835807637208 0.0049296557120972993 -0.0022850493220615956 0.033743229472424509 0.011396429401936721 0.0043395990582939595 -0.0020386591251910177 -0.011148629957931448 0.0026161246049519753 -0.0011520125305404542 0.0038030449739594207 0.0018331608937108854 -0.0039715715207983221 -0.011690361715214514 0.034094340131537115 0.0021418031718725724 -0.0022540853125188249 0.029311429359134923 0.0036147537410526993 -0.0060031064936658697 0.020265841297316452 0.029027714721111163 0.019369441868303444 -0.0074831241353223825 -0.0010359197750077474 0.012795346339475081 -0.0019390119582396567 0.045477790463380525 -0.00027380254225675514 0.0091700279585231973 -0.00084230058176792109 0.0063707581781878974 -0.0001898087131522828 0.00031351871261070009 -0.017159386047043375 0.01170755013787117 -0.00070349122772811327 0.037998902365105815 0.012007355828897977 -0.0044732006627000156 0.0041600030644011595 0.00033259700747688718
leaf_weight=387.79522140766494 22.898414571071044 123.94940229831263 259.2955032652244 121.65012677107006 83.029802058357745 40.083366886246949 80.280595946125686 62.929557779338211 46.72431290242821 74.865095085930079 948.42328729946166 73.403509176452644 1828.4144071484916 1249.0999425101327 18.315163872437552 6447.4791085690376 228.18183713417966 60.803066968801431 1165.3282104479149 153.25538100406993 50.593623360968195 100.58567124675028 211.16527158918325 44.945006276946515 130.01426279149018 723.41408140421845 56.883930213516578 110.33710925257765 3954.3267233173829 2598.2616117069265 2008.1583505671006 318.1127096893033 5373.7662712680758 131.09283068357036 29.960183515795507 6129.1891756377881 1689.6446369168116 35.762390568153933 529.52263271517586 1824.5246939713834 48.346473491284996 32.941670594271272 78.434865904273465 305.43867552466691 108.3532751891762 224.78159503464121 178.84643515292555 39.76694819482509 15.647496967925688 169.79146627755836 9162.1349461222999 405.40365476824809 14987.78453945223 3657.5606016769307 50.820215672079939 34.355736275669187 23.12377938022837 27.09878714941442 103.52345434390008 400.02912446763366 395.77143895265181 164.31023969303351
leaf_count=8681 287 988 1833 793 639 245 659 469 329 492 10833 784 17958 9556 227 68313 2286 713 8784 1906 941 853 1736 379 1884 10170 970 1672 46095 23654 18781 4821 56545 2206 383 61668 18886 343 9635 24160 1162 487 989 2816 1031 2200 1864 624 194 2189 96249 10749 242719 34917 1592 731 243 293 1131 3401 4025 2818
internal_value=2.72546e-05 0.00601187 -6.77498e-06 0.00175339 0.0169001 -0.00472129 2.33407e-05 0.00344663 0.00449065 0.0164382 -3.52327e-05 2.81902e-05 0.00238203 0.00513884 0.0125826 -9.93361e-05 0.0159902 0.0284538 8.00092e-05 -0.000523808 -0.0017073 -0.00314387 0.00473287 0.0146535 0.000180398 0.0005691 0.00168785 0.0022107 0.00365853 0.000713991 0.0029999 0.00812855 -0.00365602 -1.81025e-05 0.0114449 -3.843e-06 0.00119102 -0.000712701 0.00548317 -0.000992344 -0.00372697 -0.00454661 0.00052242 -0.00165797 0.00781415 0.00995831 0.00632275 0.0185292 0.0336053 -0.000293988 -0.000655316 8.42017e-05 -8.64311e-05 0.000573262 0.00668178 -0.00551235 0.00957816 0.021729 0.00293175 -0.00100028 0.0070581 0.00522577
internal_weight=70140.7 391.611 69749.1 285.683 105.928 161.733 69489.8 1164.12 1101.19 121.589 68325.7 67377.3 3458.22 1629.8 380.704 63919.1 307.3 79.1182 57471.6 25719.1 9591.87 5883.72 356.696 145.531 16127.3 31752.4 10750.6 9585.31 4868.55 4716.76 2118.5 914.222 5527.02 15654.3 596.109 21001.8 7818.83 13183 565.285 12617.7 2562.35 2349.69 525.168 492.227 186.788 566.149 403.628 162.521 55.4144 10055.3 9331.93 15523.2 15117.8 3708.15 472.971 85.176 107.106 50.2226 979.605 503.553 476.052 212.657
internal_count=834981 2952 832029 2026 926 1038 830196 10506 10037 821 819690 808857 31524 13566 4010 777333 3226 940 709020 365839 97277 61419 2968 1232 268562 343181 110578 101794 57687 44107 20453 11592 58451 257558 6771 232603 80554 152049 9978 142071 33463 29483 5323 4836 2020 6388 4064 2324 818 108608 98438 255352 244603 35858 11004 2323 1506 536 9216 4532 4684 3980
is_linear=0
shrinkage=0.04


end of trees

feature_importances:
rp_rpr_minus_or=223
or_change=164
h_last_finpct=133
rp_rpr_rank=111
days_since=104
rp_rpr_max3=104
rp_rpr_rel=100
or_rel=98
draw_pct=95
finpct3_rank=91
or_=90
h_finpct3=86
j_n=86
t_n=86
wgt_rel=77
t_ae=74
h_place_ae=73
h_finpct5=72
t_r14_ae=72
or_rank=70
h_going_ae=69
h_surface_ae=67
j_r14_ae=66
race_prize=66
rp_ts_last=65
age_rel=64
or_last=63
j_ae=63
tj_n=63
j_r30_ae=62
j_ae_rel=62
h_dist_ae=61
t_ae_rel=57
tj_r14_ae=55
t_r30_n=54
t_r30_ae=53
dist_change=49
h_ae_rel=49
h_ae=47
rp_rpr_avg3=46
tj_ae=46
h_course_ae=45
j_r30_n=45
tj_r30_ae=45
rp_rpr_last=44
h_going_n=44
h_type_n=44
class_num=43
t_r14_n=43
wgt_change=42
wgt_lb=41
h_ae_rank=39
h_type_ae=38
dist_f=36
j_r14_n=33
field=29
h_n_prior=29
h_dist_n=28
tj_r30_n=28
h_surface_n=27
age=25
h_course_n=23
class_change=22
tj_r14_n=17
going_ord=13
h_win_prior=7
h_nonfinish5=6
is_aw=5
is_handicap=4
is_ire=4
is_female=4
hg_first=2
is_jumps=1

parameters:
[boosting: gbdt]
[objective: binary]
[metric: binary_logloss]
[tree_learner: serial]
[device_type: cpu]
[data_sample_strategy: bagging]
[data: ]
[valid: ]
[num_iterations: 600]
[learning_rate: 0.04]
[num_leaves: 63]
[num_threads: 0]
[seed: 0]
[deterministic: 0]
[force_col_wise: 0]
[force_row_wise: 0]
[histogram_pool_size: -1]
[max_depth: -1]
[min_data_in_leaf: 200]
[min_sum_hessian_in_leaf: 0.001]
[bagging_fraction: 0.8]
[pos_bagging_fraction: 1]
[neg_bagging_fraction: 1]
[bagging_freq: 1]
[bagging_seed: 3]
[bagging_by_query: 0]
[feature_fraction: 0.8]
[feature_fraction_bynode: 1]
[feature_fraction_seed: 2]
[extra_trees: 0]
[extra_seed: 6]
[early_stopping_round: 0]
[early_stopping_min_delta: 0]
[first_metric_only: 0]
[max_delta_step: 0]
[lambda_l1: 0]
[lambda_l2: 5]
[linear_lambda: 0]
[min_gain_to_split: 0]
[drop_rate: 0.1]
[max_drop: 50]
[skip_drop: 0.5]
[xgboost_dart_mode: 0]
[uniform_drop: 0]
[drop_seed: 4]
[top_rate: 0.2]
[other_rate: 0.1]
[min_data_per_group: 100]
[max_cat_threshold: 32]
[cat_l2: 10]
[cat_smooth: 10]
[max_cat_to_onehot: 4]
[top_k: 20]
[monotone_constraints: ]
[monotone_constraints_method: basic]
[monotone_penalty: 0]
[feature_contri: ]
[forcedsplits_filename: ]
[refit_decay_rate: 0.9]
[cegb_tradeoff: 1]
[cegb_penalty_split: 0]
[cegb_penalty_feature_lazy: ]
[cegb_penalty_feature_coupled: ]
[path_smooth: 0]
[interaction_constraints: ]
[verbosity: -1]
[saved_feature_importance_type: 0]
[use_quantized_grad: 0]
[num_grad_quant_bins: 4]
[quant_train_renew_leaf: 0]
[stochastic_rounding: 1]
[linear_tree: 0]
[max_bin: 255]
[max_bin_by_feature: ]
[min_data_in_bin: 3]
[bin_construct_sample_cnt: 200000]
[data_random_seed: 1]
[is_enable_sparse: 1]
[enable_bundle: 1]
[use_missing: 1]
[zero_as_missing: 0]
[feature_pre_filter: 1]
[pre_partition: 0]
[two_round: 0]
[header: 0]
[label_column: ]
[weight_column: ]
[group_column: ]
[ignore_column: ]
[categorical_feature: ]
[forcedbins_filename: ]
[precise_float_parser: 0]
[parser_config_file: ]
[objective_seed: 5]
[num_class: 1]
[is_unbalance: 0]
[scale_pos_weight: 1]
[sigmoid: 1]
[boost_from_average: 1]
[reg_sqrt: 0]
[alpha: 0.9]
[fair_c: 1]
[poisson_max_delta_step: 0.7]
[tweedie_variance_power: 1.5]
[lambdarank_truncation_level: 30]
[lambdarank_norm: 1]
[label_gain: ]
[lambdarank_position_bias_regularization: 0]
[eval_at: ]
[multi_error_top_k: 1]
[auc_mu_weights: ]
[num_machines: 1]
[local_listen_port: 12400]
[time_out: 120]
[machine_list_filename: ]
[machines: ]
[gpu_platform_id: -1]
[gpu_device_id: -1]
[gpu_device_id_list: ]
[gpu_use_dp: 0]
[num_gpu: 1]

end of parameters

pandas_categorical:[]
